ISO-10303-21;
HEADER;
FILE_DESCRIPTION(('Open CASCADE Model'),'2;1');
FILE_NAME('Open CASCADE Shape Model','2026-09-28T23:27:57',('Author'),(
    'Open CASCADE'),'Open CASCADE STEP processor 7.9','Open CASCADE 7.9'
  ,'Unknown');
FILE_SCHEMA(('AUTOMOTIVE_DESIGN { 1 0 10303 214 1 1 1 1 }'));
ENDSEC;
DATA;
#1 = APPLICATION_PROTOCOL_DEFINITION('international standard',
  'automotive_design',2000,#2);
#2 = APPLICATION_CONTEXT(
  'core data for automotive mechanical design processes');
#3 = SHAPE_DEFINITION_REPRESENTATION(#4,#10);
#4 = PRODUCT_DEFINITION_SHAPE('','',#5);
#5 = PRODUCT_DEFINITION('design','',#6,#9);
#6 = PRODUCT_DEFINITION_FORMATION('','',#7);
#7 = PRODUCT('BIW_A','BIW_A','',(#8));
#8 = PRODUCT_CONTEXT('',#2,'mechanical');
#9 = PRODUCT_DEFINITION_CONTEXT('part definition',#2,'design');
#10 = SHAPE_REPRESENTATION('',(#11,#15,#19,#23,#27,#31,#35,#39,#43,#47,
    #51,#55,#59,#63,#67,#71,#75,#79,#83,#87,#91,#95,#99,#103,#107,#111,
    #115,#119,#123,#127,#131,#135,#139,#143,#147,#151,#155,#159,#163,
    #167,#171,#175,#179,#183,#187,#191,#195,#199,#203,#207,#211,#215,
    #219,#223,#227,#231,#235,#239,#243,#247,#251,#255,#259,#263,#267,
    #271,#275,#279,#283,#287,#291,#295,#299,#303,#307,#311,#315,#319,
    #323,#327),#331);
#11 = AXIS2_PLACEMENT_3D('',#12,#13,#14);
#12 = CARTESIAN_POINT('',(0.,0.,0.));
#13 = DIRECTION('',(0.,0.,1.));
#14 = DIRECTION('',(1.,0.,-0.));
#15 = AXIS2_PLACEMENT_3D('',#16,#17,#18);
#16 = CARTESIAN_POINT('',(0.,0.,0.));
#17 = DIRECTION('',(0.,0.,1.));
#18 = DIRECTION('',(1.,0.,-0.));
#19 = AXIS2_PLACEMENT_3D('',#20,#21,#22);
#20 = CARTESIAN_POINT('',(0.,0.,0.));
#21 = DIRECTION('',(0.,0.,1.));
#22 = DIRECTION('',(1.,0.,-0.));
#23 = AXIS2_PLACEMENT_3D('',#24,#25,#26);
#24 = CARTESIAN_POINT('',(0.,0.,0.));
#25 = DIRECTION('',(0.,0.,1.));
#26 = DIRECTION('',(1.,0.,-0.));
#27 = AXIS2_PLACEMENT_3D('',#28,#29,#30);
#28 = CARTESIAN_POINT('',(0.,0.,0.));
#29 = DIRECTION('',(0.,0.,1.));
#30 = DIRECTION('',(1.,0.,-0.));
#31 = AXIS2_PLACEMENT_3D('',#32,#33,#34);
#32 = CARTESIAN_POINT('',(0.,0.,0.));
#33 = DIRECTION('',(0.,0.,1.));
#34 = DIRECTION('',(1.,0.,-0.));
#35 = AXIS2_PLACEMENT_3D('',#36,#37,#38);
#36 = CARTESIAN_POINT('',(0.,0.,0.));
#37 = DIRECTION('',(0.,0.,1.));
#38 = DIRECTION('',(1.,0.,-0.));
#39 = AXIS2_PLACEMENT_3D('',#40,#41,#42);
#40 = CARTESIAN_POINT('',(0.,0.,0.));
#41 = DIRECTION('',(0.,0.,1.));
#42 = DIRECTION('',(1.,0.,-0.));
#43 = AXIS2_PLACEMENT_3D('',#44,#45,#46);
#44 = CARTESIAN_POINT('',(0.,0.,0.));
#45 = DIRECTION('',(0.,0.,1.));
#46 = DIRECTION('',(1.,0.,-0.));
#47 = AXIS2_PLACEMENT_3D('',#48,#49,#50);
#48 = CARTESIAN_POINT('',(0.,0.,0.));
#49 = DIRECTION('',(0.,0.,1.));
#50 = DIRECTION('',(1.,0.,-0.));
#51 = AXIS2_PLACEMENT_3D('',#52,#53,#54);
#52 = CARTESIAN_POINT('',(0.,0.,0.));
#53 = DIRECTION('',(0.,0.,1.));
#54 = DIRECTION('',(1.,0.,-0.));
#55 = AXIS2_PLACEMENT_3D('',#56,#57,#58);
#56 = CARTESIAN_POINT('',(0.,0.,0.));
#57 = DIRECTION('',(0.,0.,1.));
#58 = DIRECTION('',(1.,0.,-0.));
#59 = AXIS2_PLACEMENT_3D('',#60,#61,#62);
#60 = CARTESIAN_POINT('',(0.,0.,0.));
#61 = DIRECTION('',(0.,0.,1.));
#62 = DIRECTION('',(1.,0.,-0.));
#63 = AXIS2_PLACEMENT_3D('',#64,#65,#66);
#64 = CARTESIAN_POINT('',(0.,0.,0.));
#65 = DIRECTION('',(0.,0.,1.));
#66 = DIRECTION('',(1.,0.,-0.));
#67 = AXIS2_PLACEMENT_3D('',#68,#69,#70);
#68 = CARTESIAN_POINT('',(0.,0.,0.));
#69 = DIRECTION('',(0.,0.,1.));
#70 = DIRECTION('',(1.,0.,-0.));
#71 = AXIS2_PLACEMENT_3D('',#72,#73,#74);
#72 = CARTESIAN_POINT('',(0.,0.,0.));
#73 = DIRECTION('',(0.,0.,1.));
#74 = DIRECTION('',(1.,0.,-0.));
#75 = AXIS2_PLACEMENT_3D('',#76,#77,#78);
#76 = CARTESIAN_POINT('',(0.,0.,0.));
#77 = DIRECTION('',(0.,0.,1.));
#78 = DIRECTION('',(1.,0.,-0.));
#79 = AXIS2_PLACEMENT_3D('',#80,#81,#82);
#80 = CARTESIAN_POINT('',(0.,0.,0.));
#81 = DIRECTION('',(0.,0.,1.));
#82 = DIRECTION('',(1.,0.,-0.));
#83 = AXIS2_PLACEMENT_3D('',#84,#85,#86);
#84 = CARTESIAN_POINT('',(0.,0.,0.));
#85 = DIRECTION('',(0.,0.,1.));
#86 = DIRECTION('',(1.,0.,-0.));
#87 = AXIS2_PLACEMENT_3D('',#88,#89,#90);
#88 = CARTESIAN_POINT('',(0.,0.,0.));
#89 = DIRECTION('',(0.,0.,1.));
#90 = DIRECTION('',(1.,0.,-0.));
#91 = AXIS2_PLACEMENT_3D('',#92,#93,#94);
#92 = CARTESIAN_POINT('',(0.,0.,0.));
#93 = DIRECTION('',(0.,0.,1.));
#94 = DIRECTION('',(1.,0.,-0.));
#95 = AXIS2_PLACEMENT_3D('',#96,#97,#98);
#96 = CARTESIAN_POINT('',(0.,0.,0.));
#97 = DIRECTION('',(0.,0.,1.));
#98 = DIRECTION('',(1.,0.,-0.));
#99 = AXIS2_PLACEMENT_3D('',#100,#101,#102);
#100 = CARTESIAN_POINT('',(0.,0.,0.));
#101 = DIRECTION('',(0.,0.,1.));
#102 = DIRECTION('',(1.,0.,-0.));
#103 = AXIS2_PLACEMENT_3D('',#104,#105,#106);
#104 = CARTESIAN_POINT('',(0.,0.,0.));
#105 = DIRECTION('',(0.,0.,1.));
#106 = DIRECTION('',(1.,0.,-0.));
#107 = AXIS2_PLACEMENT_3D('',#108,#109,#110);
#108 = CARTESIAN_POINT('',(0.,0.,0.));
#109 = DIRECTION('',(0.,0.,1.));
#110 = DIRECTION('',(1.,0.,-0.));
#111 = AXIS2_PLACEMENT_3D('',#112,#113,#114);
#112 = CARTESIAN_POINT('',(0.,0.,0.));
#113 = DIRECTION('',(0.,0.,1.));
#114 = DIRECTION('',(1.,0.,-0.));
#115 = AXIS2_PLACEMENT_3D('',#116,#117,#118);
#116 = CARTESIAN_POINT('',(0.,0.,0.));
#117 = DIRECTION('',(0.,0.,1.));
#118 = DIRECTION('',(1.,0.,-0.));
#119 = AXIS2_PLACEMENT_3D('',#120,#121,#122);
#120 = CARTESIAN_POINT('',(0.,0.,0.));
#121 = DIRECTION('',(0.,0.,1.));
#122 = DIRECTION('',(1.,0.,-0.));
#123 = AXIS2_PLACEMENT_3D('',#124,#125,#126);
#124 = CARTESIAN_POINT('',(0.,0.,0.));
#125 = DIRECTION('',(0.,0.,1.));
#126 = DIRECTION('',(1.,0.,-0.));
#127 = AXIS2_PLACEMENT_3D('',#128,#129,#130);
#128 = CARTESIAN_POINT('',(0.,0.,0.));
#129 = DIRECTION('',(0.,0.,1.));
#130 = DIRECTION('',(1.,0.,-0.));
#131 = AXIS2_PLACEMENT_3D('',#132,#133,#134);
#132 = CARTESIAN_POINT('',(0.,0.,0.));
#133 = DIRECTION('',(0.,0.,1.));
#134 = DIRECTION('',(1.,0.,-0.));
#135 = AXIS2_PLACEMENT_3D('',#136,#137,#138);
#136 = CARTESIAN_POINT('',(0.,0.,0.));
#137 = DIRECTION('',(0.,0.,1.));
#138 = DIRECTION('',(1.,0.,-0.));
#139 = AXIS2_PLACEMENT_3D('',#140,#141,#142);
#140 = CARTESIAN_POINT('',(0.,0.,0.));
#141 = DIRECTION('',(0.,0.,1.));
#142 = DIRECTION('',(1.,0.,-0.));
#143 = AXIS2_PLACEMENT_3D('',#144,#145,#146);
#144 = CARTESIAN_POINT('',(0.,0.,0.));
#145 = DIRECTION('',(0.,0.,1.));
#146 = DIRECTION('',(1.,0.,-0.));
#147 = AXIS2_PLACEMENT_3D('',#148,#149,#150);
#148 = CARTESIAN_POINT('',(0.,0.,0.));
#149 = DIRECTION('',(0.,0.,1.));
#150 = DIRECTION('',(1.,0.,-0.));
#151 = AXIS2_PLACEMENT_3D('',#152,#153,#154);
#152 = CARTESIAN_POINT('',(0.,0.,0.));
#153 = DIRECTION('',(0.,0.,1.));
#154 = DIRECTION('',(1.,0.,-0.));
#155 = AXIS2_PLACEMENT_3D('',#156,#157,#158);
#156 = CARTESIAN_POINT('',(0.,0.,0.));
#157 = DIRECTION('',(0.,0.,1.));
#158 = DIRECTION('',(1.,0.,-0.));
#159 = AXIS2_PLACEMENT_3D('',#160,#161,#162);
#160 = CARTESIAN_POINT('',(0.,0.,0.));
#161 = DIRECTION('',(0.,0.,1.));
#162 = DIRECTION('',(1.,0.,-0.));
#163 = AXIS2_PLACEMENT_3D('',#164,#165,#166);
#164 = CARTESIAN_POINT('',(0.,0.,0.));
#165 = DIRECTION('',(0.,0.,1.));
#166 = DIRECTION('',(1.,0.,-0.));
#167 = AXIS2_PLACEMENT_3D('',#168,#169,#170);
#168 = CARTESIAN_POINT('',(0.,0.,0.));
#169 = DIRECTION('',(0.,0.,1.));
#170 = DIRECTION('',(1.,0.,-0.));
#171 = AXIS2_PLACEMENT_3D('',#172,#173,#174);
#172 = CARTESIAN_POINT('',(0.,0.,0.));
#173 = DIRECTION('',(0.,0.,1.));
#174 = DIRECTION('',(1.,0.,-0.));
#175 = AXIS2_PLACEMENT_3D('',#176,#177,#178);
#176 = CARTESIAN_POINT('',(0.,0.,0.));
#177 = DIRECTION('',(0.,0.,1.));
#178 = DIRECTION('',(1.,0.,-0.));
#179 = AXIS2_PLACEMENT_3D('',#180,#181,#182);
#180 = CARTESIAN_POINT('',(0.,0.,0.));
#181 = DIRECTION('',(0.,0.,1.));
#182 = DIRECTION('',(1.,0.,-0.));
#183 = AXIS2_PLACEMENT_3D('',#184,#185,#186);
#184 = CARTESIAN_POINT('',(0.,0.,0.));
#185 = DIRECTION('',(0.,0.,1.));
#186 = DIRECTION('',(1.,0.,-0.));
#187 = AXIS2_PLACEMENT_3D('',#188,#189,#190);
#188 = CARTESIAN_POINT('',(0.,0.,0.));
#189 = DIRECTION('',(0.,0.,1.));
#190 = DIRECTION('',(1.,0.,-0.));
#191 = AXIS2_PLACEMENT_3D('',#192,#193,#194);
#192 = CARTESIAN_POINT('',(0.,0.,0.));
#193 = DIRECTION('',(0.,0.,1.));
#194 = DIRECTION('',(1.,0.,-0.));
#195 = AXIS2_PLACEMENT_3D('',#196,#197,#198);
#196 = CARTESIAN_POINT('',(0.,0.,0.));
#197 = DIRECTION('',(0.,0.,1.));
#198 = DIRECTION('',(1.,0.,-0.));
#199 = AXIS2_PLACEMENT_3D('',#200,#201,#202);
#200 = CARTESIAN_POINT('',(0.,0.,0.));
#201 = DIRECTION('',(0.,0.,1.));
#202 = DIRECTION('',(1.,0.,-0.));
#203 = AXIS2_PLACEMENT_3D('',#204,#205,#206);
#204 = CARTESIAN_POINT('',(0.,0.,0.));
#205 = DIRECTION('',(0.,0.,1.));
#206 = DIRECTION('',(1.,0.,-0.));
#207 = AXIS2_PLACEMENT_3D('',#208,#209,#210);
#208 = CARTESIAN_POINT('',(0.,0.,0.));
#209 = DIRECTION('',(0.,0.,1.));
#210 = DIRECTION('',(1.,0.,-0.));
#211 = AXIS2_PLACEMENT_3D('',#212,#213,#214);
#212 = CARTESIAN_POINT('',(0.,0.,0.));
#213 = DIRECTION('',(0.,0.,1.));
#214 = DIRECTION('',(1.,0.,-0.));
#215 = AXIS2_PLACEMENT_3D('',#216,#217,#218);
#216 = CARTESIAN_POINT('',(0.,0.,0.));
#217 = DIRECTION('',(0.,0.,1.));
#218 = DIRECTION('',(1.,0.,-0.));
#219 = AXIS2_PLACEMENT_3D('',#220,#221,#222);
#220 = CARTESIAN_POINT('',(0.,0.,0.));
#221 = DIRECTION('',(0.,0.,1.));
#222 = DIRECTION('',(1.,0.,-0.));
#223 = AXIS2_PLACEMENT_3D('',#224,#225,#226);
#224 = CARTESIAN_POINT('',(0.,0.,0.));
#225 = DIRECTION('',(0.,0.,1.));
#226 = DIRECTION('',(1.,0.,-0.));
#227 = AXIS2_PLACEMENT_3D('',#228,#229,#230);
#228 = CARTESIAN_POINT('',(0.,0.,0.));
#229 = DIRECTION('',(0.,0.,1.));
#230 = DIRECTION('',(1.,0.,-0.));
#231 = AXIS2_PLACEMENT_3D('',#232,#233,#234);
#232 = CARTESIAN_POINT('',(0.,0.,0.));
#233 = DIRECTION('',(0.,0.,1.));
#234 = DIRECTION('',(1.,0.,-0.));
#235 = AXIS2_PLACEMENT_3D('',#236,#237,#238);
#236 = CARTESIAN_POINT('',(0.,0.,0.));
#237 = DIRECTION('',(0.,0.,1.));
#238 = DIRECTION('',(1.,0.,-0.));
#239 = AXIS2_PLACEMENT_3D('',#240,#241,#242);
#240 = CARTESIAN_POINT('',(0.,0.,0.));
#241 = DIRECTION('',(0.,0.,1.));
#242 = DIRECTION('',(1.,0.,-0.));
#243 = AXIS2_PLACEMENT_3D('',#244,#245,#246);
#244 = CARTESIAN_POINT('',(0.,0.,0.));
#245 = DIRECTION('',(0.,0.,1.));
#246 = DIRECTION('',(1.,0.,-0.));
#247 = AXIS2_PLACEMENT_3D('',#248,#249,#250);
#248 = CARTESIAN_POINT('',(0.,0.,0.));
#249 = DIRECTION('',(0.,0.,1.));
#250 = DIRECTION('',(1.,0.,-0.));
#251 = AXIS2_PLACEMENT_3D('',#252,#253,#254);
#252 = CARTESIAN_POINT('',(0.,0.,0.));
#253 = DIRECTION('',(0.,0.,1.));
#254 = DIRECTION('',(1.,0.,-0.));
#255 = AXIS2_PLACEMENT_3D('',#256,#257,#258);
#256 = CARTESIAN_POINT('',(0.,0.,0.));
#257 = DIRECTION('',(0.,0.,1.));
#258 = DIRECTION('',(1.,0.,-0.));
#259 = AXIS2_PLACEMENT_3D('',#260,#261,#262);
#260 = CARTESIAN_POINT('',(0.,0.,0.));
#261 = DIRECTION('',(0.,0.,1.));
#262 = DIRECTION('',(1.,0.,-0.));
#263 = AXIS2_PLACEMENT_3D('',#264,#265,#266);
#264 = CARTESIAN_POINT('',(0.,0.,0.));
#265 = DIRECTION('',(0.,0.,1.));
#266 = DIRECTION('',(1.,0.,-0.));
#267 = AXIS2_PLACEMENT_3D('',#268,#269,#270);
#268 = CARTESIAN_POINT('',(0.,0.,0.));
#269 = DIRECTION('',(0.,0.,1.));
#270 = DIRECTION('',(1.,0.,-0.));
#271 = AXIS2_PLACEMENT_3D('',#272,#273,#274);
#272 = CARTESIAN_POINT('',(0.,0.,0.));
#273 = DIRECTION('',(0.,0.,1.));
#274 = DIRECTION('',(1.,0.,-0.));
#275 = AXIS2_PLACEMENT_3D('',#276,#277,#278);
#276 = CARTESIAN_POINT('',(0.,0.,0.));
#277 = DIRECTION('',(0.,0.,1.));
#278 = DIRECTION('',(1.,0.,-0.));
#279 = AXIS2_PLACEMENT_3D('',#280,#281,#282);
#280 = CARTESIAN_POINT('',(0.,0.,0.));
#281 = DIRECTION('',(0.,0.,1.));
#282 = DIRECTION('',(1.,0.,-0.));
#283 = AXIS2_PLACEMENT_3D('',#284,#285,#286);
#284 = CARTESIAN_POINT('',(0.,0.,0.));
#285 = DIRECTION('',(0.,0.,1.));
#286 = DIRECTION('',(1.,0.,-0.));
#287 = AXIS2_PLACEMENT_3D('',#288,#289,#290);
#288 = CARTESIAN_POINT('',(0.,0.,0.));
#289 = DIRECTION('',(0.,0.,1.));
#290 = DIRECTION('',(1.,0.,-0.));
#291 = AXIS2_PLACEMENT_3D('',#292,#293,#294);
#292 = CARTESIAN_POINT('',(0.,0.,0.));
#293 = DIRECTION('',(0.,0.,1.));
#294 = DIRECTION('',(1.,0.,-0.));
#295 = AXIS2_PLACEMENT_3D('',#296,#297,#298);
#296 = CARTESIAN_POINT('',(0.,0.,0.));
#297 = DIRECTION('',(0.,0.,1.));
#298 = DIRECTION('',(1.,0.,-0.));
#299 = AXIS2_PLACEMENT_3D('',#300,#301,#302);
#300 = CARTESIAN_POINT('',(0.,0.,0.));
#301 = DIRECTION('',(0.,0.,1.));
#302 = DIRECTION('',(1.,0.,-0.));
#303 = AXIS2_PLACEMENT_3D('',#304,#305,#306);
#304 = CARTESIAN_POINT('',(0.,0.,0.));
#305 = DIRECTION('',(0.,0.,1.));
#306 = DIRECTION('',(1.,0.,-0.));
#307 = AXIS2_PLACEMENT_3D('',#308,#309,#310);
#308 = CARTESIAN_POINT('',(0.,0.,0.));
#309 = DIRECTION('',(0.,0.,1.));
#310 = DIRECTION('',(1.,0.,-0.));
#311 = AXIS2_PLACEMENT_3D('',#312,#313,#314);
#312 = CARTESIAN_POINT('',(0.,0.,0.));
#313 = DIRECTION('',(0.,0.,1.));
#314 = DIRECTION('',(1.,0.,-0.));
#315 = AXIS2_PLACEMENT_3D('',#316,#317,#318);
#316 = CARTESIAN_POINT('',(0.,0.,0.));
#317 = DIRECTION('',(0.,0.,1.));
#318 = DIRECTION('',(1.,0.,-0.));
#319 = AXIS2_PLACEMENT_3D('',#320,#321,#322);
#320 = CARTESIAN_POINT('',(0.,0.,0.));
#321 = DIRECTION('',(0.,0.,1.));
#322 = DIRECTION('',(1.,0.,-0.));
#323 = AXIS2_PLACEMENT_3D('',#324,#325,#326);
#324 = CARTESIAN_POINT('',(0.,0.,0.));
#325 = DIRECTION('',(0.,0.,1.));
#326 = DIRECTION('',(1.,0.,-0.));
#327 = AXIS2_PLACEMENT_3D('',#328,#329,#330);
#328 = CARTESIAN_POINT('',(0.,0.,0.));
#329 = DIRECTION('',(0.,0.,1.));
#330 = DIRECTION('',(1.,0.,-0.));
#331 = ( GEOMETRIC_REPRESENTATION_CONTEXT(3) 
GLOBAL_UNCERTAINTY_ASSIGNED_CONTEXT((#335)) GLOBAL_UNIT_ASSIGNED_CONTEXT
((#332,#333,#334)) REPRESENTATION_CONTEXT('Context #1',
  '3D Context with UNIT and UNCERTAINTY') );
#332 = ( LENGTH_UNIT() NAMED_UNIT(*) SI_UNIT(.MILLI.,.METRE.) );
#333 = ( NAMED_UNIT(*) PLANE_ANGLE_UNIT() SI_UNIT($,.RADIAN.) );
#334 = ( NAMED_UNIT(*) SI_UNIT($,.STERADIAN.) SOLID_ANGLE_UNIT() );
#335 = UNCERTAINTY_MEASURE_WITH_UNIT(LENGTH_MEASURE(1.E-07),#332,
  'distance_accuracy_value','confusion accuracy');
#336 = PRODUCT_RELATED_PRODUCT_CATEGORY('part',$,(#7));
#337 = SHAPE_DEFINITION_REPRESENTATION(#338,#344);
#338 = PRODUCT_DEFINITION_SHAPE('','',#339);
#339 = PRODUCT_DEFINITION('design','',#340,#343);
#340 = PRODUCT_DEFINITION_FORMATION('','',#341);
#341 = PRODUCT('SIDE_SILL','SIDE_SILL','',(#342));
#342 = PRODUCT_CONTEXT('',#2,'mechanical');
#343 = PRODUCT_DEFINITION_CONTEXT('part definition',#2,'design');
#344 = ADVANCED_BREP_SHAPE_REPRESENTATION('',(#11,#345),#675);
#345 = MANIFOLD_SOLID_BREP('',#346);
#346 = CLOSED_SHELL('',(#347,#467,#567,#614,#661,#668));
#347 = ADVANCED_FACE('',(#348),#362,.F.);
#348 = FACE_BOUND('',#349,.F.);
#349 = EDGE_LOOP('',(#350,#385,#413,#441));
#350 = ORIENTED_EDGE('',*,*,#351,.F.);
#351 = EDGE_CURVE('',#352,#354,#356,.T.);
#352 = VERTEX_POINT('',#353);
#353 = CARTESIAN_POINT('',(0.,-80.,300.));
#354 = VERTEX_POINT('',#355);
#355 = CARTESIAN_POINT('',(0.,-80.,550.));
#356 = SURFACE_CURVE('',#357,(#361,#373),.PCURVE_S1.);
#357 = LINE('',#358,#359);
#358 = CARTESIAN_POINT('',(0.,-80.,300.));
#359 = VECTOR('',#360,1.);
#360 = DIRECTION('',(0.,0.,1.));
#361 = PCURVE('',#362,#367);
#362 = PLANE('',#363);
#363 = AXIS2_PLACEMENT_3D('',#364,#365,#366);
#364 = CARTESIAN_POINT('',(0.,-80.,300.));
#365 = DIRECTION('',(1.,0.,0.));
#366 = DIRECTION('',(0.,0.,1.));
#367 = DEFINITIONAL_REPRESENTATION('',(#368),#372);
#368 = LINE('',#369,#370);
#369 = CARTESIAN_POINT('',(0.,0.));
#370 = VECTOR('',#371,1.);
#371 = DIRECTION('',(1.,0.));
#372 = ( GEOMETRIC_REPRESENTATION_CONTEXT(2) 
PARAMETRIC_REPRESENTATION_CONTEXT() REPRESENTATION_CONTEXT('2D SPACE',''
  ) );
#373 = PCURVE('',#374,#379);
#374 = PLANE('',#375);
#375 = AXIS2_PLACEMENT_3D('',#376,#377,#378);
#376 = CARTESIAN_POINT('',(0.,-80.,300.));
#377 = DIRECTION('',(0.,1.,0.));
#378 = DIRECTION('',(0.,0.,1.));
#379 = DEFINITIONAL_REPRESENTATION('',(#380),#384);
#380 = LINE('',#381,#382);
#381 = CARTESIAN_POINT('',(0.,0.));
#382 = VECTOR('',#383,1.);
#383 = DIRECTION('',(1.,0.));
#384 = ( GEOMETRIC_REPRESENTATION_CONTEXT(2) 
PARAMETRIC_REPRESENTATION_CONTEXT() REPRESENTATION_CONTEXT('2D SPACE',''
  ) );
#385 = ORIENTED_EDGE('',*,*,#386,.T.);
#386 = EDGE_CURVE('',#352,#387,#389,.T.);
#387 = VERTEX_POINT('',#388);
#388 = CARTESIAN_POINT('',(0.,80.,300.));
#389 = SURFACE_CURVE('',#390,(#394,#401),.PCURVE_S1.);
#390 = LINE('',#391,#392);
#391 = CARTESIAN_POINT('',(0.,-80.,300.));
#392 = VECTOR('',#393,1.);
#393 = DIRECTION('',(0.,1.,0.));
#394 = PCURVE('',#362,#395);
#395 = DEFINITIONAL_REPRESENTATION('',(#396),#400);
#396 = LINE('',#397,#398);
#397 = CARTESIAN_POINT('',(0.,0.));
#398 = VECTOR('',#399,1.);
#399 = DIRECTION('',(0.,-1.));
#400 = ( GEOMETRIC_REPRESENTATION_CONTEXT(2) 
PARAMETRIC_REPRESENTATION_CONTEXT() REPRESENTATION_CONTEXT('2D SPACE',''
  ) );
#401 = PCURVE('',#402,#407);
#402 = PLANE('',#403);
#403 = AXIS2_PLACEMENT_3D('',#404,#405,#406);
#404 = CARTESIAN_POINT('',(0.,-80.,300.));
#405 = DIRECTION('',(0.,0.,1.));
#406 = DIRECTION('',(1.,0.,0.));
#407 = DEFINITIONAL_REPRESENTATION('',(#408),#412);
#408 = LINE('',#409,#410);
#409 = CARTESIAN_POINT('',(0.,0.));
#410 = VECTOR('',#411,1.);
#411 = DIRECTION('',(0.,1.));
#412 = ( GEOMETRIC_REPRESENTATION_CONTEXT(2) 
PARAMETRIC_REPRESENTATION_CONTEXT() REPRESENTATION_CONTEXT('2D SPACE',''
  ) );
#413 = ORIENTED_EDGE('',*,*,#414,.T.);
#414 = EDGE_CURVE('',#387,#415,#417,.T.);
#415 = VERTEX_POINT('',#416);
#416 = CARTESIAN_POINT('',(0.,80.,550.));
#417 = SURFACE_CURVE('',#418,(#422,#429),.PCURVE_S1.);
#418 = LINE('',#419,#420);
#419 = CARTESIAN_POINT('',(0.,80.,300.));
#420 = VECTOR('',#421,1.);
#421 = DIRECTION('',(0.,0.,1.));
#422 = PCURVE('',#362,#423);
#423 = DEFINITIONAL_REPRESENTATION('',(#424),#428);
#424 = LINE('',#425,#426);
#425 = CARTESIAN_POINT('',(0.,-160.));
#426 = VECTOR('',#427,1.);
#427 = DIRECTION('',(1.,0.));
#428 = ( GEOMETRIC_REPRESENTATION_CONTEXT(2) 
PARAMETRIC_REPRESENTATION_CONTEXT() REPRESENTATION_CONTEXT('2D SPACE',''
  ) );
#429 = PCURVE('',#430,#435);
#430 = PLANE('',#431);
#431 = AXIS2_PLACEMENT_3D('',#432,#433,#434);
#432 = CARTESIAN_POINT('',(0.,80.,300.));
#433 = DIRECTION('',(0.,1.,0.));
#434 = DIRECTION('',(0.,0.,1.));
#435 = DEFINITIONAL_REPRESENTATION('',(#436),#440);
#436 = LINE('',#437,#438);
#437 = CARTESIAN_POINT('',(0.,0.));
#438 = VECTOR('',#439,1.);
#439 = DIRECTION('',(1.,0.));
#440 = ( GEOMETRIC_REPRESENTATION_CONTEXT(2) 
PARAMETRIC_REPRESENTATION_CONTEXT() REPRESENTATION_CONTEXT('2D SPACE',''
  ) );
#441 = ORIENTED_EDGE('',*,*,#442,.F.);
#442 = EDGE_CURVE('',#354,#415,#443,.T.);
#443 = SURFACE_CURVE('',#444,(#448,#455),.PCURVE_S1.);
#444 = LINE('',#445,#446);
#445 = CARTESIAN_POINT('',(0.,-80.,550.));
#446 = VECTOR('',#447,1.);
#447 = DIRECTION('',(0.,1.,0.));
#448 = PCURVE('',#362,#449);
#449 = DEFINITIONAL_REPRESENTATION('',(#450),#454);
#450 = LINE('',#451,#452);
#451 = CARTESIAN_POINT('',(250.,0.));
#452 = VECTOR('',#453,1.);
#453 = DIRECTION('',(0.,-1.));
#454 = ( GEOMETRIC_REPRESENTATION_CONTEXT(2) 
PARAMETRIC_REPRESENTATION_CONTEXT() REPRESENTATION_CONTEXT('2D SPACE',''
  ) );
#455 = PCURVE('',#456,#461);
#456 = PLANE('',#457);
#457 = AXIS2_PLACEMENT_3D('',#458,#459,#460);
#458 = CARTESIAN_POINT('',(0.,-80.,550.));
#459 = DIRECTION('',(0.,0.,1.));
#460 = DIRECTION('',(1.,0.,0.));
#461 = DEFINITIONAL_REPRESENTATION('',(#462),#466);
#462 = LINE('',#463,#464);
#463 = CARTESIAN_POINT('',(0.,0.));
#464 = VECTOR('',#465,1.);
#465 = DIRECTION('',(0.,1.));
#466 = ( GEOMETRIC_REPRESENTATION_CONTEXT(2) 
PARAMETRIC_REPRESENTATION_CONTEXT() REPRESENTATION_CONTEXT('2D SPACE',''
  ) );
#467 = ADVANCED_FACE('',(#468),#482,.T.);
#468 = FACE_BOUND('',#469,.T.);
#469 = EDGE_LOOP('',(#470,#500,#523,#546));
#470 = ORIENTED_EDGE('',*,*,#471,.F.);
#471 = EDGE_CURVE('',#472,#474,#476,.T.);
#472 = VERTEX_POINT('',#473);
#473 = CARTESIAN_POINT('',(2.4E+03,-80.,300.));
#474 = VERTEX_POINT('',#475);
#475 = CARTESIAN_POINT('',(2.4E+03,-80.,550.));
#476 = SURFACE_CURVE('',#477,(#481,#493),.PCURVE_S1.);
#477 = LINE('',#478,#479);
#478 = CARTESIAN_POINT('',(2.4E+03,-80.,300.));
#479 = VECTOR('',#480,1.);
#480 = DIRECTION('',(0.,0.,1.));
#481 = PCURVE('',#482,#487);
#482 = PLANE('',#483);
#483 = AXIS2_PLACEMENT_3D('',#484,#485,#486);
#484 = CARTESIAN_POINT('',(2.4E+03,-80.,300.));
#485 = DIRECTION('',(1.,0.,0.));
#486 = DIRECTION('',(0.,0.,1.));
#487 = DEFINITIONAL_REPRESENTATION('',(#488),#492);
#488 = LINE('',#489,#490);
#489 = CARTESIAN_POINT('',(0.,0.));
#490 = VECTOR('',#491,1.);
#491 = DIRECTION('',(1.,0.));
#492 = ( GEOMETRIC_REPRESENTATION_CONTEXT(2) 
PARAMETRIC_REPRESENTATION_CONTEXT() REPRESENTATION_CONTEXT('2D SPACE',''
  ) );
#493 = PCURVE('',#374,#494);
#494 = DEFINITIONAL_REPRESENTATION('',(#495),#499);
#495 = LINE('',#496,#497);
#496 = CARTESIAN_POINT('',(0.,2.4E+03));
#497 = VECTOR('',#498,1.);
#498 = DIRECTION('',(1.,0.));
#499 = ( GEOMETRIC_REPRESENTATION_CONTEXT(2) 
PARAMETRIC_REPRESENTATION_CONTEXT() REPRESENTATION_CONTEXT('2D SPACE',''
  ) );
#500 = ORIENTED_EDGE('',*,*,#501,.T.);
#501 = EDGE_CURVE('',#472,#502,#504,.T.);
#502 = VERTEX_POINT('',#503);
#503 = CARTESIAN_POINT('',(2.4E+03,80.,300.));
#504 = SURFACE_CURVE('',#505,(#509,#516),.PCURVE_S1.);
#505 = LINE('',#506,#507);
#506 = CARTESIAN_POINT('',(2.4E+03,-80.,300.));
#507 = VECTOR('',#508,1.);
#508 = DIRECTION('',(0.,1.,0.));
#509 = PCURVE('',#482,#510);
#510 = DEFINITIONAL_REPRESENTATION('',(#511),#515);
#511 = LINE('',#512,#513);
#512 = CARTESIAN_POINT('',(0.,0.));
#513 = VECTOR('',#514,1.);
#514 = DIRECTION('',(0.,-1.));
#515 = ( GEOMETRIC_REPRESENTATION_CONTEXT(2) 
PARAMETRIC_REPRESENTATION_CONTEXT() REPRESENTATION_CONTEXT('2D SPACE',''
  ) );
#516 = PCURVE('',#402,#517);
#517 = DEFINITIONAL_REPRESENTATION('',(#518),#522);
#518 = LINE('',#519,#520);
#519 = CARTESIAN_POINT('',(2.4E+03,0.));
#520 = VECTOR('',#521,1.);
#521 = DIRECTION('',(0.,1.));
#522 = ( GEOMETRIC_REPRESENTATION_CONTEXT(2) 
PARAMETRIC_REPRESENTATION_CONTEXT() REPRESENTATION_CONTEXT('2D SPACE',''
  ) );
#523 = ORIENTED_EDGE('',*,*,#524,.T.);
#524 = EDGE_CURVE('',#502,#525,#527,.T.);
#525 = VERTEX_POINT('',#526);
#526 = CARTESIAN_POINT('',(2.4E+03,80.,550.));
#527 = SURFACE_CURVE('',#528,(#532,#539),.PCURVE_S1.);
#528 = LINE('',#529,#530);
#529 = CARTESIAN_POINT('',(2.4E+03,80.,300.));
#530 = VECTOR('',#531,1.);
#531 = DIRECTION('',(0.,0.,1.));
#532 = PCURVE('',#482,#533);
#533 = DEFINITIONAL_REPRESENTATION('',(#534),#538);
#534 = LINE('',#535,#536);
#535 = CARTESIAN_POINT('',(0.,-160.));
#536 = VECTOR('',#537,1.);
#537 = DIRECTION('',(1.,0.));
#538 = ( GEOMETRIC_REPRESENTATION_CONTEXT(2) 
PARAMETRIC_REPRESENTATION_CONTEXT() REPRESENTATION_CONTEXT('2D SPACE',''
  ) );
#539 = PCURVE('',#430,#540);
#540 = DEFINITIONAL_REPRESENTATION('',(#541),#545);
#541 = LINE('',#542,#543);
#542 = CARTESIAN_POINT('',(0.,2.4E+03));
#543 = VECTOR('',#544,1.);
#544 = DIRECTION('',(1.,0.));
#545 = ( GEOMETRIC_REPRESENTATION_CONTEXT(2) 
PARAMETRIC_REPRESENTATION_CONTEXT() REPRESENTATION_CONTEXT('2D SPACE',''
  ) );
#546 = ORIENTED_EDGE('',*,*,#547,.F.);
#547 = EDGE_CURVE('',#474,#525,#548,.T.);
#548 = SURFACE_CURVE('',#549,(#553,#560),.PCURVE_S1.);
#549 = LINE('',#550,#551);
#550 = CARTESIAN_POINT('',(2.4E+03,-80.,550.));
#551 = VECTOR('',#552,1.);
#552 = DIRECTION('',(0.,1.,0.));
#553 = PCURVE('',#482,#554);
#554 = DEFINITIONAL_REPRESENTATION('',(#555),#559);
#555 = LINE('',#556,#557);
#556 = CARTESIAN_POINT('',(250.,0.));
#557 = VECTOR('',#558,1.);
#558 = DIRECTION('',(0.,-1.));
#559 = ( GEOMETRIC_REPRESENTATION_CONTEXT(2) 
PARAMETRIC_REPRESENTATION_CONTEXT() REPRESENTATION_CONTEXT('2D SPACE',''
  ) );
#560 = PCURVE('',#456,#561);
#561 = DEFINITIONAL_REPRESENTATION('',(#562),#566);
#562 = LINE('',#563,#564);
#563 = CARTESIAN_POINT('',(2.4E+03,0.));
#564 = VECTOR('',#565,1.);
#565 = DIRECTION('',(0.,1.));
#566 = ( GEOMETRIC_REPRESENTATION_CONTEXT(2) 
PARAMETRIC_REPRESENTATION_CONTEXT() REPRESENTATION_CONTEXT('2D SPACE',''
  ) );
#567 = ADVANCED_FACE('',(#568),#374,.F.);
#568 = FACE_BOUND('',#569,.F.);
#569 = EDGE_LOOP('',(#570,#591,#592,#613));
#570 = ORIENTED_EDGE('',*,*,#571,.F.);
#571 = EDGE_CURVE('',#352,#472,#572,.T.);
#572 = SURFACE_CURVE('',#573,(#577,#584),.PCURVE_S1.);
#573 = LINE('',#574,#575);
#574 = CARTESIAN_POINT('',(0.,-80.,300.));
#575 = VECTOR('',#576,1.);
#576 = DIRECTION('',(1.,0.,0.));
#577 = PCURVE('',#374,#578);
#578 = DEFINITIONAL_REPRESENTATION('',(#579),#583);
#579 = LINE('',#580,#581);
#580 = CARTESIAN_POINT('',(0.,0.));
#581 = VECTOR('',#582,1.);
#582 = DIRECTION('',(0.,1.));
#583 = ( GEOMETRIC_REPRESENTATION_CONTEXT(2) 
PARAMETRIC_REPRESENTATION_CONTEXT() REPRESENTATION_CONTEXT('2D SPACE',''
  ) );
#584 = PCURVE('',#402,#585);
#585 = DEFINITIONAL_REPRESENTATION('',(#586),#590);
#586 = LINE('',#587,#588);
#587 = CARTESIAN_POINT('',(0.,0.));
#588 = VECTOR('',#589,1.);
#589 = DIRECTION('',(1.,0.));
#590 = ( GEOMETRIC_REPRESENTATION_CONTEXT(2) 
PARAMETRIC_REPRESENTATION_CONTEXT() REPRESENTATION_CONTEXT('2D SPACE',''
  ) );
#591 = ORIENTED_EDGE('',*,*,#351,.T.);
#592 = ORIENTED_EDGE('',*,*,#593,.T.);
#593 = EDGE_CURVE('',#354,#474,#594,.T.);
#594 = SURFACE_CURVE('',#595,(#599,#606),.PCURVE_S1.);
#595 = LINE('',#596,#597);
#596 = CARTESIAN_POINT('',(0.,-80.,550.));
#597 = VECTOR('',#598,1.);
#598 = DIRECTION('',(1.,0.,0.));
#599 = PCURVE('',#374,#600);
#600 = DEFINITIONAL_REPRESENTATION('',(#601),#605);
#601 = LINE('',#602,#603);
#602 = CARTESIAN_POINT('',(250.,0.));
#603 = VECTOR('',#604,1.);
#604 = DIRECTION('',(0.,1.));
#605 = ( GEOMETRIC_REPRESENTATION_CONTEXT(2) 
PARAMETRIC_REPRESENTATION_CONTEXT() REPRESENTATION_CONTEXT('2D SPACE',''
  ) );
#606 = PCURVE('',#456,#607);
#607 = DEFINITIONAL_REPRESENTATION('',(#608),#612);
#608 = LINE('',#609,#610);
#609 = CARTESIAN_POINT('',(0.,0.));
#610 = VECTOR('',#611,1.);
#611 = DIRECTION('',(1.,0.));
#612 = ( GEOMETRIC_REPRESENTATION_CONTEXT(2) 
PARAMETRIC_REPRESENTATION_CONTEXT() REPRESENTATION_CONTEXT('2D SPACE',''
  ) );
#613 = ORIENTED_EDGE('',*,*,#471,.F.);
#614 = ADVANCED_FACE('',(#615),#430,.T.);
#615 = FACE_BOUND('',#616,.T.);
#616 = EDGE_LOOP('',(#617,#638,#639,#660));
#617 = ORIENTED_EDGE('',*,*,#618,.F.);
#618 = EDGE_CURVE('',#387,#502,#619,.T.);
#619 = SURFACE_CURVE('',#620,(#624,#631),.PCURVE_S1.);
#620 = LINE('',#621,#622);
#621 = CARTESIAN_POINT('',(0.,80.,300.));
#622 = VECTOR('',#623,1.);
#623 = DIRECTION('',(1.,0.,0.));
#624 = PCURVE('',#430,#625);
#625 = DEFINITIONAL_REPRESENTATION('',(#626),#630);
#626 = LINE('',#627,#628);
#627 = CARTESIAN_POINT('',(0.,0.));
#628 = VECTOR('',#629,1.);
#629 = DIRECTION('',(0.,1.));
#630 = ( GEOMETRIC_REPRESENTATION_CONTEXT(2) 
PARAMETRIC_REPRESENTATION_CONTEXT() REPRESENTATION_CONTEXT('2D SPACE',''
  ) );
#631 = PCURVE('',#402,#632);
#632 = DEFINITIONAL_REPRESENTATION('',(#633),#637);
#633 = LINE('',#634,#635);
#634 = CARTESIAN_POINT('',(0.,160.));
#635 = VECTOR('',#636,1.);
#636 = DIRECTION('',(1.,0.));
#637 = ( GEOMETRIC_REPRESENTATION_CONTEXT(2) 
PARAMETRIC_REPRESENTATION_CONTEXT() REPRESENTATION_CONTEXT('2D SPACE',''
  ) );
#638 = ORIENTED_EDGE('',*,*,#414,.T.);
#639 = ORIENTED_EDGE('',*,*,#640,.T.);
#640 = EDGE_CURVE('',#415,#525,#641,.T.);
#641 = SURFACE_CURVE('',#642,(#646,#653),.PCURVE_S1.);
#642 = LINE('',#643,#644);
#643 = CARTESIAN_POINT('',(0.,80.,550.));
#644 = VECTOR('',#645,1.);
#645 = DIRECTION('',(1.,0.,0.));
#646 = PCURVE('',#430,#647);
#647 = DEFINITIONAL_REPRESENTATION('',(#648),#652);
#648 = LINE('',#649,#650);
#649 = CARTESIAN_POINT('',(250.,0.));
#650 = VECTOR('',#651,1.);
#651 = DIRECTION('',(0.,1.));
#652 = ( GEOMETRIC_REPRESENTATION_CONTEXT(2) 
PARAMETRIC_REPRESENTATION_CONTEXT() REPRESENTATION_CONTEXT('2D SPACE',''
  ) );
#653 = PCURVE('',#456,#654);
#654 = DEFINITIONAL_REPRESENTATION('',(#655),#659);
#655 = LINE('',#656,#657);
#656 = CARTESIAN_POINT('',(0.,160.));
#657 = VECTOR('',#658,1.);
#658 = DIRECTION('',(1.,0.));
#659 = ( GEOMETRIC_REPRESENTATION_CONTEXT(2) 
PARAMETRIC_REPRESENTATION_CONTEXT() REPRESENTATION_CONTEXT('2D SPACE',''
  ) );
#660 = ORIENTED_EDGE('',*,*,#524,.F.);
#661 = ADVANCED_FACE('',(#662),#402,.F.);
#662 = FACE_BOUND('',#663,.F.);
#663 = EDGE_LOOP('',(#664,#665,#666,#667));
#664 = ORIENTED_EDGE('',*,*,#386,.F.);
#665 = ORIENTED_EDGE('',*,*,#571,.T.);
#666 = ORIENTED_EDGE('',*,*,#501,.T.);
#667 = ORIENTED_EDGE('',*,*,#618,.F.);
#668 = ADVANCED_FACE('',(#669),#456,.T.);
#669 = FACE_BOUND('',#670,.T.);
#670 = EDGE_LOOP('',(#671,#672,#673,#674));
#671 = ORIENTED_EDGE('',*,*,#442,.F.);
#672 = ORIENTED_EDGE('',*,*,#593,.T.);
#673 = ORIENTED_EDGE('',*,*,#547,.T.);
#674 = ORIENTED_EDGE('',*,*,#640,.F.);
#675 = ( GEOMETRIC_REPRESENTATION_CONTEXT(3) 
GLOBAL_UNCERTAINTY_ASSIGNED_CONTEXT((#679)) GLOBAL_UNIT_ASSIGNED_CONTEXT
((#676,#677,#678)) REPRESENTATION_CONTEXT('Context #1',
  '3D Context with UNIT and UNCERTAINTY') );
#676 = ( LENGTH_UNIT() NAMED_UNIT(*) SI_UNIT(.MILLI.,.METRE.) );
#677 = ( NAMED_UNIT(*) PLANE_ANGLE_UNIT() SI_UNIT($,.RADIAN.) );
#678 = ( NAMED_UNIT(*) SI_UNIT($,.STERADIAN.) SOLID_ANGLE_UNIT() );
#679 = UNCERTAINTY_MEASURE_WITH_UNIT(LENGTH_MEASURE(1.E-07),#676,
  'distance_accuracy_value','confusion accuracy');
#680 = CONTEXT_DEPENDENT_SHAPE_REPRESENTATION(#681,#683);
#681 = ( REPRESENTATION_RELATIONSHIP('','',#344,#10) 
REPRESENTATION_RELATIONSHIP_WITH_TRANSFORMATION(#682) 
SHAPE_REPRESENTATION_RELATIONSHIP() );
#682 = ITEM_DEFINED_TRANSFORMATION('','',#11,#15);
#683 = PRODUCT_DEFINITION_SHAPE('Placement','Placement of an item',#684
  );
#684 = NEXT_ASSEMBLY_USAGE_OCCURRENCE('1','SIDE_SILL','',#5,#339,$);
#685 = PRODUCT_RELATED_PRODUCT_CATEGORY('part',$,(#341));
#686 = SHAPE_DEFINITION_REPRESENTATION(#687,#693);
#687 = PRODUCT_DEFINITION_SHAPE('','',#688);
#688 = PRODUCT_DEFINITION('design','',#689,#692);
#689 = PRODUCT_DEFINITION_FORMATION('','',#690);
#690 = PRODUCT('B_PILLAR','B_PILLAR','',(#691));
#691 = PRODUCT_CONTEXT('',#2,'mechanical');
#692 = PRODUCT_DEFINITION_CONTEXT('part definition',#2,'design');
#693 = ADVANCED_BREP_SHAPE_REPRESENTATION('',(#11,#694),#1024);
#694 = MANIFOLD_SOLID_BREP('',#695);
#695 = CLOSED_SHELL('',(#696,#816,#916,#963,#1010,#1017));
#696 = ADVANCED_FACE('',(#697),#711,.F.);
#697 = FACE_BOUND('',#698,.F.);
#698 = EDGE_LOOP('',(#699,#734,#762,#790));
#699 = ORIENTED_EDGE('',*,*,#700,.F.);
#700 = EDGE_CURVE('',#701,#703,#705,.T.);
#701 = VERTEX_POINT('',#702);
#702 = CARTESIAN_POINT('',(1.12E+03,-60.,550.));
#703 = VERTEX_POINT('',#704);
#704 = CARTESIAN_POINT('',(1.12E+03,-60.,1.45E+03));
#705 = SURFACE_CURVE('',#706,(#710,#722),.PCURVE_S1.);
#706 = LINE('',#707,#708);
#707 = CARTESIAN_POINT('',(1.12E+03,-60.,550.));
#708 = VECTOR('',#709,1.);
#709 = DIRECTION('',(0.,0.,1.));
#710 = PCURVE('',#711,#716);
#711 = PLANE('',#712);
#712 = AXIS2_PLACEMENT_3D('',#713,#714,#715);
#713 = CARTESIAN_POINT('',(1.12E+03,-60.,550.));
#714 = DIRECTION('',(1.,0.,0.));
#715 = DIRECTION('',(0.,0.,1.));
#716 = DEFINITIONAL_REPRESENTATION('',(#717),#721);
#717 = LINE('',#718,#719);
#718 = CARTESIAN_POINT('',(0.,0.));
#719 = VECTOR('',#720,1.);
#720 = DIRECTION('',(1.,0.));
#721 = ( GEOMETRIC_REPRESENTATION_CONTEXT(2) 
PARAMETRIC_REPRESENTATION_CONTEXT() REPRESENTATION_CONTEXT('2D SPACE',''
  ) );
#722 = PCURVE('',#723,#728);
#723 = PLANE('',#724);
#724 = AXIS2_PLACEMENT_3D('',#725,#726,#727);
#725 = CARTESIAN_POINT('',(1.12E+03,-60.,550.));
#726 = DIRECTION('',(0.,1.,0.));
#727 = DIRECTION('',(0.,0.,1.));
#728 = DEFINITIONAL_REPRESENTATION('',(#729),#733);
#729 = LINE('',#730,#731);
#730 = CARTESIAN_POINT('',(0.,0.));
#731 = VECTOR('',#732,1.);
#732 = DIRECTION('',(1.,0.));
#733 = ( GEOMETRIC_REPRESENTATION_CONTEXT(2) 
PARAMETRIC_REPRESENTATION_CONTEXT() REPRESENTATION_CONTEXT('2D SPACE',''
  ) );
#734 = ORIENTED_EDGE('',*,*,#735,.T.);
#735 = EDGE_CURVE('',#701,#736,#738,.T.);
#736 = VERTEX_POINT('',#737);
#737 = CARTESIAN_POINT('',(1.12E+03,60.,550.));
#738 = SURFACE_CURVE('',#739,(#743,#750),.PCURVE_S1.);
#739 = LINE('',#740,#741);
#740 = CARTESIAN_POINT('',(1.12E+03,-60.,550.));
#741 = VECTOR('',#742,1.);
#742 = DIRECTION('',(0.,1.,0.));
#743 = PCURVE('',#711,#744);
#744 = DEFINITIONAL_REPRESENTATION('',(#745),#749);
#745 = LINE('',#746,#747);
#746 = CARTESIAN_POINT('',(0.,0.));
#747 = VECTOR('',#748,1.);
#748 = DIRECTION('',(0.,-1.));
#749 = ( GEOMETRIC_REPRESENTATION_CONTEXT(2) 
PARAMETRIC_REPRESENTATION_CONTEXT() REPRESENTATION_CONTEXT('2D SPACE',''
  ) );
#750 = PCURVE('',#751,#756);
#751 = PLANE('',#752);
#752 = AXIS2_PLACEMENT_3D('',#753,#754,#755);
#753 = CARTESIAN_POINT('',(1.12E+03,-60.,550.));
#754 = DIRECTION('',(0.,0.,1.));
#755 = DIRECTION('',(1.,0.,0.));
#756 = DEFINITIONAL_REPRESENTATION('',(#757),#761);
#757 = LINE('',#758,#759);
#758 = CARTESIAN_POINT('',(0.,0.));
#759 = VECTOR('',#760,1.);
#760 = DIRECTION('',(0.,1.));
#761 = ( GEOMETRIC_REPRESENTATION_CONTEXT(2) 
PARAMETRIC_REPRESENTATION_CONTEXT() REPRESENTATION_CONTEXT('2D SPACE',''
  ) );
#762 = ORIENTED_EDGE('',*,*,#763,.T.);
#763 = EDGE_CURVE('',#736,#764,#766,.T.);
#764 = VERTEX_POINT('',#765);
#765 = CARTESIAN_POINT('',(1.12E+03,60.,1.45E+03));
#766 = SURFACE_CURVE('',#767,(#771,#778),.PCURVE_S1.);
#767 = LINE('',#768,#769);
#768 = CARTESIAN_POINT('',(1.12E+03,60.,550.));
#769 = VECTOR('',#770,1.);
#770 = DIRECTION('',(0.,0.,1.));
#771 = PCURVE('',#711,#772);
#772 = DEFINITIONAL_REPRESENTATION('',(#773),#777);
#773 = LINE('',#774,#775);
#774 = CARTESIAN_POINT('',(0.,-120.));
#775 = VECTOR('',#776,1.);
#776 = DIRECTION('',(1.,0.));
#777 = ( GEOMETRIC_REPRESENTATION_CONTEXT(2) 
PARAMETRIC_REPRESENTATION_CONTEXT() REPRESENTATION_CONTEXT('2D SPACE',''
  ) );
#778 = PCURVE('',#779,#784);
#779 = PLANE('',#780);
#780 = AXIS2_PLACEMENT_3D('',#781,#782,#783);
#781 = CARTESIAN_POINT('',(1.12E+03,60.,550.));
#782 = DIRECTION('',(0.,1.,0.));
#783 = DIRECTION('',(0.,0.,1.));
#784 = DEFINITIONAL_REPRESENTATION('',(#785),#789);
#785 = LINE('',#786,#787);
#786 = CARTESIAN_POINT('',(0.,0.));
#787 = VECTOR('',#788,1.);
#788 = DIRECTION('',(1.,0.));
#789 = ( GEOMETRIC_REPRESENTATION_CONTEXT(2) 
PARAMETRIC_REPRESENTATION_CONTEXT() REPRESENTATION_CONTEXT('2D SPACE',''
  ) );
#790 = ORIENTED_EDGE('',*,*,#791,.F.);
#791 = EDGE_CURVE('',#703,#764,#792,.T.);
#792 = SURFACE_CURVE('',#793,(#797,#804),.PCURVE_S1.);
#793 = LINE('',#794,#795);
#794 = CARTESIAN_POINT('',(1.12E+03,-60.,1.45E+03));
#795 = VECTOR('',#796,1.);
#796 = DIRECTION('',(0.,1.,0.));
#797 = PCURVE('',#711,#798);
#798 = DEFINITIONAL_REPRESENTATION('',(#799),#803);
#799 = LINE('',#800,#801);
#800 = CARTESIAN_POINT('',(900.,0.));
#801 = VECTOR('',#802,1.);
#802 = DIRECTION('',(0.,-1.));
#803 = ( GEOMETRIC_REPRESENTATION_CONTEXT(2) 
PARAMETRIC_REPRESENTATION_CONTEXT() REPRESENTATION_CONTEXT('2D SPACE',''
  ) );
#804 = PCURVE('',#805,#810);
#805 = PLANE('',#806);
#806 = AXIS2_PLACEMENT_3D('',#807,#808,#809);
#807 = CARTESIAN_POINT('',(1.12E+03,-60.,1.45E+03));
#808 = DIRECTION('',(0.,0.,1.));
#809 = DIRECTION('',(1.,0.,0.));
#810 = DEFINITIONAL_REPRESENTATION('',(#811),#815);
#811 = LINE('',#812,#813);
#812 = CARTESIAN_POINT('',(0.,0.));
#813 = VECTOR('',#814,1.);
#814 = DIRECTION('',(0.,1.));
#815 = ( GEOMETRIC_REPRESENTATION_CONTEXT(2) 
PARAMETRIC_REPRESENTATION_CONTEXT() REPRESENTATION_CONTEXT('2D SPACE',''
  ) );
#816 = ADVANCED_FACE('',(#817),#831,.T.);
#817 = FACE_BOUND('',#818,.T.);
#818 = EDGE_LOOP('',(#819,#849,#872,#895));
#819 = ORIENTED_EDGE('',*,*,#820,.F.);
#820 = EDGE_CURVE('',#821,#823,#825,.T.);
#821 = VERTEX_POINT('',#822);
#822 = CARTESIAN_POINT('',(1.28E+03,-60.,550.));
#823 = VERTEX_POINT('',#824);
#824 = CARTESIAN_POINT('',(1.28E+03,-60.,1.45E+03));
#825 = SURFACE_CURVE('',#826,(#830,#842),.PCURVE_S1.);
#826 = LINE('',#827,#828);
#827 = CARTESIAN_POINT('',(1.28E+03,-60.,550.));
#828 = VECTOR('',#829,1.);
#829 = DIRECTION('',(0.,0.,1.));
#830 = PCURVE('',#831,#836);
#831 = PLANE('',#832);
#832 = AXIS2_PLACEMENT_3D('',#833,#834,#835);
#833 = CARTESIAN_POINT('',(1.28E+03,-60.,550.));
#834 = DIRECTION('',(1.,0.,0.));
#835 = DIRECTION('',(0.,0.,1.));
#836 = DEFINITIONAL_REPRESENTATION('',(#837),#841);
#837 = LINE('',#838,#839);
#838 = CARTESIAN_POINT('',(0.,0.));
#839 = VECTOR('',#840,1.);
#840 = DIRECTION('',(1.,0.));
#841 = ( GEOMETRIC_REPRESENTATION_CONTEXT(2) 
PARAMETRIC_REPRESENTATION_CONTEXT() REPRESENTATION_CONTEXT('2D SPACE',''
  ) );
#842 = PCURVE('',#723,#843);
#843 = DEFINITIONAL_REPRESENTATION('',(#844),#848);
#844 = LINE('',#845,#846);
#845 = CARTESIAN_POINT('',(0.,160.));
#846 = VECTOR('',#847,1.);
#847 = DIRECTION('',(1.,0.));
#848 = ( GEOMETRIC_REPRESENTATION_CONTEXT(2) 
PARAMETRIC_REPRESENTATION_CONTEXT() REPRESENTATION_CONTEXT('2D SPACE',''
  ) );
#849 = ORIENTED_EDGE('',*,*,#850,.T.);
#850 = EDGE_CURVE('',#821,#851,#853,.T.);
#851 = VERTEX_POINT('',#852);
#852 = CARTESIAN_POINT('',(1.28E+03,60.,550.));
#853 = SURFACE_CURVE('',#854,(#858,#865),.PCURVE_S1.);
#854 = LINE('',#855,#856);
#855 = CARTESIAN_POINT('',(1.28E+03,-60.,550.));
#856 = VECTOR('',#857,1.);
#857 = DIRECTION('',(0.,1.,0.));
#858 = PCURVE('',#831,#859);
#859 = DEFINITIONAL_REPRESENTATION('',(#860),#864);
#860 = LINE('',#861,#862);
#861 = CARTESIAN_POINT('',(0.,0.));
#862 = VECTOR('',#863,1.);
#863 = DIRECTION('',(0.,-1.));
#864 = ( GEOMETRIC_REPRESENTATION_CONTEXT(2) 
PARAMETRIC_REPRESENTATION_CONTEXT() REPRESENTATION_CONTEXT('2D SPACE',''
  ) );
#865 = PCURVE('',#751,#866);
#866 = DEFINITIONAL_REPRESENTATION('',(#867),#871);
#867 = LINE('',#868,#869);
#868 = CARTESIAN_POINT('',(160.,0.));
#869 = VECTOR('',#870,1.);
#870 = DIRECTION('',(0.,1.));
#871 = ( GEOMETRIC_REPRESENTATION_CONTEXT(2) 
PARAMETRIC_REPRESENTATION_CONTEXT() REPRESENTATION_CONTEXT('2D SPACE',''
  ) );
#872 = ORIENTED_EDGE('',*,*,#873,.T.);
#873 = EDGE_CURVE('',#851,#874,#876,.T.);
#874 = VERTEX_POINT('',#875);
#875 = CARTESIAN_POINT('',(1.28E+03,60.,1.45E+03));
#876 = SURFACE_CURVE('',#877,(#881,#888),.PCURVE_S1.);
#877 = LINE('',#878,#879);
#878 = CARTESIAN_POINT('',(1.28E+03,60.,550.));
#879 = VECTOR('',#880,1.);
#880 = DIRECTION('',(0.,0.,1.));
#881 = PCURVE('',#831,#882);
#882 = DEFINITIONAL_REPRESENTATION('',(#883),#887);
#883 = LINE('',#884,#885);
#884 = CARTESIAN_POINT('',(0.,-120.));
#885 = VECTOR('',#886,1.);
#886 = DIRECTION('',(1.,0.));
#887 = ( GEOMETRIC_REPRESENTATION_CONTEXT(2) 
PARAMETRIC_REPRESENTATION_CONTEXT() REPRESENTATION_CONTEXT('2D SPACE',''
  ) );
#888 = PCURVE('',#779,#889);
#889 = DEFINITIONAL_REPRESENTATION('',(#890),#894);
#890 = LINE('',#891,#892);
#891 = CARTESIAN_POINT('',(0.,160.));
#892 = VECTOR('',#893,1.);
#893 = DIRECTION('',(1.,0.));
#894 = ( GEOMETRIC_REPRESENTATION_CONTEXT(2) 
PARAMETRIC_REPRESENTATION_CONTEXT() REPRESENTATION_CONTEXT('2D SPACE',''
  ) );
#895 = ORIENTED_EDGE('',*,*,#896,.F.);
#896 = EDGE_CURVE('',#823,#874,#897,.T.);
#897 = SURFACE_CURVE('',#898,(#902,#909),.PCURVE_S1.);
#898 = LINE('',#899,#900);
#899 = CARTESIAN_POINT('',(1.28E+03,-60.,1.45E+03));
#900 = VECTOR('',#901,1.);
#901 = DIRECTION('',(0.,1.,0.));
#902 = PCURVE('',#831,#903);
#903 = DEFINITIONAL_REPRESENTATION('',(#904),#908);
#904 = LINE('',#905,#906);
#905 = CARTESIAN_POINT('',(900.,0.));
#906 = VECTOR('',#907,1.);
#907 = DIRECTION('',(0.,-1.));
#908 = ( GEOMETRIC_REPRESENTATION_CONTEXT(2) 
PARAMETRIC_REPRESENTATION_CONTEXT() REPRESENTATION_CONTEXT('2D SPACE',''
  ) );
#909 = PCURVE('',#805,#910);
#910 = DEFINITIONAL_REPRESENTATION('',(#911),#915);
#911 = LINE('',#912,#913);
#912 = CARTESIAN_POINT('',(160.,0.));
#913 = VECTOR('',#914,1.);
#914 = DIRECTION('',(0.,1.));
#915 = ( GEOMETRIC_REPRESENTATION_CONTEXT(2) 
PARAMETRIC_REPRESENTATION_CONTEXT() REPRESENTATION_CONTEXT('2D SPACE',''
  ) );
#916 = ADVANCED_FACE('',(#917),#723,.F.);
#917 = FACE_BOUND('',#918,.F.);
#918 = EDGE_LOOP('',(#919,#940,#941,#962));
#919 = ORIENTED_EDGE('',*,*,#920,.F.);
#920 = EDGE_CURVE('',#701,#821,#921,.T.);
#921 = SURFACE_CURVE('',#922,(#926,#933),.PCURVE_S1.);
#922 = LINE('',#923,#924);
#923 = CARTESIAN_POINT('',(1.12E+03,-60.,550.));
#924 = VECTOR('',#925,1.);
#925 = DIRECTION('',(1.,0.,0.));
#926 = PCURVE('',#723,#927);
#927 = DEFINITIONAL_REPRESENTATION('',(#928),#932);
#928 = LINE('',#929,#930);
#929 = CARTESIAN_POINT('',(0.,0.));
#930 = VECTOR('',#931,1.);
#931 = DIRECTION('',(0.,1.));
#932 = ( GEOMETRIC_REPRESENTATION_CONTEXT(2) 
PARAMETRIC_REPRESENTATION_CONTEXT() REPRESENTATION_CONTEXT('2D SPACE',''
  ) );
#933 = PCURVE('',#751,#934);
#934 = DEFINITIONAL_REPRESENTATION('',(#935),#939);
#935 = LINE('',#936,#937);
#936 = CARTESIAN_POINT('',(0.,0.));
#937 = VECTOR('',#938,1.);
#938 = DIRECTION('',(1.,0.));
#939 = ( GEOMETRIC_REPRESENTATION_CONTEXT(2) 
PARAMETRIC_REPRESENTATION_CONTEXT() REPRESENTATION_CONTEXT('2D SPACE',''
  ) );
#940 = ORIENTED_EDGE('',*,*,#700,.T.);
#941 = ORIENTED_EDGE('',*,*,#942,.T.);
#942 = EDGE_CURVE('',#703,#823,#943,.T.);
#943 = SURFACE_CURVE('',#944,(#948,#955),.PCURVE_S1.);
#944 = LINE('',#945,#946);
#945 = CARTESIAN_POINT('',(1.12E+03,-60.,1.45E+03));
#946 = VECTOR('',#947,1.);
#947 = DIRECTION('',(1.,0.,0.));
#948 = PCURVE('',#723,#949);
#949 = DEFINITIONAL_REPRESENTATION('',(#950),#954);
#950 = LINE('',#951,#952);
#951 = CARTESIAN_POINT('',(900.,0.));
#952 = VECTOR('',#953,1.);
#953 = DIRECTION('',(0.,1.));
#954 = ( GEOMETRIC_REPRESENTATION_CONTEXT(2) 
PARAMETRIC_REPRESENTATION_CONTEXT() REPRESENTATION_CONTEXT('2D SPACE',''
  ) );
#955 = PCURVE('',#805,#956);
#956 = DEFINITIONAL_REPRESENTATION('',(#957),#961);
#957 = LINE('',#958,#959);
#958 = CARTESIAN_POINT('',(0.,0.));
#959 = VECTOR('',#960,1.);
#960 = DIRECTION('',(1.,0.));
#961 = ( GEOMETRIC_REPRESENTATION_CONTEXT(2) 
PARAMETRIC_REPRESENTATION_CONTEXT() REPRESENTATION_CONTEXT('2D SPACE',''
  ) );
#962 = ORIENTED_EDGE('',*,*,#820,.F.);
#963 = ADVANCED_FACE('',(#964),#779,.T.);
#964 = FACE_BOUND('',#965,.T.);
#965 = EDGE_LOOP('',(#966,#987,#988,#1009));
#966 = ORIENTED_EDGE('',*,*,#967,.F.);
#967 = EDGE_CURVE('',#736,#851,#968,.T.);
#968 = SURFACE_CURVE('',#969,(#973,#980),.PCURVE_S1.);
#969 = LINE('',#970,#971);
#970 = CARTESIAN_POINT('',(1.12E+03,60.,550.));
#971 = VECTOR('',#972,1.);
#972 = DIRECTION('',(1.,0.,0.));
#973 = PCURVE('',#779,#974);
#974 = DEFINITIONAL_REPRESENTATION('',(#975),#979);
#975 = LINE('',#976,#977);
#976 = CARTESIAN_POINT('',(0.,0.));
#977 = VECTOR('',#978,1.);
#978 = DIRECTION('',(0.,1.));
#979 = ( GEOMETRIC_REPRESENTATION_CONTEXT(2) 
PARAMETRIC_REPRESENTATION_CONTEXT() REPRESENTATION_CONTEXT('2D SPACE',''
  ) );
#980 = PCURVE('',#751,#981);
#981 = DEFINITIONAL_REPRESENTATION('',(#982),#986);
#982 = LINE('',#983,#984);
#983 = CARTESIAN_POINT('',(0.,120.));
#984 = VECTOR('',#985,1.);
#985 = DIRECTION('',(1.,0.));
#986 = ( GEOMETRIC_REPRESENTATION_CONTEXT(2) 
PARAMETRIC_REPRESENTATION_CONTEXT() REPRESENTATION_CONTEXT('2D SPACE',''
  ) );
#987 = ORIENTED_EDGE('',*,*,#763,.T.);
#988 = ORIENTED_EDGE('',*,*,#989,.T.);
#989 = EDGE_CURVE('',#764,#874,#990,.T.);
#990 = SURFACE_CURVE('',#991,(#995,#1002),.PCURVE_S1.);
#991 = LINE('',#992,#993);
#992 = CARTESIAN_POINT('',(1.12E+03,60.,1.45E+03));
#993 = VECTOR('',#994,1.);
#994 = DIRECTION('',(1.,0.,0.));
#995 = PCURVE('',#779,#996);
#996 = DEFINITIONAL_REPRESENTATION('',(#997),#1001);
#997 = LINE('',#998,#999);
#998 = CARTESIAN_POINT('',(900.,0.));
#999 = VECTOR('',#1000,1.);
#1000 = DIRECTION('',(0.,1.));
#1001 = ( GEOMETRIC_REPRESENTATION_CONTEXT(2) 
PARAMETRIC_REPRESENTATION_CONTEXT() REPRESENTATION_CONTEXT('2D SPACE',''
  ) );
#1002 = PCURVE('',#805,#1003);
#1003 = DEFINITIONAL_REPRESENTATION('',(#1004),#1008);
#1004 = LINE('',#1005,#1006);
#1005 = CARTESIAN_POINT('',(0.,120.));
#1006 = VECTOR('',#1007,1.);
#1007 = DIRECTION('',(1.,0.));
#1008 = ( GEOMETRIC_REPRESENTATION_CONTEXT(2) 
PARAMETRIC_REPRESENTATION_CONTEXT() REPRESENTATION_CONTEXT('2D SPACE',''
  ) );
#1009 = ORIENTED_EDGE('',*,*,#873,.F.);
#1010 = ADVANCED_FACE('',(#1011),#751,.F.);
#1011 = FACE_BOUND('',#1012,.F.);
#1012 = EDGE_LOOP('',(#1013,#1014,#1015,#1016));
#1013 = ORIENTED_EDGE('',*,*,#735,.F.);
#1014 = ORIENTED_EDGE('',*,*,#920,.T.);
#1015 = ORIENTED_EDGE('',*,*,#850,.T.);
#1016 = ORIENTED_EDGE('',*,*,#967,.F.);
#1017 = ADVANCED_FACE('',(#1018),#805,.T.);
#1018 = FACE_BOUND('',#1019,.T.);
#1019 = EDGE_LOOP('',(#1020,#1021,#1022,#1023));
#1020 = ORIENTED_EDGE('',*,*,#791,.F.);
#1021 = ORIENTED_EDGE('',*,*,#942,.T.);
#1022 = ORIENTED_EDGE('',*,*,#896,.T.);
#1023 = ORIENTED_EDGE('',*,*,#989,.F.);
#1024 = ( GEOMETRIC_REPRESENTATION_CONTEXT(3) 
GLOBAL_UNCERTAINTY_ASSIGNED_CONTEXT((#1028)) 
GLOBAL_UNIT_ASSIGNED_CONTEXT((#1025,#1026,#1027)) REPRESENTATION_CONTEXT
('Context #1','3D Context with UNIT and UNCERTAINTY') );
#1025 = ( LENGTH_UNIT() NAMED_UNIT(*) SI_UNIT(.MILLI.,.METRE.) );
#1026 = ( NAMED_UNIT(*) PLANE_ANGLE_UNIT() SI_UNIT($,.RADIAN.) );
#1027 = ( NAMED_UNIT(*) SI_UNIT($,.STERADIAN.) SOLID_ANGLE_UNIT() );
#1028 = UNCERTAINTY_MEASURE_WITH_UNIT(LENGTH_MEASURE(1.E-07),#1025,
  'distance_accuracy_value','confusion accuracy');
#1029 = CONTEXT_DEPENDENT_SHAPE_REPRESENTATION(#1030,#1032);
#1030 = ( REPRESENTATION_RELATIONSHIP('','',#693,#10) 
REPRESENTATION_RELATIONSHIP_WITH_TRANSFORMATION(#1031) 
SHAPE_REPRESENTATION_RELATIONSHIP() );
#1031 = ITEM_DEFINED_TRANSFORMATION('','',#11,#19);
#1032 = PRODUCT_DEFINITION_SHAPE('Placement','Placement of an item',
  #1033);
#1033 = NEXT_ASSEMBLY_USAGE_OCCURRENCE('2','B_PILLAR','',#5,#688,$);
#1034 = PRODUCT_RELATED_PRODUCT_CATEGORY('part',$,(#690));
#1035 = SHAPE_DEFINITION_REPRESENTATION(#1036,#1042);
#1036 = PRODUCT_DEFINITION_SHAPE('','',#1037);
#1037 = PRODUCT_DEFINITION('design','',#1038,#1041);
#1038 = PRODUCT_DEFINITION_FORMATION('','',#1039);
#1039 = PRODUCT('CROSSMEMBER_WALL','CROSSMEMBER_WALL','',(#1040));
#1040 = PRODUCT_CONTEXT('',#2,'mechanical');
#1041 = PRODUCT_DEFINITION_CONTEXT('part definition',#2,'design');
#1042 = ADVANCED_BREP_SHAPE_REPRESENTATION('',(#11,#1043),#1373);
#1043 = MANIFOLD_SOLID_BREP('',#1044);
#1044 = CLOSED_SHELL('',(#1045,#1165,#1265,#1312,#1359,#1366));
#1045 = ADVANCED_FACE('',(#1046),#1060,.F.);
#1046 = FACE_BOUND('',#1047,.F.);
#1047 = EDGE_LOOP('',(#1048,#1083,#1111,#1139));
#1048 = ORIENTED_EDGE('',*,*,#1049,.F.);
#1049 = EDGE_CURVE('',#1050,#1052,#1054,.T.);
#1050 = VERTEX_POINT('',#1051);
#1051 = CARTESIAN_POINT('',(1.215E+03,120.,300.));
#1052 = VERTEX_POINT('',#1053);
#1053 = CARTESIAN_POINT('',(1.215E+03,120.,420.));
#1054 = SURFACE_CURVE('',#1055,(#1059,#1071),.PCURVE_S1.);
#1055 = LINE('',#1056,#1057);
#1056 = CARTESIAN_POINT('',(1.215E+03,120.,300.));
#1057 = VECTOR('',#1058,1.);
#1058 = DIRECTION('',(0.,0.,1.));
#1059 = PCURVE('',#1060,#1065);
#1060 = PLANE('',#1061);
#1061 = AXIS2_PLACEMENT_3D('',#1062,#1063,#1064);
#1062 = CARTESIAN_POINT('',(1.215E+03,120.,300.));
#1063 = DIRECTION('',(1.,0.,0.));
#1064 = DIRECTION('',(0.,0.,1.));
#1065 = DEFINITIONAL_REPRESENTATION('',(#1066),#1070);
#1066 = LINE('',#1067,#1068);
#1067 = CARTESIAN_POINT('',(0.,0.));
#1068 = VECTOR('',#1069,1.);
#1069 = DIRECTION('',(1.,0.));
#1070 = ( GEOMETRIC_REPRESENTATION_CONTEXT(2) 
PARAMETRIC_REPRESENTATION_CONTEXT() REPRESENTATION_CONTEXT('2D SPACE',''
  ) );
#1071 = PCURVE('',#1072,#1077);
#1072 = PLANE('',#1073);
#1073 = AXIS2_PLACEMENT_3D('',#1074,#1075,#1076);
#1074 = CARTESIAN_POINT('',(1.215E+03,120.,300.));
#1075 = DIRECTION('',(0.,1.,0.));
#1076 = DIRECTION('',(0.,0.,1.));
#1077 = DEFINITIONAL_REPRESENTATION('',(#1078),#1082);
#1078 = LINE('',#1079,#1080);
#1079 = CARTESIAN_POINT('',(0.,0.));
#1080 = VECTOR('',#1081,1.);
#1081 = DIRECTION('',(1.,0.));
#1082 = ( GEOMETRIC_REPRESENTATION_CONTEXT(2) 
PARAMETRIC_REPRESENTATION_CONTEXT() REPRESENTATION_CONTEXT('2D SPACE',''
  ) );
#1083 = ORIENTED_EDGE('',*,*,#1084,.T.);
#1084 = EDGE_CURVE('',#1050,#1085,#1087,.T.);
#1085 = VERTEX_POINT('',#1086);
#1086 = CARTESIAN_POINT('',(1.215E+03,800.,300.));
#1087 = SURFACE_CURVE('',#1088,(#1092,#1099),.PCURVE_S1.);
#1088 = LINE('',#1089,#1090);
#1089 = CARTESIAN_POINT('',(1.215E+03,120.,300.));
#1090 = VECTOR('',#1091,1.);
#1091 = DIRECTION('',(0.,1.,0.));
#1092 = PCURVE('',#1060,#1093);
#1093 = DEFINITIONAL_REPRESENTATION('',(#1094),#1098);
#1094 = LINE('',#1095,#1096);
#1095 = CARTESIAN_POINT('',(0.,0.));
#1096 = VECTOR('',#1097,1.);
#1097 = DIRECTION('',(0.,-1.));
#1098 = ( GEOMETRIC_REPRESENTATION_CONTEXT(2) 
PARAMETRIC_REPRESENTATION_CONTEXT() REPRESENTATION_CONTEXT('2D SPACE',''
  ) );
#1099 = PCURVE('',#1100,#1105);
#1100 = PLANE('',#1101);
#1101 = AXIS2_PLACEMENT_3D('',#1102,#1103,#1104);
#1102 = CARTESIAN_POINT('',(1.215E+03,120.,300.));
#1103 = DIRECTION('',(0.,0.,1.));
#1104 = DIRECTION('',(1.,0.,0.));
#1105 = DEFINITIONAL_REPRESENTATION('',(#1106),#1110);
#1106 = LINE('',#1107,#1108);
#1107 = CARTESIAN_POINT('',(0.,0.));
#1108 = VECTOR('',#1109,1.);
#1109 = DIRECTION('',(0.,1.));
#1110 = ( GEOMETRIC_REPRESENTATION_CONTEXT(2) 
PARAMETRIC_REPRESENTATION_CONTEXT() REPRESENTATION_CONTEXT('2D SPACE',''
  ) );
#1111 = ORIENTED_EDGE('',*,*,#1112,.T.);
#1112 = EDGE_CURVE('',#1085,#1113,#1115,.T.);
#1113 = VERTEX_POINT('',#1114);
#1114 = CARTESIAN_POINT('',(1.215E+03,800.,420.));
#1115 = SURFACE_CURVE('',#1116,(#1120,#1127),.PCURVE_S1.);
#1116 = LINE('',#1117,#1118);
#1117 = CARTESIAN_POINT('',(1.215E+03,800.,300.));
#1118 = VECTOR('',#1119,1.);
#1119 = DIRECTION('',(0.,0.,1.));
#1120 = PCURVE('',#1060,#1121);
#1121 = DEFINITIONAL_REPRESENTATION('',(#1122),#1126);
#1122 = LINE('',#1123,#1124);
#1123 = CARTESIAN_POINT('',(0.,-680.));
#1124 = VECTOR('',#1125,1.);
#1125 = DIRECTION('',(1.,0.));
#1126 = ( GEOMETRIC_REPRESENTATION_CONTEXT(2) 
PARAMETRIC_REPRESENTATION_CONTEXT() REPRESENTATION_CONTEXT('2D SPACE',''
  ) );
#1127 = PCURVE('',#1128,#1133);
#1128 = PLANE('',#1129);
#1129 = AXIS2_PLACEMENT_3D('',#1130,#1131,#1132);
#1130 = CARTESIAN_POINT('',(1.215E+03,800.,300.));
#1131 = DIRECTION('',(0.,1.,0.));
#1132 = DIRECTION('',(0.,0.,1.));
#1133 = DEFINITIONAL_REPRESENTATION('',(#1134),#1138);
#1134 = LINE('',#1135,#1136);
#1135 = CARTESIAN_POINT('',(0.,0.));
#1136 = VECTOR('',#1137,1.);
#1137 = DIRECTION('',(1.,0.));
#1138 = ( GEOMETRIC_REPRESENTATION_CONTEXT(2) 
PARAMETRIC_REPRESENTATION_CONTEXT() REPRESENTATION_CONTEXT('2D SPACE',''
  ) );
#1139 = ORIENTED_EDGE('',*,*,#1140,.F.);
#1140 = EDGE_CURVE('',#1052,#1113,#1141,.T.);
#1141 = SURFACE_CURVE('',#1142,(#1146,#1153),.PCURVE_S1.);
#1142 = LINE('',#1143,#1144);
#1143 = CARTESIAN_POINT('',(1.215E+03,120.,420.));
#1144 = VECTOR('',#1145,1.);
#1145 = DIRECTION('',(0.,1.,0.));
#1146 = PCURVE('',#1060,#1147);
#1147 = DEFINITIONAL_REPRESENTATION('',(#1148),#1152);
#1148 = LINE('',#1149,#1150);
#1149 = CARTESIAN_POINT('',(120.,0.));
#1150 = VECTOR('',#1151,1.);
#1151 = DIRECTION('',(0.,-1.));
#1152 = ( GEOMETRIC_REPRESENTATION_CONTEXT(2) 
PARAMETRIC_REPRESENTATION_CONTEXT() REPRESENTATION_CONTEXT('2D SPACE',''
  ) );
#1153 = PCURVE('',#1154,#1159);
#1154 = PLANE('',#1155);
#1155 = AXIS2_PLACEMENT_3D('',#1156,#1157,#1158);
#1156 = CARTESIAN_POINT('',(1.215E+03,120.,420.));
#1157 = DIRECTION('',(0.,0.,1.));
#1158 = DIRECTION('',(1.,0.,0.));
#1159 = DEFINITIONAL_REPRESENTATION('',(#1160),#1164);
#1160 = LINE('',#1161,#1162);
#1161 = CARTESIAN_POINT('',(0.,0.));
#1162 = VECTOR('',#1163,1.);
#1163 = DIRECTION('',(0.,1.));
#1164 = ( GEOMETRIC_REPRESENTATION_CONTEXT(2) 
PARAMETRIC_REPRESENTATION_CONTEXT() REPRESENTATION_CONTEXT('2D SPACE',''
  ) );
#1165 = ADVANCED_FACE('',(#1166),#1180,.T.);
#1166 = FACE_BOUND('',#1167,.T.);
#1167 = EDGE_LOOP('',(#1168,#1198,#1221,#1244));
#1168 = ORIENTED_EDGE('',*,*,#1169,.F.);
#1169 = EDGE_CURVE('',#1170,#1172,#1174,.T.);
#1170 = VERTEX_POINT('',#1171);
#1171 = CARTESIAN_POINT('',(1.217E+03,120.,300.));
#1172 = VERTEX_POINT('',#1173);
#1173 = CARTESIAN_POINT('',(1.217E+03,120.,420.));
#1174 = SURFACE_CURVE('',#1175,(#1179,#1191),.PCURVE_S1.);
#1175 = LINE('',#1176,#1177);
#1176 = CARTESIAN_POINT('',(1.217E+03,120.,300.));
#1177 = VECTOR('',#1178,1.);
#1178 = DIRECTION('',(0.,0.,1.));
#1179 = PCURVE('',#1180,#1185);
#1180 = PLANE('',#1181);
#1181 = AXIS2_PLACEMENT_3D('',#1182,#1183,#1184);
#1182 = CARTESIAN_POINT('',(1.217E+03,120.,300.));
#1183 = DIRECTION('',(1.,0.,0.));
#1184 = DIRECTION('',(0.,0.,1.));
#1185 = DEFINITIONAL_REPRESENTATION('',(#1186),#1190);
#1186 = LINE('',#1187,#1188);
#1187 = CARTESIAN_POINT('',(0.,0.));
#1188 = VECTOR('',#1189,1.);
#1189 = DIRECTION('',(1.,0.));
#1190 = ( GEOMETRIC_REPRESENTATION_CONTEXT(2) 
PARAMETRIC_REPRESENTATION_CONTEXT() REPRESENTATION_CONTEXT('2D SPACE',''
  ) );
#1191 = PCURVE('',#1072,#1192);
#1192 = DEFINITIONAL_REPRESENTATION('',(#1193),#1197);
#1193 = LINE('',#1194,#1195);
#1194 = CARTESIAN_POINT('',(0.,2.));
#1195 = VECTOR('',#1196,1.);
#1196 = DIRECTION('',(1.,0.));
#1197 = ( GEOMETRIC_REPRESENTATION_CONTEXT(2) 
PARAMETRIC_REPRESENTATION_CONTEXT() REPRESENTATION_CONTEXT('2D SPACE',''
  ) );
#1198 = ORIENTED_EDGE('',*,*,#1199,.T.);
#1199 = EDGE_CURVE('',#1170,#1200,#1202,.T.);
#1200 = VERTEX_POINT('',#1201);
#1201 = CARTESIAN_POINT('',(1.217E+03,800.,300.));
#1202 = SURFACE_CURVE('',#1203,(#1207,#1214),.PCURVE_S1.);
#1203 = LINE('',#1204,#1205);
#1204 = CARTESIAN_POINT('',(1.217E+03,120.,300.));
#1205 = VECTOR('',#1206,1.);
#1206 = DIRECTION('',(0.,1.,0.));
#1207 = PCURVE('',#1180,#1208);
#1208 = DEFINITIONAL_REPRESENTATION('',(#1209),#1213);
#1209 = LINE('',#1210,#1211);
#1210 = CARTESIAN_POINT('',(0.,0.));
#1211 = VECTOR('',#1212,1.);
#1212 = DIRECTION('',(0.,-1.));
#1213 = ( GEOMETRIC_REPRESENTATION_CONTEXT(2) 
PARAMETRIC_REPRESENTATION_CONTEXT() REPRESENTATION_CONTEXT('2D SPACE',''
  ) );
#1214 = PCURVE('',#1100,#1215);
#1215 = DEFINITIONAL_REPRESENTATION('',(#1216),#1220);
#1216 = LINE('',#1217,#1218);
#1217 = CARTESIAN_POINT('',(2.,0.));
#1218 = VECTOR('',#1219,1.);
#1219 = DIRECTION('',(0.,1.));
#1220 = ( GEOMETRIC_REPRESENTATION_CONTEXT(2) 
PARAMETRIC_REPRESENTATION_CONTEXT() REPRESENTATION_CONTEXT('2D SPACE',''
  ) );
#1221 = ORIENTED_EDGE('',*,*,#1222,.T.);
#1222 = EDGE_CURVE('',#1200,#1223,#1225,.T.);
#1223 = VERTEX_POINT('',#1224);
#1224 = CARTESIAN_POINT('',(1.217E+03,800.,420.));
#1225 = SURFACE_CURVE('',#1226,(#1230,#1237),.PCURVE_S1.);
#1226 = LINE('',#1227,#1228);
#1227 = CARTESIAN_POINT('',(1.217E+03,800.,300.));
#1228 = VECTOR('',#1229,1.);
#1229 = DIRECTION('',(0.,0.,1.));
#1230 = PCURVE('',#1180,#1231);
#1231 = DEFINITIONAL_REPRESENTATION('',(#1232),#1236);
#1232 = LINE('',#1233,#1234);
#1233 = CARTESIAN_POINT('',(0.,-680.));
#1234 = VECTOR('',#1235,1.);
#1235 = DIRECTION('',(1.,0.));
#1236 = ( GEOMETRIC_REPRESENTATION_CONTEXT(2) 
PARAMETRIC_REPRESENTATION_CONTEXT() REPRESENTATION_CONTEXT('2D SPACE',''
  ) );
#1237 = PCURVE('',#1128,#1238);
#1238 = DEFINITIONAL_REPRESENTATION('',(#1239),#1243);
#1239 = LINE('',#1240,#1241);
#1240 = CARTESIAN_POINT('',(0.,2.));
#1241 = VECTOR('',#1242,1.);
#1242 = DIRECTION('',(1.,0.));
#1243 = ( GEOMETRIC_REPRESENTATION_CONTEXT(2) 
PARAMETRIC_REPRESENTATION_CONTEXT() REPRESENTATION_CONTEXT('2D SPACE',''
  ) );
#1244 = ORIENTED_EDGE('',*,*,#1245,.F.);
#1245 = EDGE_CURVE('',#1172,#1223,#1246,.T.);
#1246 = SURFACE_CURVE('',#1247,(#1251,#1258),.PCURVE_S1.);
#1247 = LINE('',#1248,#1249);
#1248 = CARTESIAN_POINT('',(1.217E+03,120.,420.));
#1249 = VECTOR('',#1250,1.);
#1250 = DIRECTION('',(0.,1.,0.));
#1251 = PCURVE('',#1180,#1252);
#1252 = DEFINITIONAL_REPRESENTATION('',(#1253),#1257);
#1253 = LINE('',#1254,#1255);
#1254 = CARTESIAN_POINT('',(120.,0.));
#1255 = VECTOR('',#1256,1.);
#1256 = DIRECTION('',(0.,-1.));
#1257 = ( GEOMETRIC_REPRESENTATION_CONTEXT(2) 
PARAMETRIC_REPRESENTATION_CONTEXT() REPRESENTATION_CONTEXT('2D SPACE',''
  ) );
#1258 = PCURVE('',#1154,#1259);
#1259 = DEFINITIONAL_REPRESENTATION('',(#1260),#1264);
#1260 = LINE('',#1261,#1262);
#1261 = CARTESIAN_POINT('',(2.,0.));
#1262 = VECTOR('',#1263,1.);
#1263 = DIRECTION('',(0.,1.));
#1264 = ( GEOMETRIC_REPRESENTATION_CONTEXT(2) 
PARAMETRIC_REPRESENTATION_CONTEXT() REPRESENTATION_CONTEXT('2D SPACE',''
  ) );
#1265 = ADVANCED_FACE('',(#1266),#1072,.F.);
#1266 = FACE_BOUND('',#1267,.F.);
#1267 = EDGE_LOOP('',(#1268,#1289,#1290,#1311));
#1268 = ORIENTED_EDGE('',*,*,#1269,.F.);
#1269 = EDGE_CURVE('',#1050,#1170,#1270,.T.);
#1270 = SURFACE_CURVE('',#1271,(#1275,#1282),.PCURVE_S1.);
#1271 = LINE('',#1272,#1273);
#1272 = CARTESIAN_POINT('',(1.215E+03,120.,300.));
#1273 = VECTOR('',#1274,1.);
#1274 = DIRECTION('',(1.,0.,0.));
#1275 = PCURVE('',#1072,#1276);
#1276 = DEFINITIONAL_REPRESENTATION('',(#1277),#1281);
#1277 = LINE('',#1278,#1279);
#1278 = CARTESIAN_POINT('',(0.,0.));
#1279 = VECTOR('',#1280,1.);
#1280 = DIRECTION('',(0.,1.));
#1281 = ( GEOMETRIC_REPRESENTATION_CONTEXT(2) 
PARAMETRIC_REPRESENTATION_CONTEXT() REPRESENTATION_CONTEXT('2D SPACE',''
  ) );
#1282 = PCURVE('',#1100,#1283);
#1283 = DEFINITIONAL_REPRESENTATION('',(#1284),#1288);
#1284 = LINE('',#1285,#1286);
#1285 = CARTESIAN_POINT('',(0.,0.));
#1286 = VECTOR('',#1287,1.);
#1287 = DIRECTION('',(1.,0.));
#1288 = ( GEOMETRIC_REPRESENTATION_CONTEXT(2) 
PARAMETRIC_REPRESENTATION_CONTEXT() REPRESENTATION_CONTEXT('2D SPACE',''
  ) );
#1289 = ORIENTED_EDGE('',*,*,#1049,.T.);
#1290 = ORIENTED_EDGE('',*,*,#1291,.T.);
#1291 = EDGE_CURVE('',#1052,#1172,#1292,.T.);
#1292 = SURFACE_CURVE('',#1293,(#1297,#1304),.PCURVE_S1.);
#1293 = LINE('',#1294,#1295);
#1294 = CARTESIAN_POINT('',(1.215E+03,120.,420.));
#1295 = VECTOR('',#1296,1.);
#1296 = DIRECTION('',(1.,0.,0.));
#1297 = PCURVE('',#1072,#1298);
#1298 = DEFINITIONAL_REPRESENTATION('',(#1299),#1303);
#1299 = LINE('',#1300,#1301);
#1300 = CARTESIAN_POINT('',(120.,0.));
#1301 = VECTOR('',#1302,1.);
#1302 = DIRECTION('',(0.,1.));
#1303 = ( GEOMETRIC_REPRESENTATION_CONTEXT(2) 
PARAMETRIC_REPRESENTATION_CONTEXT() REPRESENTATION_CONTEXT('2D SPACE',''
  ) );
#1304 = PCURVE('',#1154,#1305);
#1305 = DEFINITIONAL_REPRESENTATION('',(#1306),#1310);
#1306 = LINE('',#1307,#1308);
#1307 = CARTESIAN_POINT('',(0.,0.));
#1308 = VECTOR('',#1309,1.);
#1309 = DIRECTION('',(1.,0.));
#1310 = ( GEOMETRIC_REPRESENTATION_CONTEXT(2) 
PARAMETRIC_REPRESENTATION_CONTEXT() REPRESENTATION_CONTEXT('2D SPACE',''
  ) );
#1311 = ORIENTED_EDGE('',*,*,#1169,.F.);
#1312 = ADVANCED_FACE('',(#1313),#1128,.T.);
#1313 = FACE_BOUND('',#1314,.T.);
#1314 = EDGE_LOOP('',(#1315,#1336,#1337,#1358));
#1315 = ORIENTED_EDGE('',*,*,#1316,.F.);
#1316 = EDGE_CURVE('',#1085,#1200,#1317,.T.);
#1317 = SURFACE_CURVE('',#1318,(#1322,#1329),.PCURVE_S1.);
#1318 = LINE('',#1319,#1320);
#1319 = CARTESIAN_POINT('',(1.215E+03,800.,300.));
#1320 = VECTOR('',#1321,1.);
#1321 = DIRECTION('',(1.,0.,0.));
#1322 = PCURVE('',#1128,#1323);
#1323 = DEFINITIONAL_REPRESENTATION('',(#1324),#1328);
#1324 = LINE('',#1325,#1326);
#1325 = CARTESIAN_POINT('',(0.,0.));
#1326 = VECTOR('',#1327,1.);
#1327 = DIRECTION('',(0.,1.));
#1328 = ( GEOMETRIC_REPRESENTATION_CONTEXT(2) 
PARAMETRIC_REPRESENTATION_CONTEXT() REPRESENTATION_CONTEXT('2D SPACE',''
  ) );
#1329 = PCURVE('',#1100,#1330);
#1330 = DEFINITIONAL_REPRESENTATION('',(#1331),#1335);
#1331 = LINE('',#1332,#1333);
#1332 = CARTESIAN_POINT('',(0.,680.));
#1333 = VECTOR('',#1334,1.);
#1334 = DIRECTION('',(1.,0.));
#1335 = ( GEOMETRIC_REPRESENTATION_CONTEXT(2) 
PARAMETRIC_REPRESENTATION_CONTEXT() REPRESENTATION_CONTEXT('2D SPACE',''
  ) );
#1336 = ORIENTED_EDGE('',*,*,#1112,.T.);
#1337 = ORIENTED_EDGE('',*,*,#1338,.T.);
#1338 = EDGE_CURVE('',#1113,#1223,#1339,.T.);
#1339 = SURFACE_CURVE('',#1340,(#1344,#1351),.PCURVE_S1.);
#1340 = LINE('',#1341,#1342);
#1341 = CARTESIAN_POINT('',(1.215E+03,800.,420.));
#1342 = VECTOR('',#1343,1.);
#1343 = DIRECTION('',(1.,0.,0.));
#1344 = PCURVE('',#1128,#1345);
#1345 = DEFINITIONAL_REPRESENTATION('',(#1346),#1350);
#1346 = LINE('',#1347,#1348);
#1347 = CARTESIAN_POINT('',(120.,0.));
#1348 = VECTOR('',#1349,1.);
#1349 = DIRECTION('',(0.,1.));
#1350 = ( GEOMETRIC_REPRESENTATION_CONTEXT(2) 
PARAMETRIC_REPRESENTATION_CONTEXT() REPRESENTATION_CONTEXT('2D SPACE',''
  ) );
#1351 = PCURVE('',#1154,#1352);
#1352 = DEFINITIONAL_REPRESENTATION('',(#1353),#1357);
#1353 = LINE('',#1354,#1355);
#1354 = CARTESIAN_POINT('',(0.,680.));
#1355 = VECTOR('',#1356,1.);
#1356 = DIRECTION('',(1.,0.));
#1357 = ( GEOMETRIC_REPRESENTATION_CONTEXT(2) 
PARAMETRIC_REPRESENTATION_CONTEXT() REPRESENTATION_CONTEXT('2D SPACE',''
  ) );
#1358 = ORIENTED_EDGE('',*,*,#1222,.F.);
#1359 = ADVANCED_FACE('',(#1360),#1100,.F.);
#1360 = FACE_BOUND('',#1361,.F.);
#1361 = EDGE_LOOP('',(#1362,#1363,#1364,#1365));
#1362 = ORIENTED_EDGE('',*,*,#1084,.F.);
#1363 = ORIENTED_EDGE('',*,*,#1269,.T.);
#1364 = ORIENTED_EDGE('',*,*,#1199,.T.);
#1365 = ORIENTED_EDGE('',*,*,#1316,.F.);
#1366 = ADVANCED_FACE('',(#1367),#1154,.T.);
#1367 = FACE_BOUND('',#1368,.T.);
#1368 = EDGE_LOOP('',(#1369,#1370,#1371,#1372));
#1369 = ORIENTED_EDGE('',*,*,#1140,.F.);
#1370 = ORIENTED_EDGE('',*,*,#1291,.T.);
#1371 = ORIENTED_EDGE('',*,*,#1245,.T.);
#1372 = ORIENTED_EDGE('',*,*,#1338,.F.);
#1373 = ( GEOMETRIC_REPRESENTATION_CONTEXT(3) 
GLOBAL_UNCERTAINTY_ASSIGNED_CONTEXT((#1377)) 
GLOBAL_UNIT_ASSIGNED_CONTEXT((#1374,#1375,#1376)) REPRESENTATION_CONTEXT
('Context #1','3D Context with UNIT and UNCERTAINTY') );
#1374 = ( LENGTH_UNIT() NAMED_UNIT(*) SI_UNIT(.MILLI.,.METRE.) );
#1375 = ( NAMED_UNIT(*) PLANE_ANGLE_UNIT() SI_UNIT($,.RADIAN.) );
#1376 = ( NAMED_UNIT(*) SI_UNIT($,.STERADIAN.) SOLID_ANGLE_UNIT() );
#1377 = UNCERTAINTY_MEASURE_WITH_UNIT(LENGTH_MEASURE(1.E-07),#1374,
  'distance_accuracy_value','confusion accuracy');
#1378 = CONTEXT_DEPENDENT_SHAPE_REPRESENTATION(#1379,#1381);
#1379 = ( REPRESENTATION_RELATIONSHIP('','',#1042,#10) 
REPRESENTATION_RELATIONSHIP_WITH_TRANSFORMATION(#1380) 
SHAPE_REPRESENTATION_RELATIONSHIP() );
#1380 = ITEM_DEFINED_TRANSFORMATION('','',#11,#23);
#1381 = PRODUCT_DEFINITION_SHAPE('Placement','Placement of an item',
  #1382);
#1382 = NEXT_ASSEMBLY_USAGE_OCCURRENCE('3','CROSSMEMBER_WALL','',#5,
  #1037,$);
#1383 = PRODUCT_RELATED_PRODUCT_CATEGORY('part',$,(#1039));
#1384 = SHAPE_DEFINITION_REPRESENTATION(#1385,#1391);
#1385 = PRODUCT_DEFINITION_SHAPE('','',#1386);
#1386 = PRODUCT_DEFINITION('design','',#1387,#1390);
#1387 = PRODUCT_DEFINITION_FORMATION('','',#1388);
#1388 = PRODUCT('FLOOR','FLOOR','',(#1389));
#1389 = PRODUCT_CONTEXT('',#2,'mechanical');
#1390 = PRODUCT_DEFINITION_CONTEXT('part definition',#2,'design');
#1391 = ADVANCED_BREP_SHAPE_REPRESENTATION('',(#11,#1392),#1722);
#1392 = MANIFOLD_SOLID_BREP('',#1393);
#1393 = CLOSED_SHELL('',(#1394,#1514,#1614,#1661,#1708,#1715));
#1394 = ADVANCED_FACE('',(#1395),#1409,.F.);
#1395 = FACE_BOUND('',#1396,.F.);
#1396 = EDGE_LOOP('',(#1397,#1432,#1460,#1488));
#1397 = ORIENTED_EDGE('',*,*,#1398,.F.);
#1398 = EDGE_CURVE('',#1399,#1401,#1403,.T.);
#1399 = VERTEX_POINT('',#1400);
#1400 = CARTESIAN_POINT('',(0.,80.,298.));
#1401 = VERTEX_POINT('',#1402);
#1402 = CARTESIAN_POINT('',(0.,80.,299.));
#1403 = SURFACE_CURVE('',#1404,(#1408,#1420),.PCURVE_S1.);
#1404 = LINE('',#1405,#1406);
#1405 = CARTESIAN_POINT('',(0.,80.,298.));
#1406 = VECTOR('',#1407,1.);
#1407 = DIRECTION('',(0.,0.,1.));
#1408 = PCURVE('',#1409,#1414);
#1409 = PLANE('',#1410);
#1410 = AXIS2_PLACEMENT_3D('',#1411,#1412,#1413);
#1411 = CARTESIAN_POINT('',(0.,80.,298.));
#1412 = DIRECTION('',(1.,0.,0.));
#1413 = DIRECTION('',(0.,0.,1.));
#1414 = DEFINITIONAL_REPRESENTATION('',(#1415),#1419);
#1415 = LINE('',#1416,#1417);
#1416 = CARTESIAN_POINT('',(0.,0.));
#1417 = VECTOR('',#1418,1.);
#1418 = DIRECTION('',(1.,0.));
#1419 = ( GEOMETRIC_REPRESENTATION_CONTEXT(2) 
PARAMETRIC_REPRESENTATION_CONTEXT() REPRESENTATION_CONTEXT('2D SPACE',''
  ) );
#1420 = PCURVE('',#1421,#1426);
#1421 = PLANE('',#1422);
#1422 = AXIS2_PLACEMENT_3D('',#1423,#1424,#1425);
#1423 = CARTESIAN_POINT('',(0.,80.,298.));
#1424 = DIRECTION('',(0.,1.,0.));
#1425 = DIRECTION('',(0.,0.,1.));
#1426 = DEFINITIONAL_REPRESENTATION('',(#1427),#1431);
#1427 = LINE('',#1428,#1429);
#1428 = CARTESIAN_POINT('',(0.,0.));
#1429 = VECTOR('',#1430,1.);
#1430 = DIRECTION('',(1.,0.));
#1431 = ( GEOMETRIC_REPRESENTATION_CONTEXT(2) 
PARAMETRIC_REPRESENTATION_CONTEXT() REPRESENTATION_CONTEXT('2D SPACE',''
  ) );
#1432 = ORIENTED_EDGE('',*,*,#1433,.T.);
#1433 = EDGE_CURVE('',#1399,#1434,#1436,.T.);
#1434 = VERTEX_POINT('',#1435);
#1435 = CARTESIAN_POINT('',(0.,900.,298.));
#1436 = SURFACE_CURVE('',#1437,(#1441,#1448),.PCURVE_S1.);
#1437 = LINE('',#1438,#1439);
#1438 = CARTESIAN_POINT('',(0.,80.,298.));
#1439 = VECTOR('',#1440,1.);
#1440 = DIRECTION('',(0.,1.,0.));
#1441 = PCURVE('',#1409,#1442);
#1442 = DEFINITIONAL_REPRESENTATION('',(#1443),#1447);
#1443 = LINE('',#1444,#1445);
#1444 = CARTESIAN_POINT('',(0.,0.));
#1445 = VECTOR('',#1446,1.);
#1446 = DIRECTION('',(0.,-1.));
#1447 = ( GEOMETRIC_REPRESENTATION_CONTEXT(2) 
PARAMETRIC_REPRESENTATION_CONTEXT() REPRESENTATION_CONTEXT('2D SPACE',''
  ) );
#1448 = PCURVE('',#1449,#1454);
#1449 = PLANE('',#1450);
#1450 = AXIS2_PLACEMENT_3D('',#1451,#1452,#1453);
#1451 = CARTESIAN_POINT('',(0.,80.,298.));
#1452 = DIRECTION('',(0.,0.,1.));
#1453 = DIRECTION('',(1.,0.,0.));
#1454 = DEFINITIONAL_REPRESENTATION('',(#1455),#1459);
#1455 = LINE('',#1456,#1457);
#1456 = CARTESIAN_POINT('',(0.,0.));
#1457 = VECTOR('',#1458,1.);
#1458 = DIRECTION('',(0.,1.));
#1459 = ( GEOMETRIC_REPRESENTATION_CONTEXT(2) 
PARAMETRIC_REPRESENTATION_CONTEXT() REPRESENTATION_CONTEXT('2D SPACE',''
  ) );
#1460 = ORIENTED_EDGE('',*,*,#1461,.T.);
#1461 = EDGE_CURVE('',#1434,#1462,#1464,.T.);
#1462 = VERTEX_POINT('',#1463);
#1463 = CARTESIAN_POINT('',(0.,900.,299.));
#1464 = SURFACE_CURVE('',#1465,(#1469,#1476),.PCURVE_S1.);
#1465 = LINE('',#1466,#1467);
#1466 = CARTESIAN_POINT('',(0.,900.,298.));
#1467 = VECTOR('',#1468,1.);
#1468 = DIRECTION('',(0.,0.,1.));
#1469 = PCURVE('',#1409,#1470);
#1470 = DEFINITIONAL_REPRESENTATION('',(#1471),#1475);
#1471 = LINE('',#1472,#1473);
#1472 = CARTESIAN_POINT('',(0.,-820.));
#1473 = VECTOR('',#1474,1.);
#1474 = DIRECTION('',(1.,0.));
#1475 = ( GEOMETRIC_REPRESENTATION_CONTEXT(2) 
PARAMETRIC_REPRESENTATION_CONTEXT() REPRESENTATION_CONTEXT('2D SPACE',''
  ) );
#1476 = PCURVE('',#1477,#1482);
#1477 = PLANE('',#1478);
#1478 = AXIS2_PLACEMENT_3D('',#1479,#1480,#1481);
#1479 = CARTESIAN_POINT('',(0.,900.,298.));
#1480 = DIRECTION('',(0.,1.,0.));
#1481 = DIRECTION('',(0.,0.,1.));
#1482 = DEFINITIONAL_REPRESENTATION('',(#1483),#1487);
#1483 = LINE('',#1484,#1485);
#1484 = CARTESIAN_POINT('',(0.,0.));
#1485 = VECTOR('',#1486,1.);
#1486 = DIRECTION('',(1.,0.));
#1487 = ( GEOMETRIC_REPRESENTATION_CONTEXT(2) 
PARAMETRIC_REPRESENTATION_CONTEXT() REPRESENTATION_CONTEXT('2D SPACE',''
  ) );
#1488 = ORIENTED_EDGE('',*,*,#1489,.F.);
#1489 = EDGE_CURVE('',#1401,#1462,#1490,.T.);
#1490 = SURFACE_CURVE('',#1491,(#1495,#1502),.PCURVE_S1.);
#1491 = LINE('',#1492,#1493);
#1492 = CARTESIAN_POINT('',(0.,80.,299.));
#1493 = VECTOR('',#1494,1.);
#1494 = DIRECTION('',(0.,1.,0.));
#1495 = PCURVE('',#1409,#1496);
#1496 = DEFINITIONAL_REPRESENTATION('',(#1497),#1501);
#1497 = LINE('',#1498,#1499);
#1498 = CARTESIAN_POINT('',(1.,0.));
#1499 = VECTOR('',#1500,1.);
#1500 = DIRECTION('',(0.,-1.));
#1501 = ( GEOMETRIC_REPRESENTATION_CONTEXT(2) 
PARAMETRIC_REPRESENTATION_CONTEXT() REPRESENTATION_CONTEXT('2D SPACE',''
  ) );
#1502 = PCURVE('',#1503,#1508);
#1503 = PLANE('',#1504);
#1504 = AXIS2_PLACEMENT_3D('',#1505,#1506,#1507);
#1505 = CARTESIAN_POINT('',(0.,80.,299.));
#1506 = DIRECTION('',(0.,0.,1.));
#1507 = DIRECTION('',(1.,0.,0.));
#1508 = DEFINITIONAL_REPRESENTATION('',(#1509),#1513);
#1509 = LINE('',#1510,#1511);
#1510 = CARTESIAN_POINT('',(0.,0.));
#1511 = VECTOR('',#1512,1.);
#1512 = DIRECTION('',(0.,1.));
#1513 = ( GEOMETRIC_REPRESENTATION_CONTEXT(2) 
PARAMETRIC_REPRESENTATION_CONTEXT() REPRESENTATION_CONTEXT('2D SPACE',''
  ) );
#1514 = ADVANCED_FACE('',(#1515),#1529,.T.);
#1515 = FACE_BOUND('',#1516,.T.);
#1516 = EDGE_LOOP('',(#1517,#1547,#1570,#1593));
#1517 = ORIENTED_EDGE('',*,*,#1518,.F.);
#1518 = EDGE_CURVE('',#1519,#1521,#1523,.T.);
#1519 = VERTEX_POINT('',#1520);
#1520 = CARTESIAN_POINT('',(2.4E+03,80.,298.));
#1521 = VERTEX_POINT('',#1522);
#1522 = CARTESIAN_POINT('',(2.4E+03,80.,299.));
#1523 = SURFACE_CURVE('',#1524,(#1528,#1540),.PCURVE_S1.);
#1524 = LINE('',#1525,#1526);
#1525 = CARTESIAN_POINT('',(2.4E+03,80.,298.));
#1526 = VECTOR('',#1527,1.);
#1527 = DIRECTION('',(0.,0.,1.));
#1528 = PCURVE('',#1529,#1534);
#1529 = PLANE('',#1530);
#1530 = AXIS2_PLACEMENT_3D('',#1531,#1532,#1533);
#1531 = CARTESIAN_POINT('',(2.4E+03,80.,298.));
#1532 = DIRECTION('',(1.,0.,0.));
#1533 = DIRECTION('',(0.,0.,1.));
#1534 = DEFINITIONAL_REPRESENTATION('',(#1535),#1539);
#1535 = LINE('',#1536,#1537);
#1536 = CARTESIAN_POINT('',(0.,0.));
#1537 = VECTOR('',#1538,1.);
#1538 = DIRECTION('',(1.,0.));
#1539 = ( GEOMETRIC_REPRESENTATION_CONTEXT(2) 
PARAMETRIC_REPRESENTATION_CONTEXT() REPRESENTATION_CONTEXT('2D SPACE',''
  ) );
#1540 = PCURVE('',#1421,#1541);
#1541 = DEFINITIONAL_REPRESENTATION('',(#1542),#1546);
#1542 = LINE('',#1543,#1544);
#1543 = CARTESIAN_POINT('',(0.,2.4E+03));
#1544 = VECTOR('',#1545,1.);
#1545 = DIRECTION('',(1.,0.));
#1546 = ( GEOMETRIC_REPRESENTATION_CONTEXT(2) 
PARAMETRIC_REPRESENTATION_CONTEXT() REPRESENTATION_CONTEXT('2D SPACE',''
  ) );
#1547 = ORIENTED_EDGE('',*,*,#1548,.T.);
#1548 = EDGE_CURVE('',#1519,#1549,#1551,.T.);
#1549 = VERTEX_POINT('',#1550);
#1550 = CARTESIAN_POINT('',(2.4E+03,900.,298.));
#1551 = SURFACE_CURVE('',#1552,(#1556,#1563),.PCURVE_S1.);
#1552 = LINE('',#1553,#1554);
#1553 = CARTESIAN_POINT('',(2.4E+03,80.,298.));
#1554 = VECTOR('',#1555,1.);
#1555 = DIRECTION('',(0.,1.,0.));
#1556 = PCURVE('',#1529,#1557);
#1557 = DEFINITIONAL_REPRESENTATION('',(#1558),#1562);
#1558 = LINE('',#1559,#1560);
#1559 = CARTESIAN_POINT('',(0.,0.));
#1560 = VECTOR('',#1561,1.);
#1561 = DIRECTION('',(0.,-1.));
#1562 = ( GEOMETRIC_REPRESENTATION_CONTEXT(2) 
PARAMETRIC_REPRESENTATION_CONTEXT() REPRESENTATION_CONTEXT('2D SPACE',''
  ) );
#1563 = PCURVE('',#1449,#1564);
#1564 = DEFINITIONAL_REPRESENTATION('',(#1565),#1569);
#1565 = LINE('',#1566,#1567);
#1566 = CARTESIAN_POINT('',(2.4E+03,0.));
#1567 = VECTOR('',#1568,1.);
#1568 = DIRECTION('',(0.,1.));
#1569 = ( GEOMETRIC_REPRESENTATION_CONTEXT(2) 
PARAMETRIC_REPRESENTATION_CONTEXT() REPRESENTATION_CONTEXT('2D SPACE',''
  ) );
#1570 = ORIENTED_EDGE('',*,*,#1571,.T.);
#1571 = EDGE_CURVE('',#1549,#1572,#1574,.T.);
#1572 = VERTEX_POINT('',#1573);
#1573 = CARTESIAN_POINT('',(2.4E+03,900.,299.));
#1574 = SURFACE_CURVE('',#1575,(#1579,#1586),.PCURVE_S1.);
#1575 = LINE('',#1576,#1577);
#1576 = CARTESIAN_POINT('',(2.4E+03,900.,298.));
#1577 = VECTOR('',#1578,1.);
#1578 = DIRECTION('',(0.,0.,1.));
#1579 = PCURVE('',#1529,#1580);
#1580 = DEFINITIONAL_REPRESENTATION('',(#1581),#1585);
#1581 = LINE('',#1582,#1583);
#1582 = CARTESIAN_POINT('',(0.,-820.));
#1583 = VECTOR('',#1584,1.);
#1584 = DIRECTION('',(1.,0.));
#1585 = ( GEOMETRIC_REPRESENTATION_CONTEXT(2) 
PARAMETRIC_REPRESENTATION_CONTEXT() REPRESENTATION_CONTEXT('2D SPACE',''
  ) );
#1586 = PCURVE('',#1477,#1587);
#1587 = DEFINITIONAL_REPRESENTATION('',(#1588),#1592);
#1588 = LINE('',#1589,#1590);
#1589 = CARTESIAN_POINT('',(0.,2.4E+03));
#1590 = VECTOR('',#1591,1.);
#1591 = DIRECTION('',(1.,0.));
#1592 = ( GEOMETRIC_REPRESENTATION_CONTEXT(2) 
PARAMETRIC_REPRESENTATION_CONTEXT() REPRESENTATION_CONTEXT('2D SPACE',''
  ) );
#1593 = ORIENTED_EDGE('',*,*,#1594,.F.);
#1594 = EDGE_CURVE('',#1521,#1572,#1595,.T.);
#1595 = SURFACE_CURVE('',#1596,(#1600,#1607),.PCURVE_S1.);
#1596 = LINE('',#1597,#1598);
#1597 = CARTESIAN_POINT('',(2.4E+03,80.,299.));
#1598 = VECTOR('',#1599,1.);
#1599 = DIRECTION('',(0.,1.,0.));
#1600 = PCURVE('',#1529,#1601);
#1601 = DEFINITIONAL_REPRESENTATION('',(#1602),#1606);
#1602 = LINE('',#1603,#1604);
#1603 = CARTESIAN_POINT('',(1.,0.));
#1604 = VECTOR('',#1605,1.);
#1605 = DIRECTION('',(0.,-1.));
#1606 = ( GEOMETRIC_REPRESENTATION_CONTEXT(2) 
PARAMETRIC_REPRESENTATION_CONTEXT() REPRESENTATION_CONTEXT('2D SPACE',''
  ) );
#1607 = PCURVE('',#1503,#1608);
#1608 = DEFINITIONAL_REPRESENTATION('',(#1609),#1613);
#1609 = LINE('',#1610,#1611);
#1610 = CARTESIAN_POINT('',(2.4E+03,0.));
#1611 = VECTOR('',#1612,1.);
#1612 = DIRECTION('',(0.,1.));
#1613 = ( GEOMETRIC_REPRESENTATION_CONTEXT(2) 
PARAMETRIC_REPRESENTATION_CONTEXT() REPRESENTATION_CONTEXT('2D SPACE',''
  ) );
#1614 = ADVANCED_FACE('',(#1615),#1421,.F.);
#1615 = FACE_BOUND('',#1616,.F.);
#1616 = EDGE_LOOP('',(#1617,#1638,#1639,#1660));
#1617 = ORIENTED_EDGE('',*,*,#1618,.F.);
#1618 = EDGE_CURVE('',#1399,#1519,#1619,.T.);
#1619 = SURFACE_CURVE('',#1620,(#1624,#1631),.PCURVE_S1.);
#1620 = LINE('',#1621,#1622);
#1621 = CARTESIAN_POINT('',(0.,80.,298.));
#1622 = VECTOR('',#1623,1.);
#1623 = DIRECTION('',(1.,0.,0.));
#1624 = PCURVE('',#1421,#1625);
#1625 = DEFINITIONAL_REPRESENTATION('',(#1626),#1630);
#1626 = LINE('',#1627,#1628);
#1627 = CARTESIAN_POINT('',(0.,0.));
#1628 = VECTOR('',#1629,1.);
#1629 = DIRECTION('',(0.,1.));
#1630 = ( GEOMETRIC_REPRESENTATION_CONTEXT(2) 
PARAMETRIC_REPRESENTATION_CONTEXT() REPRESENTATION_CONTEXT('2D SPACE',''
  ) );
#1631 = PCURVE('',#1449,#1632);
#1632 = DEFINITIONAL_REPRESENTATION('',(#1633),#1637);
#1633 = LINE('',#1634,#1635);
#1634 = CARTESIAN_POINT('',(0.,0.));
#1635 = VECTOR('',#1636,1.);
#1636 = DIRECTION('',(1.,0.));
#1637 = ( GEOMETRIC_REPRESENTATION_CONTEXT(2) 
PARAMETRIC_REPRESENTATION_CONTEXT() REPRESENTATION_CONTEXT('2D SPACE',''
  ) );
#1638 = ORIENTED_EDGE('',*,*,#1398,.T.);
#1639 = ORIENTED_EDGE('',*,*,#1640,.T.);
#1640 = EDGE_CURVE('',#1401,#1521,#1641,.T.);
#1641 = SURFACE_CURVE('',#1642,(#1646,#1653),.PCURVE_S1.);
#1642 = LINE('',#1643,#1644);
#1643 = CARTESIAN_POINT('',(0.,80.,299.));
#1644 = VECTOR('',#1645,1.);
#1645 = DIRECTION('',(1.,0.,0.));
#1646 = PCURVE('',#1421,#1647);
#1647 = DEFINITIONAL_REPRESENTATION('',(#1648),#1652);
#1648 = LINE('',#1649,#1650);
#1649 = CARTESIAN_POINT('',(1.,0.));
#1650 = VECTOR('',#1651,1.);
#1651 = DIRECTION('',(0.,1.));
#1652 = ( GEOMETRIC_REPRESENTATION_CONTEXT(2) 
PARAMETRIC_REPRESENTATION_CONTEXT() REPRESENTATION_CONTEXT('2D SPACE',''
  ) );
#1653 = PCURVE('',#1503,#1654);
#1654 = DEFINITIONAL_REPRESENTATION('',(#1655),#1659);
#1655 = LINE('',#1656,#1657);
#1656 = CARTESIAN_POINT('',(0.,0.));
#1657 = VECTOR('',#1658,1.);
#1658 = DIRECTION('',(1.,0.));
#1659 = ( GEOMETRIC_REPRESENTATION_CONTEXT(2) 
PARAMETRIC_REPRESENTATION_CONTEXT() REPRESENTATION_CONTEXT('2D SPACE',''
  ) );
#1660 = ORIENTED_EDGE('',*,*,#1518,.F.);
#1661 = ADVANCED_FACE('',(#1662),#1477,.T.);
#1662 = FACE_BOUND('',#1663,.T.);
#1663 = EDGE_LOOP('',(#1664,#1685,#1686,#1707));
#1664 = ORIENTED_EDGE('',*,*,#1665,.F.);
#1665 = EDGE_CURVE('',#1434,#1549,#1666,.T.);
#1666 = SURFACE_CURVE('',#1667,(#1671,#1678),.PCURVE_S1.);
#1667 = LINE('',#1668,#1669);
#1668 = CARTESIAN_POINT('',(0.,900.,298.));
#1669 = VECTOR('',#1670,1.);
#1670 = DIRECTION('',(1.,0.,0.));
#1671 = PCURVE('',#1477,#1672);
#1672 = DEFINITIONAL_REPRESENTATION('',(#1673),#1677);
#1673 = LINE('',#1674,#1675);
#1674 = CARTESIAN_POINT('',(0.,0.));
#1675 = VECTOR('',#1676,1.);
#1676 = DIRECTION('',(0.,1.));
#1677 = ( GEOMETRIC_REPRESENTATION_CONTEXT(2) 
PARAMETRIC_REPRESENTATION_CONTEXT() REPRESENTATION_CONTEXT('2D SPACE',''
  ) );
#1678 = PCURVE('',#1449,#1679);
#1679 = DEFINITIONAL_REPRESENTATION('',(#1680),#1684);
#1680 = LINE('',#1681,#1682);
#1681 = CARTESIAN_POINT('',(0.,820.));
#1682 = VECTOR('',#1683,1.);
#1683 = DIRECTION('',(1.,0.));
#1684 = ( GEOMETRIC_REPRESENTATION_CONTEXT(2) 
PARAMETRIC_REPRESENTATION_CONTEXT() REPRESENTATION_CONTEXT('2D SPACE',''
  ) );
#1685 = ORIENTED_EDGE('',*,*,#1461,.T.);
#1686 = ORIENTED_EDGE('',*,*,#1687,.T.);
#1687 = EDGE_CURVE('',#1462,#1572,#1688,.T.);
#1688 = SURFACE_CURVE('',#1689,(#1693,#1700),.PCURVE_S1.);
#1689 = LINE('',#1690,#1691);
#1690 = CARTESIAN_POINT('',(0.,900.,299.));
#1691 = VECTOR('',#1692,1.);
#1692 = DIRECTION('',(1.,0.,0.));
#1693 = PCURVE('',#1477,#1694);
#1694 = DEFINITIONAL_REPRESENTATION('',(#1695),#1699);
#1695 = LINE('',#1696,#1697);
#1696 = CARTESIAN_POINT('',(1.,0.));
#1697 = VECTOR('',#1698,1.);
#1698 = DIRECTION('',(0.,1.));
#1699 = ( GEOMETRIC_REPRESENTATION_CONTEXT(2) 
PARAMETRIC_REPRESENTATION_CONTEXT() REPRESENTATION_CONTEXT('2D SPACE',''
  ) );
#1700 = PCURVE('',#1503,#1701);
#1701 = DEFINITIONAL_REPRESENTATION('',(#1702),#1706);
#1702 = LINE('',#1703,#1704);
#1703 = CARTESIAN_POINT('',(0.,820.));
#1704 = VECTOR('',#1705,1.);
#1705 = DIRECTION('',(1.,0.));
#1706 = ( GEOMETRIC_REPRESENTATION_CONTEXT(2) 
PARAMETRIC_REPRESENTATION_CONTEXT() REPRESENTATION_CONTEXT('2D SPACE',''
  ) );
#1707 = ORIENTED_EDGE('',*,*,#1571,.F.);
#1708 = ADVANCED_FACE('',(#1709),#1449,.F.);
#1709 = FACE_BOUND('',#1710,.F.);
#1710 = EDGE_LOOP('',(#1711,#1712,#1713,#1714));
#1711 = ORIENTED_EDGE('',*,*,#1433,.F.);
#1712 = ORIENTED_EDGE('',*,*,#1618,.T.);
#1713 = ORIENTED_EDGE('',*,*,#1548,.T.);
#1714 = ORIENTED_EDGE('',*,*,#1665,.F.);
#1715 = ADVANCED_FACE('',(#1716),#1503,.T.);
#1716 = FACE_BOUND('',#1717,.T.);
#1717 = EDGE_LOOP('',(#1718,#1719,#1720,#1721));
#1718 = ORIENTED_EDGE('',*,*,#1489,.F.);
#1719 = ORIENTED_EDGE('',*,*,#1640,.T.);
#1720 = ORIENTED_EDGE('',*,*,#1594,.T.);
#1721 = ORIENTED_EDGE('',*,*,#1687,.F.);
#1722 = ( GEOMETRIC_REPRESENTATION_CONTEXT(3) 
GLOBAL_UNCERTAINTY_ASSIGNED_CONTEXT((#1726)) 
GLOBAL_UNIT_ASSIGNED_CONTEXT((#1723,#1724,#1725)) REPRESENTATION_CONTEXT
('Context #1','3D Context with UNIT and UNCERTAINTY') );
#1723 = ( LENGTH_UNIT() NAMED_UNIT(*) SI_UNIT(.MILLI.,.METRE.) );
#1724 = ( NAMED_UNIT(*) PLANE_ANGLE_UNIT() SI_UNIT($,.RADIAN.) );
#1725 = ( NAMED_UNIT(*) SI_UNIT($,.STERADIAN.) SOLID_ANGLE_UNIT() );
#1726 = UNCERTAINTY_MEASURE_WITH_UNIT(LENGTH_MEASURE(1.E-07),#1723,
  'distance_accuracy_value','confusion accuracy');
#1727 = CONTEXT_DEPENDENT_SHAPE_REPRESENTATION(#1728,#1730);
#1728 = ( REPRESENTATION_RELATIONSHIP('','',#1391,#10) 
REPRESENTATION_RELATIONSHIP_WITH_TRANSFORMATION(#1729) 
SHAPE_REPRESENTATION_RELATIONSHIP() );
#1729 = ITEM_DEFINED_TRANSFORMATION('','',#11,#27);
#1730 = PRODUCT_DEFINITION_SHAPE('Placement','Placement of an item',
  #1731);
#1731 = NEXT_ASSEMBLY_USAGE_OCCURRENCE('4','FLOOR','',#5,#1386,$);
#1732 = PRODUCT_RELATED_PRODUCT_CATEGORY('part',$,(#1388));
#1733 = SHAPE_DEFINITION_REPRESENTATION(#1734,#1740);
#1734 = PRODUCT_DEFINITION_SHAPE('','',#1735);
#1735 = PRODUCT_DEFINITION('design','',#1736,#1739);
#1736 = PRODUCT_DEFINITION_FORMATION('','',#1737);
#1737 = PRODUCT('SPOT_S00','SPOT_S00','',(#1738));
#1738 = PRODUCT_CONTEXT('',#2,'mechanical');
#1739 = PRODUCT_DEFINITION_CONTEXT('part definition',#2,'design');
#1740 = ADVANCED_BREP_SHAPE_REPRESENTATION('',(#11,#1741),#1753);
#1741 = MANIFOLD_SOLID_BREP('',#1742);
#1742 = CLOSED_SHELL('',(#1743));
#1743 = ADVANCED_FACE('',(#1744),#1748,.T.);
#1744 = FACE_BOUND('',#1745,.T.);
#1745 = VERTEX_LOOP('',#1746);
#1746 = VERTEX_POINT('',#1747);
#1747 = CARTESIAN_POINT('',(100.,-110.,417.));
#1748 = SPHERICAL_SURFACE('',#1749,3.);
#1749 = AXIS2_PLACEMENT_3D('',#1750,#1751,#1752);
#1750 = CARTESIAN_POINT('',(100.,-110.,420.));
#1751 = DIRECTION('',(0.,0.,1.));
#1752 = DIRECTION('',(1.,0.,0.));
#1753 = ( GEOMETRIC_REPRESENTATION_CONTEXT(3) 
GLOBAL_UNCERTAINTY_ASSIGNED_CONTEXT((#1757)) 
GLOBAL_UNIT_ASSIGNED_CONTEXT((#1754,#1755,#1756)) REPRESENTATION_CONTEXT
('Context #1','3D Context with UNIT and UNCERTAINTY') );
#1754 = ( LENGTH_UNIT() NAMED_UNIT(*) SI_UNIT(.MILLI.,.METRE.) );
#1755 = ( NAMED_UNIT(*) PLANE_ANGLE_UNIT() SI_UNIT($,.RADIAN.) );
#1756 = ( NAMED_UNIT(*) SI_UNIT($,.STERADIAN.) SOLID_ANGLE_UNIT() );
#1757 = UNCERTAINTY_MEASURE_WITH_UNIT(LENGTH_MEASURE(1.E-07),#1754,
  'distance_accuracy_value','confusion accuracy');
#1758 = CONTEXT_DEPENDENT_SHAPE_REPRESENTATION(#1759,#1761);
#1759 = ( REPRESENTATION_RELATIONSHIP('','',#1740,#10) 
REPRESENTATION_RELATIONSHIP_WITH_TRANSFORMATION(#1760) 
SHAPE_REPRESENTATION_RELATIONSHIP() );
#1760 = ITEM_DEFINED_TRANSFORMATION('','',#11,#31);
#1761 = PRODUCT_DEFINITION_SHAPE('Placement','Placement of an item',
  #1762);
#1762 = NEXT_ASSEMBLY_USAGE_OCCURRENCE('5','SPOT_S00','',#5,#1735,$);
#1763 = PRODUCT_RELATED_PRODUCT_CATEGORY('part',$,(#1737));
#1764 = SHAPE_DEFINITION_REPRESENTATION(#1765,#1771);
#1765 = PRODUCT_DEFINITION_SHAPE('','',#1766);
#1766 = PRODUCT_DEFINITION('design','',#1767,#1770);
#1767 = PRODUCT_DEFINITION_FORMATION('','',#1768);
#1768 = PRODUCT('SPOT_S01','SPOT_S01','',(#1769));
#1769 = PRODUCT_CONTEXT('',#2,'mechanical');
#1770 = PRODUCT_DEFINITION_CONTEXT('part definition',#2,'design');
#1771 = ADVANCED_BREP_SHAPE_REPRESENTATION('',(#11,#1772),#1784);
#1772 = MANIFOLD_SOLID_BREP('',#1773);
#1773 = CLOSED_SHELL('',(#1774));
#1774 = ADVANCED_FACE('',(#1775),#1779,.T.);
#1775 = FACE_BOUND('',#1776,.T.);
#1776 = VERTEX_LOOP('',#1777);
#1777 = VERTEX_POINT('',#1778);
#1778 = CARTESIAN_POINT('',(150.,-110.,417.));
#1779 = SPHERICAL_SURFACE('',#1780,3.);
#1780 = AXIS2_PLACEMENT_3D('',#1781,#1782,#1783);
#1781 = CARTESIAN_POINT('',(150.,-110.,420.));
#1782 = DIRECTION('',(0.,0.,1.));
#1783 = DIRECTION('',(1.,0.,0.));
#1784 = ( GEOMETRIC_REPRESENTATION_CONTEXT(3) 
GLOBAL_UNCERTAINTY_ASSIGNED_CONTEXT((#1788)) 
GLOBAL_UNIT_ASSIGNED_CONTEXT((#1785,#1786,#1787)) REPRESENTATION_CONTEXT
('Context #1','3D Context with UNIT and UNCERTAINTY') );
#1785 = ( LENGTH_UNIT() NAMED_UNIT(*) SI_UNIT(.MILLI.,.METRE.) );
#1786 = ( NAMED_UNIT(*) PLANE_ANGLE_UNIT() SI_UNIT($,.RADIAN.) );
#1787 = ( NAMED_UNIT(*) SI_UNIT($,.STERADIAN.) SOLID_ANGLE_UNIT() );
#1788 = UNCERTAINTY_MEASURE_WITH_UNIT(LENGTH_MEASURE(1.E-07),#1785,
  'distance_accuracy_value','confusion accuracy');
#1789 = CONTEXT_DEPENDENT_SHAPE_REPRESENTATION(#1790,#1792);
#1790 = ( REPRESENTATION_RELATIONSHIP('','',#1771,#10) 
REPRESENTATION_RELATIONSHIP_WITH_TRANSFORMATION(#1791) 
SHAPE_REPRESENTATION_RELATIONSHIP() );
#1791 = ITEM_DEFINED_TRANSFORMATION('','',#11,#35);
#1792 = PRODUCT_DEFINITION_SHAPE('Placement','Placement of an item',
  #1793);
#1793 = NEXT_ASSEMBLY_USAGE_OCCURRENCE('6','SPOT_S01','',#5,#1766,$);
#1794 = PRODUCT_RELATED_PRODUCT_CATEGORY('part',$,(#1768));
#1795 = SHAPE_DEFINITION_REPRESENTATION(#1796,#1802);
#1796 = PRODUCT_DEFINITION_SHAPE('','',#1797);
#1797 = PRODUCT_DEFINITION('design','',#1798,#1801);
#1798 = PRODUCT_DEFINITION_FORMATION('','',#1799);
#1799 = PRODUCT('SPOT_S02','SPOT_S02','',(#1800));
#1800 = PRODUCT_CONTEXT('',#2,'mechanical');
#1801 = PRODUCT_DEFINITION_CONTEXT('part definition',#2,'design');
#1802 = ADVANCED_BREP_SHAPE_REPRESENTATION('',(#11,#1803),#1815);
#1803 = MANIFOLD_SOLID_BREP('',#1804);
#1804 = CLOSED_SHELL('',(#1805));
#1805 = ADVANCED_FACE('',(#1806),#1810,.T.);
#1806 = FACE_BOUND('',#1807,.T.);
#1807 = VERTEX_LOOP('',#1808);
#1808 = VERTEX_POINT('',#1809);
#1809 = CARTESIAN_POINT('',(200.,-110.,417.));
#1810 = SPHERICAL_SURFACE('',#1811,3.);
#1811 = AXIS2_PLACEMENT_3D('',#1812,#1813,#1814);
#1812 = CARTESIAN_POINT('',(200.,-110.,420.));
#1813 = DIRECTION('',(0.,0.,1.));
#1814 = DIRECTION('',(1.,0.,0.));
#1815 = ( GEOMETRIC_REPRESENTATION_CONTEXT(3) 
GLOBAL_UNCERTAINTY_ASSIGNED_CONTEXT((#1819)) 
GLOBAL_UNIT_ASSIGNED_CONTEXT((#1816,#1817,#1818)) REPRESENTATION_CONTEXT
('Context #1','3D Context with UNIT and UNCERTAINTY') );
#1816 = ( LENGTH_UNIT() NAMED_UNIT(*) SI_UNIT(.MILLI.,.METRE.) );
#1817 = ( NAMED_UNIT(*) PLANE_ANGLE_UNIT() SI_UNIT($,.RADIAN.) );
#1818 = ( NAMED_UNIT(*) SI_UNIT($,.STERADIAN.) SOLID_ANGLE_UNIT() );
#1819 = UNCERTAINTY_MEASURE_WITH_UNIT(LENGTH_MEASURE(1.E-07),#1816,
  'distance_accuracy_value','confusion accuracy');
#1820 = CONTEXT_DEPENDENT_SHAPE_REPRESENTATION(#1821,#1823);
#1821 = ( REPRESENTATION_RELATIONSHIP('','',#1802,#10) 
REPRESENTATION_RELATIONSHIP_WITH_TRANSFORMATION(#1822) 
SHAPE_REPRESENTATION_RELATIONSHIP() );
#1822 = ITEM_DEFINED_TRANSFORMATION('','',#11,#39);
#1823 = PRODUCT_DEFINITION_SHAPE('Placement','Placement of an item',
  #1824);
#1824 = NEXT_ASSEMBLY_USAGE_OCCURRENCE('7','SPOT_S02','',#5,#1797,$);
#1825 = PRODUCT_RELATED_PRODUCT_CATEGORY('part',$,(#1799));
#1826 = SHAPE_DEFINITION_REPRESENTATION(#1827,#1833);
#1827 = PRODUCT_DEFINITION_SHAPE('','',#1828);
#1828 = PRODUCT_DEFINITION('design','',#1829,#1832);
#1829 = PRODUCT_DEFINITION_FORMATION('','',#1830);
#1830 = PRODUCT('SPOT_S03','SPOT_S03','',(#1831));
#1831 = PRODUCT_CONTEXT('',#2,'mechanical');
#1832 = PRODUCT_DEFINITION_CONTEXT('part definition',#2,'design');
#1833 = ADVANCED_BREP_SHAPE_REPRESENTATION('',(#11,#1834),#1846);
#1834 = MANIFOLD_SOLID_BREP('',#1835);
#1835 = CLOSED_SHELL('',(#1836));
#1836 = ADVANCED_FACE('',(#1837),#1841,.T.);
#1837 = FACE_BOUND('',#1838,.T.);
#1838 = VERTEX_LOOP('',#1839);
#1839 = VERTEX_POINT('',#1840);
#1840 = CARTESIAN_POINT('',(250.,-110.,417.));
#1841 = SPHERICAL_SURFACE('',#1842,3.);
#1842 = AXIS2_PLACEMENT_3D('',#1843,#1844,#1845);
#1843 = CARTESIAN_POINT('',(250.,-110.,420.));
#1844 = DIRECTION('',(0.,0.,1.));
#1845 = DIRECTION('',(1.,0.,0.));
#1846 = ( GEOMETRIC_REPRESENTATION_CONTEXT(3) 
GLOBAL_UNCERTAINTY_ASSIGNED_CONTEXT((#1850)) 
GLOBAL_UNIT_ASSIGNED_CONTEXT((#1847,#1848,#1849)) REPRESENTATION_CONTEXT
('Context #1','3D Context with UNIT and UNCERTAINTY') );
#1847 = ( LENGTH_UNIT() NAMED_UNIT(*) SI_UNIT(.MILLI.,.METRE.) );
#1848 = ( NAMED_UNIT(*) PLANE_ANGLE_UNIT() SI_UNIT($,.RADIAN.) );
#1849 = ( NAMED_UNIT(*) SI_UNIT($,.STERADIAN.) SOLID_ANGLE_UNIT() );
#1850 = UNCERTAINTY_MEASURE_WITH_UNIT(LENGTH_MEASURE(1.E-07),#1847,
  'distance_accuracy_value','confusion accuracy');
#1851 = CONTEXT_DEPENDENT_SHAPE_REPRESENTATION(#1852,#1854);
#1852 = ( REPRESENTATION_RELATIONSHIP('','',#1833,#10) 
REPRESENTATION_RELATIONSHIP_WITH_TRANSFORMATION(#1853) 
SHAPE_REPRESENTATION_RELATIONSHIP() );
#1853 = ITEM_DEFINED_TRANSFORMATION('','',#11,#43);
#1854 = PRODUCT_DEFINITION_SHAPE('Placement','Placement of an item',
  #1855);
#1855 = NEXT_ASSEMBLY_USAGE_OCCURRENCE('8','SPOT_S03','',#5,#1828,$);
#1856 = PRODUCT_RELATED_PRODUCT_CATEGORY('part',$,(#1830));
#1857 = SHAPE_DEFINITION_REPRESENTATION(#1858,#1864);
#1858 = PRODUCT_DEFINITION_SHAPE('','',#1859);
#1859 = PRODUCT_DEFINITION('design','',#1860,#1863);
#1860 = PRODUCT_DEFINITION_FORMATION('','',#1861);
#1861 = PRODUCT('SPOT_S04','SPOT_S04','',(#1862));
#1862 = PRODUCT_CONTEXT('',#2,'mechanical');
#1863 = PRODUCT_DEFINITION_CONTEXT('part definition',#2,'design');
#1864 = ADVANCED_BREP_SHAPE_REPRESENTATION('',(#11,#1865),#1877);
#1865 = MANIFOLD_SOLID_BREP('',#1866);
#1866 = CLOSED_SHELL('',(#1867));
#1867 = ADVANCED_FACE('',(#1868),#1872,.T.);
#1868 = FACE_BOUND('',#1869,.T.);
#1869 = VERTEX_LOOP('',#1870);
#1870 = VERTEX_POINT('',#1871);
#1871 = CARTESIAN_POINT('',(300.,-110.,417.));
#1872 = SPHERICAL_SURFACE('',#1873,3.);
#1873 = AXIS2_PLACEMENT_3D('',#1874,#1875,#1876);
#1874 = CARTESIAN_POINT('',(300.,-110.,420.));
#1875 = DIRECTION('',(0.,0.,1.));
#1876 = DIRECTION('',(1.,0.,0.));
#1877 = ( GEOMETRIC_REPRESENTATION_CONTEXT(3) 
GLOBAL_UNCERTAINTY_ASSIGNED_CONTEXT((#1881)) 
GLOBAL_UNIT_ASSIGNED_CONTEXT((#1878,#1879,#1880)) REPRESENTATION_CONTEXT
('Context #1','3D Context with UNIT and UNCERTAINTY') );
#1878 = ( LENGTH_UNIT() NAMED_UNIT(*) SI_UNIT(.MILLI.,.METRE.) );
#1879 = ( NAMED_UNIT(*) PLANE_ANGLE_UNIT() SI_UNIT($,.RADIAN.) );
#1880 = ( NAMED_UNIT(*) SI_UNIT($,.STERADIAN.) SOLID_ANGLE_UNIT() );
#1881 = UNCERTAINTY_MEASURE_WITH_UNIT(LENGTH_MEASURE(1.E-07),#1878,
  'distance_accuracy_value','confusion accuracy');
#1882 = CONTEXT_DEPENDENT_SHAPE_REPRESENTATION(#1883,#1885);
#1883 = ( REPRESENTATION_RELATIONSHIP('','',#1864,#10) 
REPRESENTATION_RELATIONSHIP_WITH_TRANSFORMATION(#1884) 
SHAPE_REPRESENTATION_RELATIONSHIP() );
#1884 = ITEM_DEFINED_TRANSFORMATION('','',#11,#47);
#1885 = PRODUCT_DEFINITION_SHAPE('Placement','Placement of an item',
  #1886);
#1886 = NEXT_ASSEMBLY_USAGE_OCCURRENCE('9','SPOT_S04','',#5,#1859,$);
#1887 = PRODUCT_RELATED_PRODUCT_CATEGORY('part',$,(#1861));
#1888 = SHAPE_DEFINITION_REPRESENTATION(#1889,#1895);
#1889 = PRODUCT_DEFINITION_SHAPE('','',#1890);
#1890 = PRODUCT_DEFINITION('design','',#1891,#1894);
#1891 = PRODUCT_DEFINITION_FORMATION('','',#1892);
#1892 = PRODUCT('SPOT_S05','SPOT_S05','',(#1893));
#1893 = PRODUCT_CONTEXT('',#2,'mechanical');
#1894 = PRODUCT_DEFINITION_CONTEXT('part definition',#2,'design');
#1895 = ADVANCED_BREP_SHAPE_REPRESENTATION('',(#11,#1896),#1908);
#1896 = MANIFOLD_SOLID_BREP('',#1897);
#1897 = CLOSED_SHELL('',(#1898));
#1898 = ADVANCED_FACE('',(#1899),#1903,.T.);
#1899 = FACE_BOUND('',#1900,.T.);
#1900 = VERTEX_LOOP('',#1901);
#1901 = VERTEX_POINT('',#1902);
#1902 = CARTESIAN_POINT('',(350.,-110.,417.));
#1903 = SPHERICAL_SURFACE('',#1904,3.);
#1904 = AXIS2_PLACEMENT_3D('',#1905,#1906,#1907);
#1905 = CARTESIAN_POINT('',(350.,-110.,420.));
#1906 = DIRECTION('',(0.,0.,1.));
#1907 = DIRECTION('',(1.,0.,0.));
#1908 = ( GEOMETRIC_REPRESENTATION_CONTEXT(3) 
GLOBAL_UNCERTAINTY_ASSIGNED_CONTEXT((#1912)) 
GLOBAL_UNIT_ASSIGNED_CONTEXT((#1909,#1910,#1911)) REPRESENTATION_CONTEXT
('Context #1','3D Context with UNIT and UNCERTAINTY') );
#1909 = ( LENGTH_UNIT() NAMED_UNIT(*) SI_UNIT(.MILLI.,.METRE.) );
#1910 = ( NAMED_UNIT(*) PLANE_ANGLE_UNIT() SI_UNIT($,.RADIAN.) );
#1911 = ( NAMED_UNIT(*) SI_UNIT($,.STERADIAN.) SOLID_ANGLE_UNIT() );
#1912 = UNCERTAINTY_MEASURE_WITH_UNIT(LENGTH_MEASURE(1.E-07),#1909,
  'distance_accuracy_value','confusion accuracy');
#1913 = CONTEXT_DEPENDENT_SHAPE_REPRESENTATION(#1914,#1916);
#1914 = ( REPRESENTATION_RELATIONSHIP('','',#1895,#10) 
REPRESENTATION_RELATIONSHIP_WITH_TRANSFORMATION(#1915) 
SHAPE_REPRESENTATION_RELATIONSHIP() );
#1915 = ITEM_DEFINED_TRANSFORMATION('','',#11,#51);
#1916 = PRODUCT_DEFINITION_SHAPE('Placement','Placement of an item',
  #1917);
#1917 = NEXT_ASSEMBLY_USAGE_OCCURRENCE('10','SPOT_S05','',#5,#1890,$);
#1918 = PRODUCT_RELATED_PRODUCT_CATEGORY('part',$,(#1892));
#1919 = SHAPE_DEFINITION_REPRESENTATION(#1920,#1926);
#1920 = PRODUCT_DEFINITION_SHAPE('','',#1921);
#1921 = PRODUCT_DEFINITION('design','',#1922,#1925);
#1922 = PRODUCT_DEFINITION_FORMATION('','',#1923);
#1923 = PRODUCT('SPOT_S06','SPOT_S06','',(#1924));
#1924 = PRODUCT_CONTEXT('',#2,'mechanical');
#1925 = PRODUCT_DEFINITION_CONTEXT('part definition',#2,'design');
#1926 = ADVANCED_BREP_SHAPE_REPRESENTATION('',(#11,#1927),#1939);
#1927 = MANIFOLD_SOLID_BREP('',#1928);
#1928 = CLOSED_SHELL('',(#1929));
#1929 = ADVANCED_FACE('',(#1930),#1934,.T.);
#1930 = FACE_BOUND('',#1931,.T.);
#1931 = VERTEX_LOOP('',#1932);
#1932 = VERTEX_POINT('',#1933);
#1933 = CARTESIAN_POINT('',(400.,-110.,417.));
#1934 = SPHERICAL_SURFACE('',#1935,3.);
#1935 = AXIS2_PLACEMENT_3D('',#1936,#1937,#1938);
#1936 = CARTESIAN_POINT('',(400.,-110.,420.));
#1937 = DIRECTION('',(0.,0.,1.));
#1938 = DIRECTION('',(1.,0.,0.));
#1939 = ( GEOMETRIC_REPRESENTATION_CONTEXT(3) 
GLOBAL_UNCERTAINTY_ASSIGNED_CONTEXT((#1943)) 
GLOBAL_UNIT_ASSIGNED_CONTEXT((#1940,#1941,#1942)) REPRESENTATION_CONTEXT
('Context #1','3D Context with UNIT and UNCERTAINTY') );
#1940 = ( LENGTH_UNIT() NAMED_UNIT(*) SI_UNIT(.MILLI.,.METRE.) );
#1941 = ( NAMED_UNIT(*) PLANE_ANGLE_UNIT() SI_UNIT($,.RADIAN.) );
#1942 = ( NAMED_UNIT(*) SI_UNIT($,.STERADIAN.) SOLID_ANGLE_UNIT() );
#1943 = UNCERTAINTY_MEASURE_WITH_UNIT(LENGTH_MEASURE(1.E-07),#1940,
  'distance_accuracy_value','confusion accuracy');
#1944 = CONTEXT_DEPENDENT_SHAPE_REPRESENTATION(#1945,#1947);
#1945 = ( REPRESENTATION_RELATIONSHIP('','',#1926,#10) 
REPRESENTATION_RELATIONSHIP_WITH_TRANSFORMATION(#1946) 
SHAPE_REPRESENTATION_RELATIONSHIP() );
#1946 = ITEM_DEFINED_TRANSFORMATION('','',#11,#55);
#1947 = PRODUCT_DEFINITION_SHAPE('Placement','Placement of an item',
  #1948);
#1948 = NEXT_ASSEMBLY_USAGE_OCCURRENCE('11','SPOT_S06','',#5,#1921,$);
#1949 = PRODUCT_RELATED_PRODUCT_CATEGORY('part',$,(#1923));
#1950 = SHAPE_DEFINITION_REPRESENTATION(#1951,#1957);
#1951 = PRODUCT_DEFINITION_SHAPE('','',#1952);
#1952 = PRODUCT_DEFINITION('design','',#1953,#1956);
#1953 = PRODUCT_DEFINITION_FORMATION('','',#1954);
#1954 = PRODUCT('SPOT_S07','SPOT_S07','',(#1955));
#1955 = PRODUCT_CONTEXT('',#2,'mechanical');
#1956 = PRODUCT_DEFINITION_CONTEXT('part definition',#2,'design');
#1957 = ADVANCED_BREP_SHAPE_REPRESENTATION('',(#11,#1958),#1970);
#1958 = MANIFOLD_SOLID_BREP('',#1959);
#1959 = CLOSED_SHELL('',(#1960));
#1960 = ADVANCED_FACE('',(#1961),#1965,.T.);
#1961 = FACE_BOUND('',#1962,.T.);
#1962 = VERTEX_LOOP('',#1963);
#1963 = VERTEX_POINT('',#1964);
#1964 = CARTESIAN_POINT('',(450.,-110.,417.));
#1965 = SPHERICAL_SURFACE('',#1966,3.);
#1966 = AXIS2_PLACEMENT_3D('',#1967,#1968,#1969);
#1967 = CARTESIAN_POINT('',(450.,-110.,420.));
#1968 = DIRECTION('',(0.,0.,1.));
#1969 = DIRECTION('',(1.,0.,0.));
#1970 = ( GEOMETRIC_REPRESENTATION_CONTEXT(3) 
GLOBAL_UNCERTAINTY_ASSIGNED_CONTEXT((#1974)) 
GLOBAL_UNIT_ASSIGNED_CONTEXT((#1971,#1972,#1973)) REPRESENTATION_CONTEXT
('Context #1','3D Context with UNIT and UNCERTAINTY') );
#1971 = ( LENGTH_UNIT() NAMED_UNIT(*) SI_UNIT(.MILLI.,.METRE.) );
#1972 = ( NAMED_UNIT(*) PLANE_ANGLE_UNIT() SI_UNIT($,.RADIAN.) );
#1973 = ( NAMED_UNIT(*) SI_UNIT($,.STERADIAN.) SOLID_ANGLE_UNIT() );
#1974 = UNCERTAINTY_MEASURE_WITH_UNIT(LENGTH_MEASURE(1.E-07),#1971,
  'distance_accuracy_value','confusion accuracy');
#1975 = CONTEXT_DEPENDENT_SHAPE_REPRESENTATION(#1976,#1978);
#1976 = ( REPRESENTATION_RELATIONSHIP('','',#1957,#10) 
REPRESENTATION_RELATIONSHIP_WITH_TRANSFORMATION(#1977) 
SHAPE_REPRESENTATION_RELATIONSHIP() );
#1977 = ITEM_DEFINED_TRANSFORMATION('','',#11,#59);
#1978 = PRODUCT_DEFINITION_SHAPE('Placement','Placement of an item',
  #1979);
#1979 = NEXT_ASSEMBLY_USAGE_OCCURRENCE('12','SPOT_S07','',#5,#1952,$);
#1980 = PRODUCT_RELATED_PRODUCT_CATEGORY('part',$,(#1954));
#1981 = SHAPE_DEFINITION_REPRESENTATION(#1982,#1988);
#1982 = PRODUCT_DEFINITION_SHAPE('','',#1983);
#1983 = PRODUCT_DEFINITION('design','',#1984,#1987);
#1984 = PRODUCT_DEFINITION_FORMATION('','',#1985);
#1985 = PRODUCT('SPOT_S08','SPOT_S08','',(#1986));
#1986 = PRODUCT_CONTEXT('',#2,'mechanical');
#1987 = PRODUCT_DEFINITION_CONTEXT('part definition',#2,'design');
#1988 = ADVANCED_BREP_SHAPE_REPRESENTATION('',(#11,#1989),#2001);
#1989 = MANIFOLD_SOLID_BREP('',#1990);
#1990 = CLOSED_SHELL('',(#1991));
#1991 = ADVANCED_FACE('',(#1992),#1996,.T.);
#1992 = FACE_BOUND('',#1993,.T.);
#1993 = VERTEX_LOOP('',#1994);
#1994 = VERTEX_POINT('',#1995);
#1995 = CARTESIAN_POINT('',(500.,-110.,417.));
#1996 = SPHERICAL_SURFACE('',#1997,3.);
#1997 = AXIS2_PLACEMENT_3D('',#1998,#1999,#2000);
#1998 = CARTESIAN_POINT('',(500.,-110.,420.));
#1999 = DIRECTION('',(0.,0.,1.));
#2000 = DIRECTION('',(1.,0.,0.));
#2001 = ( GEOMETRIC_REPRESENTATION_CONTEXT(3) 
GLOBAL_UNCERTAINTY_ASSIGNED_CONTEXT((#2005)) 
GLOBAL_UNIT_ASSIGNED_CONTEXT((#2002,#2003,#2004)) REPRESENTATION_CONTEXT
('Context #1','3D Context with UNIT and UNCERTAINTY') );
#2002 = ( LENGTH_UNIT() NAMED_UNIT(*) SI_UNIT(.MILLI.,.METRE.) );
#2003 = ( NAMED_UNIT(*) PLANE_ANGLE_UNIT() SI_UNIT($,.RADIAN.) );
#2004 = ( NAMED_UNIT(*) SI_UNIT($,.STERADIAN.) SOLID_ANGLE_UNIT() );
#2005 = UNCERTAINTY_MEASURE_WITH_UNIT(LENGTH_MEASURE(1.E-07),#2002,
  'distance_accuracy_value','confusion accuracy');
#2006 = CONTEXT_DEPENDENT_SHAPE_REPRESENTATION(#2007,#2009);
#2007 = ( REPRESENTATION_RELATIONSHIP('','',#1988,#10) 
REPRESENTATION_RELATIONSHIP_WITH_TRANSFORMATION(#2008) 
SHAPE_REPRESENTATION_RELATIONSHIP() );
#2008 = ITEM_DEFINED_TRANSFORMATION('','',#11,#63);
#2009 = PRODUCT_DEFINITION_SHAPE('Placement','Placement of an item',
  #2010);
#2010 = NEXT_ASSEMBLY_USAGE_OCCURRENCE('13','SPOT_S08','',#5,#1983,$);
#2011 = PRODUCT_RELATED_PRODUCT_CATEGORY('part',$,(#1985));
#2012 = SHAPE_DEFINITION_REPRESENTATION(#2013,#2019);
#2013 = PRODUCT_DEFINITION_SHAPE('','',#2014);
#2014 = PRODUCT_DEFINITION('design','',#2015,#2018);
#2015 = PRODUCT_DEFINITION_FORMATION('','',#2016);
#2016 = PRODUCT('SPOT_S09','SPOT_S09','',(#2017));
#2017 = PRODUCT_CONTEXT('',#2,'mechanical');
#2018 = PRODUCT_DEFINITION_CONTEXT('part definition',#2,'design');
#2019 = ADVANCED_BREP_SHAPE_REPRESENTATION('',(#11,#2020),#2032);
#2020 = MANIFOLD_SOLID_BREP('',#2021);
#2021 = CLOSED_SHELL('',(#2022));
#2022 = ADVANCED_FACE('',(#2023),#2027,.T.);
#2023 = FACE_BOUND('',#2024,.T.);
#2024 = VERTEX_LOOP('',#2025);
#2025 = VERTEX_POINT('',#2026);
#2026 = CARTESIAN_POINT('',(550.,-110.,417.));
#2027 = SPHERICAL_SURFACE('',#2028,3.);
#2028 = AXIS2_PLACEMENT_3D('',#2029,#2030,#2031);
#2029 = CARTESIAN_POINT('',(550.,-110.,420.));
#2030 = DIRECTION('',(0.,0.,1.));
#2031 = DIRECTION('',(1.,0.,0.));
#2032 = ( GEOMETRIC_REPRESENTATION_CONTEXT(3) 
GLOBAL_UNCERTAINTY_ASSIGNED_CONTEXT((#2036)) 
GLOBAL_UNIT_ASSIGNED_CONTEXT((#2033,#2034,#2035)) REPRESENTATION_CONTEXT
('Context #1','3D Context with UNIT and UNCERTAINTY') );
#2033 = ( LENGTH_UNIT() NAMED_UNIT(*) SI_UNIT(.MILLI.,.METRE.) );
#2034 = ( NAMED_UNIT(*) PLANE_ANGLE_UNIT() SI_UNIT($,.RADIAN.) );
#2035 = ( NAMED_UNIT(*) SI_UNIT($,.STERADIAN.) SOLID_ANGLE_UNIT() );
#2036 = UNCERTAINTY_MEASURE_WITH_UNIT(LENGTH_MEASURE(1.E-07),#2033,
  'distance_accuracy_value','confusion accuracy');
#2037 = CONTEXT_DEPENDENT_SHAPE_REPRESENTATION(#2038,#2040);
#2038 = ( REPRESENTATION_RELATIONSHIP('','',#2019,#10) 
REPRESENTATION_RELATIONSHIP_WITH_TRANSFORMATION(#2039) 
SHAPE_REPRESENTATION_RELATIONSHIP() );
#2039 = ITEM_DEFINED_TRANSFORMATION('','',#11,#67);
#2040 = PRODUCT_DEFINITION_SHAPE('Placement','Placement of an item',
  #2041);
#2041 = NEXT_ASSEMBLY_USAGE_OCCURRENCE('14','SPOT_S09','',#5,#2014,$);
#2042 = PRODUCT_RELATED_PRODUCT_CATEGORY('part',$,(#2016));
#2043 = SHAPE_DEFINITION_REPRESENTATION(#2044,#2050);
#2044 = PRODUCT_DEFINITION_SHAPE('','',#2045);
#2045 = PRODUCT_DEFINITION('design','',#2046,#2049);
#2046 = PRODUCT_DEFINITION_FORMATION('','',#2047);
#2047 = PRODUCT('SPOT_S10','SPOT_S10','',(#2048));
#2048 = PRODUCT_CONTEXT('',#2,'mechanical');
#2049 = PRODUCT_DEFINITION_CONTEXT('part definition',#2,'design');
#2050 = ADVANCED_BREP_SHAPE_REPRESENTATION('',(#11,#2051),#2063);
#2051 = MANIFOLD_SOLID_BREP('',#2052);
#2052 = CLOSED_SHELL('',(#2053));
#2053 = ADVANCED_FACE('',(#2054),#2058,.T.);
#2054 = FACE_BOUND('',#2055,.T.);
#2055 = VERTEX_LOOP('',#2056);
#2056 = VERTEX_POINT('',#2057);
#2057 = CARTESIAN_POINT('',(600.,-110.,417.));
#2058 = SPHERICAL_SURFACE('',#2059,3.);
#2059 = AXIS2_PLACEMENT_3D('',#2060,#2061,#2062);
#2060 = CARTESIAN_POINT('',(600.,-110.,420.));
#2061 = DIRECTION('',(0.,0.,1.));
#2062 = DIRECTION('',(1.,0.,0.));
#2063 = ( GEOMETRIC_REPRESENTATION_CONTEXT(3) 
GLOBAL_UNCERTAINTY_ASSIGNED_CONTEXT((#2067)) 
GLOBAL_UNIT_ASSIGNED_CONTEXT((#2064,#2065,#2066)) REPRESENTATION_CONTEXT
('Context #1','3D Context with UNIT and UNCERTAINTY') );
#2064 = ( LENGTH_UNIT() NAMED_UNIT(*) SI_UNIT(.MILLI.,.METRE.) );
#2065 = ( NAMED_UNIT(*) PLANE_ANGLE_UNIT() SI_UNIT($,.RADIAN.) );
#2066 = ( NAMED_UNIT(*) SI_UNIT($,.STERADIAN.) SOLID_ANGLE_UNIT() );
#2067 = UNCERTAINTY_MEASURE_WITH_UNIT(LENGTH_MEASURE(1.E-07),#2064,
  'distance_accuracy_value','confusion accuracy');
#2068 = CONTEXT_DEPENDENT_SHAPE_REPRESENTATION(#2069,#2071);
#2069 = ( REPRESENTATION_RELATIONSHIP('','',#2050,#10) 
REPRESENTATION_RELATIONSHIP_WITH_TRANSFORMATION(#2070) 
SHAPE_REPRESENTATION_RELATIONSHIP() );
#2070 = ITEM_DEFINED_TRANSFORMATION('','',#11,#71);
#2071 = PRODUCT_DEFINITION_SHAPE('Placement','Placement of an item',
  #2072);
#2072 = NEXT_ASSEMBLY_USAGE_OCCURRENCE('15','SPOT_S10','',#5,#2045,$);
#2073 = PRODUCT_RELATED_PRODUCT_CATEGORY('part',$,(#2047));
#2074 = SHAPE_DEFINITION_REPRESENTATION(#2075,#2081);
#2075 = PRODUCT_DEFINITION_SHAPE('','',#2076);
#2076 = PRODUCT_DEFINITION('design','',#2077,#2080);
#2077 = PRODUCT_DEFINITION_FORMATION('','',#2078);
#2078 = PRODUCT('SPOT_S11','SPOT_S11','',(#2079));
#2079 = PRODUCT_CONTEXT('',#2,'mechanical');
#2080 = PRODUCT_DEFINITION_CONTEXT('part definition',#2,'design');
#2081 = ADVANCED_BREP_SHAPE_REPRESENTATION('',(#11,#2082),#2094);
#2082 = MANIFOLD_SOLID_BREP('',#2083);
#2083 = CLOSED_SHELL('',(#2084));
#2084 = ADVANCED_FACE('',(#2085),#2089,.T.);
#2085 = FACE_BOUND('',#2086,.T.);
#2086 = VERTEX_LOOP('',#2087);
#2087 = VERTEX_POINT('',#2088);
#2088 = CARTESIAN_POINT('',(650.,-110.,417.));
#2089 = SPHERICAL_SURFACE('',#2090,3.);
#2090 = AXIS2_PLACEMENT_3D('',#2091,#2092,#2093);
#2091 = CARTESIAN_POINT('',(650.,-110.,420.));
#2092 = DIRECTION('',(0.,0.,1.));
#2093 = DIRECTION('',(1.,0.,0.));
#2094 = ( GEOMETRIC_REPRESENTATION_CONTEXT(3) 
GLOBAL_UNCERTAINTY_ASSIGNED_CONTEXT((#2098)) 
GLOBAL_UNIT_ASSIGNED_CONTEXT((#2095,#2096,#2097)) REPRESENTATION_CONTEXT
('Context #1','3D Context with UNIT and UNCERTAINTY') );
#2095 = ( LENGTH_UNIT() NAMED_UNIT(*) SI_UNIT(.MILLI.,.METRE.) );
#2096 = ( NAMED_UNIT(*) PLANE_ANGLE_UNIT() SI_UNIT($,.RADIAN.) );
#2097 = ( NAMED_UNIT(*) SI_UNIT($,.STERADIAN.) SOLID_ANGLE_UNIT() );
#2098 = UNCERTAINTY_MEASURE_WITH_UNIT(LENGTH_MEASURE(1.E-07),#2095,
  'distance_accuracy_value','confusion accuracy');
#2099 = CONTEXT_DEPENDENT_SHAPE_REPRESENTATION(#2100,#2102);
#2100 = ( REPRESENTATION_RELATIONSHIP('','',#2081,#10) 
REPRESENTATION_RELATIONSHIP_WITH_TRANSFORMATION(#2101) 
SHAPE_REPRESENTATION_RELATIONSHIP() );
#2101 = ITEM_DEFINED_TRANSFORMATION('','',#11,#75);
#2102 = PRODUCT_DEFINITION_SHAPE('Placement','Placement of an item',
  #2103);
#2103 = NEXT_ASSEMBLY_USAGE_OCCURRENCE('16','SPOT_S11','',#5,#2076,$);
#2104 = PRODUCT_RELATED_PRODUCT_CATEGORY('part',$,(#2078));
#2105 = SHAPE_DEFINITION_REPRESENTATION(#2106,#2112);
#2106 = PRODUCT_DEFINITION_SHAPE('','',#2107);
#2107 = PRODUCT_DEFINITION('design','',#2108,#2111);
#2108 = PRODUCT_DEFINITION_FORMATION('','',#2109);
#2109 = PRODUCT('SPOT_S12','SPOT_S12','',(#2110));
#2110 = PRODUCT_CONTEXT('',#2,'mechanical');
#2111 = PRODUCT_DEFINITION_CONTEXT('part definition',#2,'design');
#2112 = ADVANCED_BREP_SHAPE_REPRESENTATION('',(#11,#2113),#2125);
#2113 = MANIFOLD_SOLID_BREP('',#2114);
#2114 = CLOSED_SHELL('',(#2115));
#2115 = ADVANCED_FACE('',(#2116),#2120,.T.);
#2116 = FACE_BOUND('',#2117,.T.);
#2117 = VERTEX_LOOP('',#2118);
#2118 = VERTEX_POINT('',#2119);
#2119 = CARTESIAN_POINT('',(700.,-110.,417.));
#2120 = SPHERICAL_SURFACE('',#2121,3.);
#2121 = AXIS2_PLACEMENT_3D('',#2122,#2123,#2124);
#2122 = CARTESIAN_POINT('',(700.,-110.,420.));
#2123 = DIRECTION('',(0.,0.,1.));
#2124 = DIRECTION('',(1.,0.,0.));
#2125 = ( GEOMETRIC_REPRESENTATION_CONTEXT(3) 
GLOBAL_UNCERTAINTY_ASSIGNED_CONTEXT((#2129)) 
GLOBAL_UNIT_ASSIGNED_CONTEXT((#2126,#2127,#2128)) REPRESENTATION_CONTEXT
('Context #1','3D Context with UNIT and UNCERTAINTY') );
#2126 = ( LENGTH_UNIT() NAMED_UNIT(*) SI_UNIT(.MILLI.,.METRE.) );
#2127 = ( NAMED_UNIT(*) PLANE_ANGLE_UNIT() SI_UNIT($,.RADIAN.) );
#2128 = ( NAMED_UNIT(*) SI_UNIT($,.STERADIAN.) SOLID_ANGLE_UNIT() );
#2129 = UNCERTAINTY_MEASURE_WITH_UNIT(LENGTH_MEASURE(1.E-07),#2126,
  'distance_accuracy_value','confusion accuracy');
#2130 = CONTEXT_DEPENDENT_SHAPE_REPRESENTATION(#2131,#2133);
#2131 = ( REPRESENTATION_RELATIONSHIP('','',#2112,#10) 
REPRESENTATION_RELATIONSHIP_WITH_TRANSFORMATION(#2132) 
SHAPE_REPRESENTATION_RELATIONSHIP() );
#2132 = ITEM_DEFINED_TRANSFORMATION('','',#11,#79);
#2133 = PRODUCT_DEFINITION_SHAPE('Placement','Placement of an item',
  #2134);
#2134 = NEXT_ASSEMBLY_USAGE_OCCURRENCE('17','SPOT_S12','',#5,#2107,$);
#2135 = PRODUCT_RELATED_PRODUCT_CATEGORY('part',$,(#2109));
#2136 = SHAPE_DEFINITION_REPRESENTATION(#2137,#2143);
#2137 = PRODUCT_DEFINITION_SHAPE('','',#2138);
#2138 = PRODUCT_DEFINITION('design','',#2139,#2142);
#2139 = PRODUCT_DEFINITION_FORMATION('','',#2140);
#2140 = PRODUCT('SPOT_S13','SPOT_S13','',(#2141));
#2141 = PRODUCT_CONTEXT('',#2,'mechanical');
#2142 = PRODUCT_DEFINITION_CONTEXT('part definition',#2,'design');
#2143 = ADVANCED_BREP_SHAPE_REPRESENTATION('',(#11,#2144),#2156);
#2144 = MANIFOLD_SOLID_BREP('',#2145);
#2145 = CLOSED_SHELL('',(#2146));
#2146 = ADVANCED_FACE('',(#2147),#2151,.T.);
#2147 = FACE_BOUND('',#2148,.T.);
#2148 = VERTEX_LOOP('',#2149);
#2149 = VERTEX_POINT('',#2150);
#2150 = CARTESIAN_POINT('',(750.,-110.,417.));
#2151 = SPHERICAL_SURFACE('',#2152,3.);
#2152 = AXIS2_PLACEMENT_3D('',#2153,#2154,#2155);
#2153 = CARTESIAN_POINT('',(750.,-110.,420.));
#2154 = DIRECTION('',(0.,0.,1.));
#2155 = DIRECTION('',(1.,0.,0.));
#2156 = ( GEOMETRIC_REPRESENTATION_CONTEXT(3) 
GLOBAL_UNCERTAINTY_ASSIGNED_CONTEXT((#2160)) 
GLOBAL_UNIT_ASSIGNED_CONTEXT((#2157,#2158,#2159)) REPRESENTATION_CONTEXT
('Context #1','3D Context with UNIT and UNCERTAINTY') );
#2157 = ( LENGTH_UNIT() NAMED_UNIT(*) SI_UNIT(.MILLI.,.METRE.) );
#2158 = ( NAMED_UNIT(*) PLANE_ANGLE_UNIT() SI_UNIT($,.RADIAN.) );
#2159 = ( NAMED_UNIT(*) SI_UNIT($,.STERADIAN.) SOLID_ANGLE_UNIT() );
#2160 = UNCERTAINTY_MEASURE_WITH_UNIT(LENGTH_MEASURE(1.E-07),#2157,
  'distance_accuracy_value','confusion accuracy');
#2161 = CONTEXT_DEPENDENT_SHAPE_REPRESENTATION(#2162,#2164);
#2162 = ( REPRESENTATION_RELATIONSHIP('','',#2143,#10) 
REPRESENTATION_RELATIONSHIP_WITH_TRANSFORMATION(#2163) 
SHAPE_REPRESENTATION_RELATIONSHIP() );
#2163 = ITEM_DEFINED_TRANSFORMATION('','',#11,#83);
#2164 = PRODUCT_DEFINITION_SHAPE('Placement','Placement of an item',
  #2165);
#2165 = NEXT_ASSEMBLY_USAGE_OCCURRENCE('18','SPOT_S13','',#5,#2138,$);
#2166 = PRODUCT_RELATED_PRODUCT_CATEGORY('part',$,(#2140));
#2167 = SHAPE_DEFINITION_REPRESENTATION(#2168,#2174);
#2168 = PRODUCT_DEFINITION_SHAPE('','',#2169);
#2169 = PRODUCT_DEFINITION('design','',#2170,#2173);
#2170 = PRODUCT_DEFINITION_FORMATION('','',#2171);
#2171 = PRODUCT('SPOT_S14','SPOT_S14','',(#2172));
#2172 = PRODUCT_CONTEXT('',#2,'mechanical');
#2173 = PRODUCT_DEFINITION_CONTEXT('part definition',#2,'design');
#2174 = ADVANCED_BREP_SHAPE_REPRESENTATION('',(#11,#2175),#2187);
#2175 = MANIFOLD_SOLID_BREP('',#2176);
#2176 = CLOSED_SHELL('',(#2177));
#2177 = ADVANCED_FACE('',(#2178),#2182,.T.);
#2178 = FACE_BOUND('',#2179,.T.);
#2179 = VERTEX_LOOP('',#2180);
#2180 = VERTEX_POINT('',#2181);
#2181 = CARTESIAN_POINT('',(800.,-110.,417.));
#2182 = SPHERICAL_SURFACE('',#2183,3.);
#2183 = AXIS2_PLACEMENT_3D('',#2184,#2185,#2186);
#2184 = CARTESIAN_POINT('',(800.,-110.,420.));
#2185 = DIRECTION('',(0.,0.,1.));
#2186 = DIRECTION('',(1.,0.,0.));
#2187 = ( GEOMETRIC_REPRESENTATION_CONTEXT(3) 
GLOBAL_UNCERTAINTY_ASSIGNED_CONTEXT((#2191)) 
GLOBAL_UNIT_ASSIGNED_CONTEXT((#2188,#2189,#2190)) REPRESENTATION_CONTEXT
('Context #1','3D Context with UNIT and UNCERTAINTY') );
#2188 = ( LENGTH_UNIT() NAMED_UNIT(*) SI_UNIT(.MILLI.,.METRE.) );
#2189 = ( NAMED_UNIT(*) PLANE_ANGLE_UNIT() SI_UNIT($,.RADIAN.) );
#2190 = ( NAMED_UNIT(*) SI_UNIT($,.STERADIAN.) SOLID_ANGLE_UNIT() );
#2191 = UNCERTAINTY_MEASURE_WITH_UNIT(LENGTH_MEASURE(1.E-07),#2188,
  'distance_accuracy_value','confusion accuracy');
#2192 = CONTEXT_DEPENDENT_SHAPE_REPRESENTATION(#2193,#2195);
#2193 = ( REPRESENTATION_RELATIONSHIP('','',#2174,#10) 
REPRESENTATION_RELATIONSHIP_WITH_TRANSFORMATION(#2194) 
SHAPE_REPRESENTATION_RELATIONSHIP() );
#2194 = ITEM_DEFINED_TRANSFORMATION('','',#11,#87);
#2195 = PRODUCT_DEFINITION_SHAPE('Placement','Placement of an item',
  #2196);
#2196 = NEXT_ASSEMBLY_USAGE_OCCURRENCE('19','SPOT_S14','',#5,#2169,$);
#2197 = PRODUCT_RELATED_PRODUCT_CATEGORY('part',$,(#2171));
#2198 = SHAPE_DEFINITION_REPRESENTATION(#2199,#2205);
#2199 = PRODUCT_DEFINITION_SHAPE('','',#2200);
#2200 = PRODUCT_DEFINITION('design','',#2201,#2204);
#2201 = PRODUCT_DEFINITION_FORMATION('','',#2202);
#2202 = PRODUCT('SPOT_S15','SPOT_S15','',(#2203));
#2203 = PRODUCT_CONTEXT('',#2,'mechanical');
#2204 = PRODUCT_DEFINITION_CONTEXT('part definition',#2,'design');
#2205 = ADVANCED_BREP_SHAPE_REPRESENTATION('',(#11,#2206),#2218);
#2206 = MANIFOLD_SOLID_BREP('',#2207);
#2207 = CLOSED_SHELL('',(#2208));
#2208 = ADVANCED_FACE('',(#2209),#2213,.T.);
#2209 = FACE_BOUND('',#2210,.T.);
#2210 = VERTEX_LOOP('',#2211);
#2211 = VERTEX_POINT('',#2212);
#2212 = CARTESIAN_POINT('',(850.,-110.,417.));
#2213 = SPHERICAL_SURFACE('',#2214,3.);
#2214 = AXIS2_PLACEMENT_3D('',#2215,#2216,#2217);
#2215 = CARTESIAN_POINT('',(850.,-110.,420.));
#2216 = DIRECTION('',(0.,0.,1.));
#2217 = DIRECTION('',(1.,0.,0.));
#2218 = ( GEOMETRIC_REPRESENTATION_CONTEXT(3) 
GLOBAL_UNCERTAINTY_ASSIGNED_CONTEXT((#2222)) 
GLOBAL_UNIT_ASSIGNED_CONTEXT((#2219,#2220,#2221)) REPRESENTATION_CONTEXT
('Context #1','3D Context with UNIT and UNCERTAINTY') );
#2219 = ( LENGTH_UNIT() NAMED_UNIT(*) SI_UNIT(.MILLI.,.METRE.) );
#2220 = ( NAMED_UNIT(*) PLANE_ANGLE_UNIT() SI_UNIT($,.RADIAN.) );
#2221 = ( NAMED_UNIT(*) SI_UNIT($,.STERADIAN.) SOLID_ANGLE_UNIT() );
#2222 = UNCERTAINTY_MEASURE_WITH_UNIT(LENGTH_MEASURE(1.E-07),#2219,
  'distance_accuracy_value','confusion accuracy');
#2223 = CONTEXT_DEPENDENT_SHAPE_REPRESENTATION(#2224,#2226);
#2224 = ( REPRESENTATION_RELATIONSHIP('','',#2205,#10) 
REPRESENTATION_RELATIONSHIP_WITH_TRANSFORMATION(#2225) 
SHAPE_REPRESENTATION_RELATIONSHIP() );
#2225 = ITEM_DEFINED_TRANSFORMATION('','',#11,#91);
#2226 = PRODUCT_DEFINITION_SHAPE('Placement','Placement of an item',
  #2227);
#2227 = NEXT_ASSEMBLY_USAGE_OCCURRENCE('20','SPOT_S15','',#5,#2200,$);
#2228 = PRODUCT_RELATED_PRODUCT_CATEGORY('part',$,(#2202));
#2229 = SHAPE_DEFINITION_REPRESENTATION(#2230,#2236);
#2230 = PRODUCT_DEFINITION_SHAPE('','',#2231);
#2231 = PRODUCT_DEFINITION('design','',#2232,#2235);
#2232 = PRODUCT_DEFINITION_FORMATION('','',#2233);
#2233 = PRODUCT('SPOT_S16','SPOT_S16','',(#2234));
#2234 = PRODUCT_CONTEXT('',#2,'mechanical');
#2235 = PRODUCT_DEFINITION_CONTEXT('part definition',#2,'design');
#2236 = ADVANCED_BREP_SHAPE_REPRESENTATION('',(#11,#2237),#2249);
#2237 = MANIFOLD_SOLID_BREP('',#2238);
#2238 = CLOSED_SHELL('',(#2239));
#2239 = ADVANCED_FACE('',(#2240),#2244,.T.);
#2240 = FACE_BOUND('',#2241,.T.);
#2241 = VERTEX_LOOP('',#2242);
#2242 = VERTEX_POINT('',#2243);
#2243 = CARTESIAN_POINT('',(900.,-110.,417.));
#2244 = SPHERICAL_SURFACE('',#2245,3.);
#2245 = AXIS2_PLACEMENT_3D('',#2246,#2247,#2248);
#2246 = CARTESIAN_POINT('',(900.,-110.,420.));
#2247 = DIRECTION('',(0.,0.,1.));
#2248 = DIRECTION('',(1.,0.,0.));
#2249 = ( GEOMETRIC_REPRESENTATION_CONTEXT(3) 
GLOBAL_UNCERTAINTY_ASSIGNED_CONTEXT((#2253)) 
GLOBAL_UNIT_ASSIGNED_CONTEXT((#2250,#2251,#2252)) REPRESENTATION_CONTEXT
('Context #1','3D Context with UNIT and UNCERTAINTY') );
#2250 = ( LENGTH_UNIT() NAMED_UNIT(*) SI_UNIT(.MILLI.,.METRE.) );
#2251 = ( NAMED_UNIT(*) PLANE_ANGLE_UNIT() SI_UNIT($,.RADIAN.) );
#2252 = ( NAMED_UNIT(*) SI_UNIT($,.STERADIAN.) SOLID_ANGLE_UNIT() );
#2253 = UNCERTAINTY_MEASURE_WITH_UNIT(LENGTH_MEASURE(1.E-07),#2250,
  'distance_accuracy_value','confusion accuracy');
#2254 = CONTEXT_DEPENDENT_SHAPE_REPRESENTATION(#2255,#2257);
#2255 = ( REPRESENTATION_RELATIONSHIP('','',#2236,#10) 
REPRESENTATION_RELATIONSHIP_WITH_TRANSFORMATION(#2256) 
SHAPE_REPRESENTATION_RELATIONSHIP() );
#2256 = ITEM_DEFINED_TRANSFORMATION('','',#11,#95);
#2257 = PRODUCT_DEFINITION_SHAPE('Placement','Placement of an item',
  #2258);
#2258 = NEXT_ASSEMBLY_USAGE_OCCURRENCE('21','SPOT_S16','',#5,#2231,$);
#2259 = PRODUCT_RELATED_PRODUCT_CATEGORY('part',$,(#2233));
#2260 = SHAPE_DEFINITION_REPRESENTATION(#2261,#2267);
#2261 = PRODUCT_DEFINITION_SHAPE('','',#2262);
#2262 = PRODUCT_DEFINITION('design','',#2263,#2266);
#2263 = PRODUCT_DEFINITION_FORMATION('','',#2264);
#2264 = PRODUCT('SPOT_S17','SPOT_S17','',(#2265));
#2265 = PRODUCT_CONTEXT('',#2,'mechanical');
#2266 = PRODUCT_DEFINITION_CONTEXT('part definition',#2,'design');
#2267 = ADVANCED_BREP_SHAPE_REPRESENTATION('',(#11,#2268),#2280);
#2268 = MANIFOLD_SOLID_BREP('',#2269);
#2269 = CLOSED_SHELL('',(#2270));
#2270 = ADVANCED_FACE('',(#2271),#2275,.T.);
#2271 = FACE_BOUND('',#2272,.T.);
#2272 = VERTEX_LOOP('',#2273);
#2273 = VERTEX_POINT('',#2274);
#2274 = CARTESIAN_POINT('',(950.,-110.,417.));
#2275 = SPHERICAL_SURFACE('',#2276,3.);
#2276 = AXIS2_PLACEMENT_3D('',#2277,#2278,#2279);
#2277 = CARTESIAN_POINT('',(950.,-110.,420.));
#2278 = DIRECTION('',(0.,0.,1.));
#2279 = DIRECTION('',(1.,0.,0.));
#2280 = ( GEOMETRIC_REPRESENTATION_CONTEXT(3) 
GLOBAL_UNCERTAINTY_ASSIGNED_CONTEXT((#2284)) 
GLOBAL_UNIT_ASSIGNED_CONTEXT((#2281,#2282,#2283)) REPRESENTATION_CONTEXT
('Context #1','3D Context with UNIT and UNCERTAINTY') );
#2281 = ( LENGTH_UNIT() NAMED_UNIT(*) SI_UNIT(.MILLI.,.METRE.) );
#2282 = ( NAMED_UNIT(*) PLANE_ANGLE_UNIT() SI_UNIT($,.RADIAN.) );
#2283 = ( NAMED_UNIT(*) SI_UNIT($,.STERADIAN.) SOLID_ANGLE_UNIT() );
#2284 = UNCERTAINTY_MEASURE_WITH_UNIT(LENGTH_MEASURE(1.E-07),#2281,
  'distance_accuracy_value','confusion accuracy');
#2285 = CONTEXT_DEPENDENT_SHAPE_REPRESENTATION(#2286,#2288);
#2286 = ( REPRESENTATION_RELATIONSHIP('','',#2267,#10) 
REPRESENTATION_RELATIONSHIP_WITH_TRANSFORMATION(#2287) 
SHAPE_REPRESENTATION_RELATIONSHIP() );
#2287 = ITEM_DEFINED_TRANSFORMATION('','',#11,#99);
#2288 = PRODUCT_DEFINITION_SHAPE('Placement','Placement of an item',
  #2289);
#2289 = NEXT_ASSEMBLY_USAGE_OCCURRENCE('22','SPOT_S17','',#5,#2262,$);
#2290 = PRODUCT_RELATED_PRODUCT_CATEGORY('part',$,(#2264));
#2291 = SHAPE_DEFINITION_REPRESENTATION(#2292,#2298);
#2292 = PRODUCT_DEFINITION_SHAPE('','',#2293);
#2293 = PRODUCT_DEFINITION('design','',#2294,#2297);
#2294 = PRODUCT_DEFINITION_FORMATION('','',#2295);
#2295 = PRODUCT('SPOT_S18','SPOT_S18','',(#2296));
#2296 = PRODUCT_CONTEXT('',#2,'mechanical');
#2297 = PRODUCT_DEFINITION_CONTEXT('part definition',#2,'design');
#2298 = ADVANCED_BREP_SHAPE_REPRESENTATION('',(#11,#2299),#2311);
#2299 = MANIFOLD_SOLID_BREP('',#2300);
#2300 = CLOSED_SHELL('',(#2301));
#2301 = ADVANCED_FACE('',(#2302),#2306,.T.);
#2302 = FACE_BOUND('',#2303,.T.);
#2303 = VERTEX_LOOP('',#2304);
#2304 = VERTEX_POINT('',#2305);
#2305 = CARTESIAN_POINT('',(1.E+03,-110.,417.));
#2306 = SPHERICAL_SURFACE('',#2307,3.);
#2307 = AXIS2_PLACEMENT_3D('',#2308,#2309,#2310);
#2308 = CARTESIAN_POINT('',(1.E+03,-110.,420.));
#2309 = DIRECTION('',(0.,0.,1.));
#2310 = DIRECTION('',(1.,0.,0.));
#2311 = ( GEOMETRIC_REPRESENTATION_CONTEXT(3) 
GLOBAL_UNCERTAINTY_ASSIGNED_CONTEXT((#2315)) 
GLOBAL_UNIT_ASSIGNED_CONTEXT((#2312,#2313,#2314)) REPRESENTATION_CONTEXT
('Context #1','3D Context with UNIT and UNCERTAINTY') );
#2312 = ( LENGTH_UNIT() NAMED_UNIT(*) SI_UNIT(.MILLI.,.METRE.) );
#2313 = ( NAMED_UNIT(*) PLANE_ANGLE_UNIT() SI_UNIT($,.RADIAN.) );
#2314 = ( NAMED_UNIT(*) SI_UNIT($,.STERADIAN.) SOLID_ANGLE_UNIT() );
#2315 = UNCERTAINTY_MEASURE_WITH_UNIT(LENGTH_MEASURE(1.E-07),#2312,
  'distance_accuracy_value','confusion accuracy');
#2316 = CONTEXT_DEPENDENT_SHAPE_REPRESENTATION(#2317,#2319);
#2317 = ( REPRESENTATION_RELATIONSHIP('','',#2298,#10) 
REPRESENTATION_RELATIONSHIP_WITH_TRANSFORMATION(#2318) 
SHAPE_REPRESENTATION_RELATIONSHIP() );
#2318 = ITEM_DEFINED_TRANSFORMATION('','',#11,#103);
#2319 = PRODUCT_DEFINITION_SHAPE('Placement','Placement of an item',
  #2320);
#2320 = NEXT_ASSEMBLY_USAGE_OCCURRENCE('23','SPOT_S18','',#5,#2293,$);
#2321 = PRODUCT_RELATED_PRODUCT_CATEGORY('part',$,(#2295));
#2322 = SHAPE_DEFINITION_REPRESENTATION(#2323,#2329);
#2323 = PRODUCT_DEFINITION_SHAPE('','',#2324);
#2324 = PRODUCT_DEFINITION('design','',#2325,#2328);
#2325 = PRODUCT_DEFINITION_FORMATION('','',#2326);
#2326 = PRODUCT('SPOT_S19','SPOT_S19','',(#2327));
#2327 = PRODUCT_CONTEXT('',#2,'mechanical');
#2328 = PRODUCT_DEFINITION_CONTEXT('part definition',#2,'design');
#2329 = ADVANCED_BREP_SHAPE_REPRESENTATION('',(#11,#2330),#2342);
#2330 = MANIFOLD_SOLID_BREP('',#2331);
#2331 = CLOSED_SHELL('',(#2332));
#2332 = ADVANCED_FACE('',(#2333),#2337,.T.);
#2333 = FACE_BOUND('',#2334,.T.);
#2334 = VERTEX_LOOP('',#2335);
#2335 = VERTEX_POINT('',#2336);
#2336 = CARTESIAN_POINT('',(1.05E+03,-110.,417.));
#2337 = SPHERICAL_SURFACE('',#2338,3.);
#2338 = AXIS2_PLACEMENT_3D('',#2339,#2340,#2341);
#2339 = CARTESIAN_POINT('',(1.05E+03,-110.,420.));
#2340 = DIRECTION('',(0.,0.,1.));
#2341 = DIRECTION('',(1.,0.,0.));
#2342 = ( GEOMETRIC_REPRESENTATION_CONTEXT(3) 
GLOBAL_UNCERTAINTY_ASSIGNED_CONTEXT((#2346)) 
GLOBAL_UNIT_ASSIGNED_CONTEXT((#2343,#2344,#2345)) REPRESENTATION_CONTEXT
('Context #1','3D Context with UNIT and UNCERTAINTY') );
#2343 = ( LENGTH_UNIT() NAMED_UNIT(*) SI_UNIT(.MILLI.,.METRE.) );
#2344 = ( NAMED_UNIT(*) PLANE_ANGLE_UNIT() SI_UNIT($,.RADIAN.) );
#2345 = ( NAMED_UNIT(*) SI_UNIT($,.STERADIAN.) SOLID_ANGLE_UNIT() );
#2346 = UNCERTAINTY_MEASURE_WITH_UNIT(LENGTH_MEASURE(1.E-07),#2343,
  'distance_accuracy_value','confusion accuracy');
#2347 = CONTEXT_DEPENDENT_SHAPE_REPRESENTATION(#2348,#2350);
#2348 = ( REPRESENTATION_RELATIONSHIP('','',#2329,#10) 
REPRESENTATION_RELATIONSHIP_WITH_TRANSFORMATION(#2349) 
SHAPE_REPRESENTATION_RELATIONSHIP() );
#2349 = ITEM_DEFINED_TRANSFORMATION('','',#11,#107);
#2350 = PRODUCT_DEFINITION_SHAPE('Placement','Placement of an item',
  #2351);
#2351 = NEXT_ASSEMBLY_USAGE_OCCURRENCE('24','SPOT_S19','',#5,#2324,$);
#2352 = PRODUCT_RELATED_PRODUCT_CATEGORY('part',$,(#2326));
#2353 = SHAPE_DEFINITION_REPRESENTATION(#2354,#2360);
#2354 = PRODUCT_DEFINITION_SHAPE('','',#2355);
#2355 = PRODUCT_DEFINITION('design','',#2356,#2359);
#2356 = PRODUCT_DEFINITION_FORMATION('','',#2357);
#2357 = PRODUCT('SPOT_S20','SPOT_S20','',(#2358));
#2358 = PRODUCT_CONTEXT('',#2,'mechanical');
#2359 = PRODUCT_DEFINITION_CONTEXT('part definition',#2,'design');
#2360 = ADVANCED_BREP_SHAPE_REPRESENTATION('',(#11,#2361),#2373);
#2361 = MANIFOLD_SOLID_BREP('',#2362);
#2362 = CLOSED_SHELL('',(#2363));
#2363 = ADVANCED_FACE('',(#2364),#2368,.T.);
#2364 = FACE_BOUND('',#2365,.T.);
#2365 = VERTEX_LOOP('',#2366);
#2366 = VERTEX_POINT('',#2367);
#2367 = CARTESIAN_POINT('',(1.1E+03,-110.,417.));
#2368 = SPHERICAL_SURFACE('',#2369,3.);
#2369 = AXIS2_PLACEMENT_3D('',#2370,#2371,#2372);
#2370 = CARTESIAN_POINT('',(1.1E+03,-110.,420.));
#2371 = DIRECTION('',(0.,0.,1.));
#2372 = DIRECTION('',(1.,0.,0.));
#2373 = ( GEOMETRIC_REPRESENTATION_CONTEXT(3) 
GLOBAL_UNCERTAINTY_ASSIGNED_CONTEXT((#2377)) 
GLOBAL_UNIT_ASSIGNED_CONTEXT((#2374,#2375,#2376)) REPRESENTATION_CONTEXT
('Context #1','3D Context with UNIT and UNCERTAINTY') );
#2374 = ( LENGTH_UNIT() NAMED_UNIT(*) SI_UNIT(.MILLI.,.METRE.) );
#2375 = ( NAMED_UNIT(*) PLANE_ANGLE_UNIT() SI_UNIT($,.RADIAN.) );
#2376 = ( NAMED_UNIT(*) SI_UNIT($,.STERADIAN.) SOLID_ANGLE_UNIT() );
#2377 = UNCERTAINTY_MEASURE_WITH_UNIT(LENGTH_MEASURE(1.E-07),#2374,
  'distance_accuracy_value','confusion accuracy');
#2378 = CONTEXT_DEPENDENT_SHAPE_REPRESENTATION(#2379,#2381);
#2379 = ( REPRESENTATION_RELATIONSHIP('','',#2360,#10) 
REPRESENTATION_RELATIONSHIP_WITH_TRANSFORMATION(#2380) 
SHAPE_REPRESENTATION_RELATIONSHIP() );
#2380 = ITEM_DEFINED_TRANSFORMATION('','',#11,#111);
#2381 = PRODUCT_DEFINITION_SHAPE('Placement','Placement of an item',
  #2382);
#2382 = NEXT_ASSEMBLY_USAGE_OCCURRENCE('25','SPOT_S20','',#5,#2355,$);
#2383 = PRODUCT_RELATED_PRODUCT_CATEGORY('part',$,(#2357));
#2384 = SHAPE_DEFINITION_REPRESENTATION(#2385,#2391);
#2385 = PRODUCT_DEFINITION_SHAPE('','',#2386);
#2386 = PRODUCT_DEFINITION('design','',#2387,#2390);
#2387 = PRODUCT_DEFINITION_FORMATION('','',#2388);
#2388 = PRODUCT('SPOT_S21','SPOT_S21','',(#2389));
#2389 = PRODUCT_CONTEXT('',#2,'mechanical');
#2390 = PRODUCT_DEFINITION_CONTEXT('part definition',#2,'design');
#2391 = ADVANCED_BREP_SHAPE_REPRESENTATION('',(#11,#2392),#2404);
#2392 = MANIFOLD_SOLID_BREP('',#2393);
#2393 = CLOSED_SHELL('',(#2394));
#2394 = ADVANCED_FACE('',(#2395),#2399,.T.);
#2395 = FACE_BOUND('',#2396,.T.);
#2396 = VERTEX_LOOP('',#2397);
#2397 = VERTEX_POINT('',#2398);
#2398 = CARTESIAN_POINT('',(1.15E+03,-110.,417.));
#2399 = SPHERICAL_SURFACE('',#2400,3.);
#2400 = AXIS2_PLACEMENT_3D('',#2401,#2402,#2403);
#2401 = CARTESIAN_POINT('',(1.15E+03,-110.,420.));
#2402 = DIRECTION('',(0.,0.,1.));
#2403 = DIRECTION('',(1.,0.,0.));
#2404 = ( GEOMETRIC_REPRESENTATION_CONTEXT(3) 
GLOBAL_UNCERTAINTY_ASSIGNED_CONTEXT((#2408)) 
GLOBAL_UNIT_ASSIGNED_CONTEXT((#2405,#2406,#2407)) REPRESENTATION_CONTEXT
('Context #1','3D Context with UNIT and UNCERTAINTY') );
#2405 = ( LENGTH_UNIT() NAMED_UNIT(*) SI_UNIT(.MILLI.,.METRE.) );
#2406 = ( NAMED_UNIT(*) PLANE_ANGLE_UNIT() SI_UNIT($,.RADIAN.) );
#2407 = ( NAMED_UNIT(*) SI_UNIT($,.STERADIAN.) SOLID_ANGLE_UNIT() );
#2408 = UNCERTAINTY_MEASURE_WITH_UNIT(LENGTH_MEASURE(1.E-07),#2405,
  'distance_accuracy_value','confusion accuracy');
#2409 = CONTEXT_DEPENDENT_SHAPE_REPRESENTATION(#2410,#2412);
#2410 = ( REPRESENTATION_RELATIONSHIP('','',#2391,#10) 
REPRESENTATION_RELATIONSHIP_WITH_TRANSFORMATION(#2411) 
SHAPE_REPRESENTATION_RELATIONSHIP() );
#2411 = ITEM_DEFINED_TRANSFORMATION('','',#11,#115);
#2412 = PRODUCT_DEFINITION_SHAPE('Placement','Placement of an item',
  #2413);
#2413 = NEXT_ASSEMBLY_USAGE_OCCURRENCE('26','SPOT_S21','',#5,#2386,$);
#2414 = PRODUCT_RELATED_PRODUCT_CATEGORY('part',$,(#2388));
#2415 = SHAPE_DEFINITION_REPRESENTATION(#2416,#2422);
#2416 = PRODUCT_DEFINITION_SHAPE('','',#2417);
#2417 = PRODUCT_DEFINITION('design','',#2418,#2421);
#2418 = PRODUCT_DEFINITION_FORMATION('','',#2419);
#2419 = PRODUCT('SPOT_S22','SPOT_S22','',(#2420));
#2420 = PRODUCT_CONTEXT('',#2,'mechanical');
#2421 = PRODUCT_DEFINITION_CONTEXT('part definition',#2,'design');
#2422 = ADVANCED_BREP_SHAPE_REPRESENTATION('',(#11,#2423),#2435);
#2423 = MANIFOLD_SOLID_BREP('',#2424);
#2424 = CLOSED_SHELL('',(#2425));
#2425 = ADVANCED_FACE('',(#2426),#2430,.T.);
#2426 = FACE_BOUND('',#2427,.T.);
#2427 = VERTEX_LOOP('',#2428);
#2428 = VERTEX_POINT('',#2429);
#2429 = CARTESIAN_POINT('',(1.2E+03,-110.,417.));
#2430 = SPHERICAL_SURFACE('',#2431,3.);
#2431 = AXIS2_PLACEMENT_3D('',#2432,#2433,#2434);
#2432 = CARTESIAN_POINT('',(1.2E+03,-110.,420.));
#2433 = DIRECTION('',(0.,0.,1.));
#2434 = DIRECTION('',(1.,0.,0.));
#2435 = ( GEOMETRIC_REPRESENTATION_CONTEXT(3) 
GLOBAL_UNCERTAINTY_ASSIGNED_CONTEXT((#2439)) 
GLOBAL_UNIT_ASSIGNED_CONTEXT((#2436,#2437,#2438)) REPRESENTATION_CONTEXT
('Context #1','3D Context with UNIT and UNCERTAINTY') );
#2436 = ( LENGTH_UNIT() NAMED_UNIT(*) SI_UNIT(.MILLI.,.METRE.) );
#2437 = ( NAMED_UNIT(*) PLANE_ANGLE_UNIT() SI_UNIT($,.RADIAN.) );
#2438 = ( NAMED_UNIT(*) SI_UNIT($,.STERADIAN.) SOLID_ANGLE_UNIT() );
#2439 = UNCERTAINTY_MEASURE_WITH_UNIT(LENGTH_MEASURE(1.E-07),#2436,
  'distance_accuracy_value','confusion accuracy');
#2440 = CONTEXT_DEPENDENT_SHAPE_REPRESENTATION(#2441,#2443);
#2441 = ( REPRESENTATION_RELATIONSHIP('','',#2422,#10) 
REPRESENTATION_RELATIONSHIP_WITH_TRANSFORMATION(#2442) 
SHAPE_REPRESENTATION_RELATIONSHIP() );
#2442 = ITEM_DEFINED_TRANSFORMATION('','',#11,#119);
#2443 = PRODUCT_DEFINITION_SHAPE('Placement','Placement of an item',
  #2444);
#2444 = NEXT_ASSEMBLY_USAGE_OCCURRENCE('27','SPOT_S22','',#5,#2417,$);
#2445 = PRODUCT_RELATED_PRODUCT_CATEGORY('part',$,(#2419));
#2446 = SHAPE_DEFINITION_REPRESENTATION(#2447,#2453);
#2447 = PRODUCT_DEFINITION_SHAPE('','',#2448);
#2448 = PRODUCT_DEFINITION('design','',#2449,#2452);
#2449 = PRODUCT_DEFINITION_FORMATION('','',#2450);
#2450 = PRODUCT('SPOT_S23','SPOT_S23','',(#2451));
#2451 = PRODUCT_CONTEXT('',#2,'mechanical');
#2452 = PRODUCT_DEFINITION_CONTEXT('part definition',#2,'design');
#2453 = ADVANCED_BREP_SHAPE_REPRESENTATION('',(#11,#2454),#2466);
#2454 = MANIFOLD_SOLID_BREP('',#2455);
#2455 = CLOSED_SHELL('',(#2456));
#2456 = ADVANCED_FACE('',(#2457),#2461,.T.);
#2457 = FACE_BOUND('',#2458,.T.);
#2458 = VERTEX_LOOP('',#2459);
#2459 = VERTEX_POINT('',#2460);
#2460 = CARTESIAN_POINT('',(1.25E+03,-110.,417.));
#2461 = SPHERICAL_SURFACE('',#2462,3.);
#2462 = AXIS2_PLACEMENT_3D('',#2463,#2464,#2465);
#2463 = CARTESIAN_POINT('',(1.25E+03,-110.,420.));
#2464 = DIRECTION('',(0.,0.,1.));
#2465 = DIRECTION('',(1.,0.,0.));
#2466 = ( GEOMETRIC_REPRESENTATION_CONTEXT(3) 
GLOBAL_UNCERTAINTY_ASSIGNED_CONTEXT((#2470)) 
GLOBAL_UNIT_ASSIGNED_CONTEXT((#2467,#2468,#2469)) REPRESENTATION_CONTEXT
('Context #1','3D Context with UNIT and UNCERTAINTY') );
#2467 = ( LENGTH_UNIT() NAMED_UNIT(*) SI_UNIT(.MILLI.,.METRE.) );
#2468 = ( NAMED_UNIT(*) PLANE_ANGLE_UNIT() SI_UNIT($,.RADIAN.) );
#2469 = ( NAMED_UNIT(*) SI_UNIT($,.STERADIAN.) SOLID_ANGLE_UNIT() );
#2470 = UNCERTAINTY_MEASURE_WITH_UNIT(LENGTH_MEASURE(1.E-07),#2467,
  'distance_accuracy_value','confusion accuracy');
#2471 = CONTEXT_DEPENDENT_SHAPE_REPRESENTATION(#2472,#2474);
#2472 = ( REPRESENTATION_RELATIONSHIP('','',#2453,#10) 
REPRESENTATION_RELATIONSHIP_WITH_TRANSFORMATION(#2473) 
SHAPE_REPRESENTATION_RELATIONSHIP() );
#2473 = ITEM_DEFINED_TRANSFORMATION('','',#11,#123);
#2474 = PRODUCT_DEFINITION_SHAPE('Placement','Placement of an item',
  #2475);
#2475 = NEXT_ASSEMBLY_USAGE_OCCURRENCE('28','SPOT_S23','',#5,#2448,$);
#2476 = PRODUCT_RELATED_PRODUCT_CATEGORY('part',$,(#2450));
#2477 = SHAPE_DEFINITION_REPRESENTATION(#2478,#2484);
#2478 = PRODUCT_DEFINITION_SHAPE('','',#2479);
#2479 = PRODUCT_DEFINITION('design','',#2480,#2483);
#2480 = PRODUCT_DEFINITION_FORMATION('','',#2481);
#2481 = PRODUCT('SPOT_S24','SPOT_S24','',(#2482));
#2482 = PRODUCT_CONTEXT('',#2,'mechanical');
#2483 = PRODUCT_DEFINITION_CONTEXT('part definition',#2,'design');
#2484 = ADVANCED_BREP_SHAPE_REPRESENTATION('',(#11,#2485),#2497);
#2485 = MANIFOLD_SOLID_BREP('',#2486);
#2486 = CLOSED_SHELL('',(#2487));
#2487 = ADVANCED_FACE('',(#2488),#2492,.T.);
#2488 = FACE_BOUND('',#2489,.T.);
#2489 = VERTEX_LOOP('',#2490);
#2490 = VERTEX_POINT('',#2491);
#2491 = CARTESIAN_POINT('',(1.3E+03,-110.,417.));
#2492 = SPHERICAL_SURFACE('',#2493,3.);
#2493 = AXIS2_PLACEMENT_3D('',#2494,#2495,#2496);
#2494 = CARTESIAN_POINT('',(1.3E+03,-110.,420.));
#2495 = DIRECTION('',(0.,0.,1.));
#2496 = DIRECTION('',(1.,0.,0.));
#2497 = ( GEOMETRIC_REPRESENTATION_CONTEXT(3) 
GLOBAL_UNCERTAINTY_ASSIGNED_CONTEXT((#2501)) 
GLOBAL_UNIT_ASSIGNED_CONTEXT((#2498,#2499,#2500)) REPRESENTATION_CONTEXT
('Context #1','3D Context with UNIT and UNCERTAINTY') );
#2498 = ( LENGTH_UNIT() NAMED_UNIT(*) SI_UNIT(.MILLI.,.METRE.) );
#2499 = ( NAMED_UNIT(*) PLANE_ANGLE_UNIT() SI_UNIT($,.RADIAN.) );
#2500 = ( NAMED_UNIT(*) SI_UNIT($,.STERADIAN.) SOLID_ANGLE_UNIT() );
#2501 = UNCERTAINTY_MEASURE_WITH_UNIT(LENGTH_MEASURE(1.E-07),#2498,
  'distance_accuracy_value','confusion accuracy');
#2502 = CONTEXT_DEPENDENT_SHAPE_REPRESENTATION(#2503,#2505);
#2503 = ( REPRESENTATION_RELATIONSHIP('','',#2484,#10) 
REPRESENTATION_RELATIONSHIP_WITH_TRANSFORMATION(#2504) 
SHAPE_REPRESENTATION_RELATIONSHIP() );
#2504 = ITEM_DEFINED_TRANSFORMATION('','',#11,#127);
#2505 = PRODUCT_DEFINITION_SHAPE('Placement','Placement of an item',
  #2506);
#2506 = NEXT_ASSEMBLY_USAGE_OCCURRENCE('29','SPOT_S24','',#5,#2479,$);
#2507 = PRODUCT_RELATED_PRODUCT_CATEGORY('part',$,(#2481));
#2508 = SHAPE_DEFINITION_REPRESENTATION(#2509,#2515);
#2509 = PRODUCT_DEFINITION_SHAPE('','',#2510);
#2510 = PRODUCT_DEFINITION('design','',#2511,#2514);
#2511 = PRODUCT_DEFINITION_FORMATION('','',#2512);
#2512 = PRODUCT('SPOT_S25','SPOT_S25','',(#2513));
#2513 = PRODUCT_CONTEXT('',#2,'mechanical');
#2514 = PRODUCT_DEFINITION_CONTEXT('part definition',#2,'design');
#2515 = ADVANCED_BREP_SHAPE_REPRESENTATION('',(#11,#2516),#2528);
#2516 = MANIFOLD_SOLID_BREP('',#2517);
#2517 = CLOSED_SHELL('',(#2518));
#2518 = ADVANCED_FACE('',(#2519),#2523,.T.);
#2519 = FACE_BOUND('',#2520,.T.);
#2520 = VERTEX_LOOP('',#2521);
#2521 = VERTEX_POINT('',#2522);
#2522 = CARTESIAN_POINT('',(1.35E+03,-110.,417.));
#2523 = SPHERICAL_SURFACE('',#2524,3.);
#2524 = AXIS2_PLACEMENT_3D('',#2525,#2526,#2527);
#2525 = CARTESIAN_POINT('',(1.35E+03,-110.,420.));
#2526 = DIRECTION('',(0.,0.,1.));
#2527 = DIRECTION('',(1.,0.,0.));
#2528 = ( GEOMETRIC_REPRESENTATION_CONTEXT(3) 
GLOBAL_UNCERTAINTY_ASSIGNED_CONTEXT((#2532)) 
GLOBAL_UNIT_ASSIGNED_CONTEXT((#2529,#2530,#2531)) REPRESENTATION_CONTEXT
('Context #1','3D Context with UNIT and UNCERTAINTY') );
#2529 = ( LENGTH_UNIT() NAMED_UNIT(*) SI_UNIT(.MILLI.,.METRE.) );
#2530 = ( NAMED_UNIT(*) PLANE_ANGLE_UNIT() SI_UNIT($,.RADIAN.) );
#2531 = ( NAMED_UNIT(*) SI_UNIT($,.STERADIAN.) SOLID_ANGLE_UNIT() );
#2532 = UNCERTAINTY_MEASURE_WITH_UNIT(LENGTH_MEASURE(1.E-07),#2529,
  'distance_accuracy_value','confusion accuracy');
#2533 = CONTEXT_DEPENDENT_SHAPE_REPRESENTATION(#2534,#2536);
#2534 = ( REPRESENTATION_RELATIONSHIP('','',#2515,#10) 
REPRESENTATION_RELATIONSHIP_WITH_TRANSFORMATION(#2535) 
SHAPE_REPRESENTATION_RELATIONSHIP() );
#2535 = ITEM_DEFINED_TRANSFORMATION('','',#11,#131);
#2536 = PRODUCT_DEFINITION_SHAPE('Placement','Placement of an item',
  #2537);
#2537 = NEXT_ASSEMBLY_USAGE_OCCURRENCE('30','SPOT_S25','',#5,#2510,$);
#2538 = PRODUCT_RELATED_PRODUCT_CATEGORY('part',$,(#2512));
#2539 = SHAPE_DEFINITION_REPRESENTATION(#2540,#2546);
#2540 = PRODUCT_DEFINITION_SHAPE('','',#2541);
#2541 = PRODUCT_DEFINITION('design','',#2542,#2545);
#2542 = PRODUCT_DEFINITION_FORMATION('','',#2543);
#2543 = PRODUCT('SPOT_S26','SPOT_S26','',(#2544));
#2544 = PRODUCT_CONTEXT('',#2,'mechanical');
#2545 = PRODUCT_DEFINITION_CONTEXT('part definition',#2,'design');
#2546 = ADVANCED_BREP_SHAPE_REPRESENTATION('',(#11,#2547),#2559);
#2547 = MANIFOLD_SOLID_BREP('',#2548);
#2548 = CLOSED_SHELL('',(#2549));
#2549 = ADVANCED_FACE('',(#2550),#2554,.T.);
#2550 = FACE_BOUND('',#2551,.T.);
#2551 = VERTEX_LOOP('',#2552);
#2552 = VERTEX_POINT('',#2553);
#2553 = CARTESIAN_POINT('',(1.4E+03,-110.,417.));
#2554 = SPHERICAL_SURFACE('',#2555,3.);
#2555 = AXIS2_PLACEMENT_3D('',#2556,#2557,#2558);
#2556 = CARTESIAN_POINT('',(1.4E+03,-110.,420.));
#2557 = DIRECTION('',(0.,0.,1.));
#2558 = DIRECTION('',(1.,0.,0.));
#2559 = ( GEOMETRIC_REPRESENTATION_CONTEXT(3) 
GLOBAL_UNCERTAINTY_ASSIGNED_CONTEXT((#2563)) 
GLOBAL_UNIT_ASSIGNED_CONTEXT((#2560,#2561,#2562)) REPRESENTATION_CONTEXT
('Context #1','3D Context with UNIT and UNCERTAINTY') );
#2560 = ( LENGTH_UNIT() NAMED_UNIT(*) SI_UNIT(.MILLI.,.METRE.) );
#2561 = ( NAMED_UNIT(*) PLANE_ANGLE_UNIT() SI_UNIT($,.RADIAN.) );
#2562 = ( NAMED_UNIT(*) SI_UNIT($,.STERADIAN.) SOLID_ANGLE_UNIT() );
#2563 = UNCERTAINTY_MEASURE_WITH_UNIT(LENGTH_MEASURE(1.E-07),#2560,
  'distance_accuracy_value','confusion accuracy');
#2564 = CONTEXT_DEPENDENT_SHAPE_REPRESENTATION(#2565,#2567);
#2565 = ( REPRESENTATION_RELATIONSHIP('','',#2546,#10) 
REPRESENTATION_RELATIONSHIP_WITH_TRANSFORMATION(#2566) 
SHAPE_REPRESENTATION_RELATIONSHIP() );
#2566 = ITEM_DEFINED_TRANSFORMATION('','',#11,#135);
#2567 = PRODUCT_DEFINITION_SHAPE('Placement','Placement of an item',
  #2568);
#2568 = NEXT_ASSEMBLY_USAGE_OCCURRENCE('31','SPOT_S26','',#5,#2541,$);
#2569 = PRODUCT_RELATED_PRODUCT_CATEGORY('part',$,(#2543));
#2570 = SHAPE_DEFINITION_REPRESENTATION(#2571,#2577);
#2571 = PRODUCT_DEFINITION_SHAPE('','',#2572);
#2572 = PRODUCT_DEFINITION('design','',#2573,#2576);
#2573 = PRODUCT_DEFINITION_FORMATION('','',#2574);
#2574 = PRODUCT('SPOT_S27','SPOT_S27','',(#2575));
#2575 = PRODUCT_CONTEXT('',#2,'mechanical');
#2576 = PRODUCT_DEFINITION_CONTEXT('part definition',#2,'design');
#2577 = ADVANCED_BREP_SHAPE_REPRESENTATION('',(#11,#2578),#2590);
#2578 = MANIFOLD_SOLID_BREP('',#2579);
#2579 = CLOSED_SHELL('',(#2580));
#2580 = ADVANCED_FACE('',(#2581),#2585,.T.);
#2581 = FACE_BOUND('',#2582,.T.);
#2582 = VERTEX_LOOP('',#2583);
#2583 = VERTEX_POINT('',#2584);
#2584 = CARTESIAN_POINT('',(1.45E+03,-110.,417.));
#2585 = SPHERICAL_SURFACE('',#2586,3.);
#2586 = AXIS2_PLACEMENT_3D('',#2587,#2588,#2589);
#2587 = CARTESIAN_POINT('',(1.45E+03,-110.,420.));
#2588 = DIRECTION('',(0.,0.,1.));
#2589 = DIRECTION('',(1.,0.,0.));
#2590 = ( GEOMETRIC_REPRESENTATION_CONTEXT(3) 
GLOBAL_UNCERTAINTY_ASSIGNED_CONTEXT((#2594)) 
GLOBAL_UNIT_ASSIGNED_CONTEXT((#2591,#2592,#2593)) REPRESENTATION_CONTEXT
('Context #1','3D Context with UNIT and UNCERTAINTY') );
#2591 = ( LENGTH_UNIT() NAMED_UNIT(*) SI_UNIT(.MILLI.,.METRE.) );
#2592 = ( NAMED_UNIT(*) PLANE_ANGLE_UNIT() SI_UNIT($,.RADIAN.) );
#2593 = ( NAMED_UNIT(*) SI_UNIT($,.STERADIAN.) SOLID_ANGLE_UNIT() );
#2594 = UNCERTAINTY_MEASURE_WITH_UNIT(LENGTH_MEASURE(1.E-07),#2591,
  'distance_accuracy_value','confusion accuracy');
#2595 = CONTEXT_DEPENDENT_SHAPE_REPRESENTATION(#2596,#2598);
#2596 = ( REPRESENTATION_RELATIONSHIP('','',#2577,#10) 
REPRESENTATION_RELATIONSHIP_WITH_TRANSFORMATION(#2597) 
SHAPE_REPRESENTATION_RELATIONSHIP() );
#2597 = ITEM_DEFINED_TRANSFORMATION('','',#11,#139);
#2598 = PRODUCT_DEFINITION_SHAPE('Placement','Placement of an item',
  #2599);
#2599 = NEXT_ASSEMBLY_USAGE_OCCURRENCE('32','SPOT_S27','',#5,#2572,$);
#2600 = PRODUCT_RELATED_PRODUCT_CATEGORY('part',$,(#2574));
#2601 = SHAPE_DEFINITION_REPRESENTATION(#2602,#2608);
#2602 = PRODUCT_DEFINITION_SHAPE('','',#2603);
#2603 = PRODUCT_DEFINITION('design','',#2604,#2607);
#2604 = PRODUCT_DEFINITION_FORMATION('','',#2605);
#2605 = PRODUCT('SPOT_S28','SPOT_S28','',(#2606));
#2606 = PRODUCT_CONTEXT('',#2,'mechanical');
#2607 = PRODUCT_DEFINITION_CONTEXT('part definition',#2,'design');
#2608 = ADVANCED_BREP_SHAPE_REPRESENTATION('',(#11,#2609),#2621);
#2609 = MANIFOLD_SOLID_BREP('',#2610);
#2610 = CLOSED_SHELL('',(#2611));
#2611 = ADVANCED_FACE('',(#2612),#2616,.T.);
#2612 = FACE_BOUND('',#2613,.T.);
#2613 = VERTEX_LOOP('',#2614);
#2614 = VERTEX_POINT('',#2615);
#2615 = CARTESIAN_POINT('',(1.5E+03,-110.,417.));
#2616 = SPHERICAL_SURFACE('',#2617,3.);
#2617 = AXIS2_PLACEMENT_3D('',#2618,#2619,#2620);
#2618 = CARTESIAN_POINT('',(1.5E+03,-110.,420.));
#2619 = DIRECTION('',(0.,0.,1.));
#2620 = DIRECTION('',(1.,0.,0.));
#2621 = ( GEOMETRIC_REPRESENTATION_CONTEXT(3) 
GLOBAL_UNCERTAINTY_ASSIGNED_CONTEXT((#2625)) 
GLOBAL_UNIT_ASSIGNED_CONTEXT((#2622,#2623,#2624)) REPRESENTATION_CONTEXT
('Context #1','3D Context with UNIT and UNCERTAINTY') );
#2622 = ( LENGTH_UNIT() NAMED_UNIT(*) SI_UNIT(.MILLI.,.METRE.) );
#2623 = ( NAMED_UNIT(*) PLANE_ANGLE_UNIT() SI_UNIT($,.RADIAN.) );
#2624 = ( NAMED_UNIT(*) SI_UNIT($,.STERADIAN.) SOLID_ANGLE_UNIT() );
#2625 = UNCERTAINTY_MEASURE_WITH_UNIT(LENGTH_MEASURE(1.E-07),#2622,
  'distance_accuracy_value','confusion accuracy');
#2626 = CONTEXT_DEPENDENT_SHAPE_REPRESENTATION(#2627,#2629);
#2627 = ( REPRESENTATION_RELATIONSHIP('','',#2608,#10) 
REPRESENTATION_RELATIONSHIP_WITH_TRANSFORMATION(#2628) 
SHAPE_REPRESENTATION_RELATIONSHIP() );
#2628 = ITEM_DEFINED_TRANSFORMATION('','',#11,#143);
#2629 = PRODUCT_DEFINITION_SHAPE('Placement','Placement of an item',
  #2630);
#2630 = NEXT_ASSEMBLY_USAGE_OCCURRENCE('33','SPOT_S28','',#5,#2603,$);
#2631 = PRODUCT_RELATED_PRODUCT_CATEGORY('part',$,(#2605));
#2632 = SHAPE_DEFINITION_REPRESENTATION(#2633,#2639);
#2633 = PRODUCT_DEFINITION_SHAPE('','',#2634);
#2634 = PRODUCT_DEFINITION('design','',#2635,#2638);
#2635 = PRODUCT_DEFINITION_FORMATION('','',#2636);
#2636 = PRODUCT('SPOT_S29','SPOT_S29','',(#2637));
#2637 = PRODUCT_CONTEXT('',#2,'mechanical');
#2638 = PRODUCT_DEFINITION_CONTEXT('part definition',#2,'design');
#2639 = ADVANCED_BREP_SHAPE_REPRESENTATION('',(#11,#2640),#2652);
#2640 = MANIFOLD_SOLID_BREP('',#2641);
#2641 = CLOSED_SHELL('',(#2642));
#2642 = ADVANCED_FACE('',(#2643),#2647,.T.);
#2643 = FACE_BOUND('',#2644,.T.);
#2644 = VERTEX_LOOP('',#2645);
#2645 = VERTEX_POINT('',#2646);
#2646 = CARTESIAN_POINT('',(1.55E+03,-110.,417.));
#2647 = SPHERICAL_SURFACE('',#2648,3.);
#2648 = AXIS2_PLACEMENT_3D('',#2649,#2650,#2651);
#2649 = CARTESIAN_POINT('',(1.55E+03,-110.,420.));
#2650 = DIRECTION('',(0.,0.,1.));
#2651 = DIRECTION('',(1.,0.,0.));
#2652 = ( GEOMETRIC_REPRESENTATION_CONTEXT(3) 
GLOBAL_UNCERTAINTY_ASSIGNED_CONTEXT((#2656)) 
GLOBAL_UNIT_ASSIGNED_CONTEXT((#2653,#2654,#2655)) REPRESENTATION_CONTEXT
('Context #1','3D Context with UNIT and UNCERTAINTY') );
#2653 = ( LENGTH_UNIT() NAMED_UNIT(*) SI_UNIT(.MILLI.,.METRE.) );
#2654 = ( NAMED_UNIT(*) PLANE_ANGLE_UNIT() SI_UNIT($,.RADIAN.) );
#2655 = ( NAMED_UNIT(*) SI_UNIT($,.STERADIAN.) SOLID_ANGLE_UNIT() );
#2656 = UNCERTAINTY_MEASURE_WITH_UNIT(LENGTH_MEASURE(1.E-07),#2653,
  'distance_accuracy_value','confusion accuracy');
#2657 = CONTEXT_DEPENDENT_SHAPE_REPRESENTATION(#2658,#2660);
#2658 = ( REPRESENTATION_RELATIONSHIP('','',#2639,#10) 
REPRESENTATION_RELATIONSHIP_WITH_TRANSFORMATION(#2659) 
SHAPE_REPRESENTATION_RELATIONSHIP() );
#2659 = ITEM_DEFINED_TRANSFORMATION('','',#11,#147);
#2660 = PRODUCT_DEFINITION_SHAPE('Placement','Placement of an item',
  #2661);
#2661 = NEXT_ASSEMBLY_USAGE_OCCURRENCE('34','SPOT_S29','',#5,#2634,$);
#2662 = PRODUCT_RELATED_PRODUCT_CATEGORY('part',$,(#2636));
#2663 = SHAPE_DEFINITION_REPRESENTATION(#2664,#2670);
#2664 = PRODUCT_DEFINITION_SHAPE('','',#2665);
#2665 = PRODUCT_DEFINITION('design','',#2666,#2669);
#2666 = PRODUCT_DEFINITION_FORMATION('','',#2667);
#2667 = PRODUCT('SPOT_S30','SPOT_S30','',(#2668));
#2668 = PRODUCT_CONTEXT('',#2,'mechanical');
#2669 = PRODUCT_DEFINITION_CONTEXT('part definition',#2,'design');
#2670 = ADVANCED_BREP_SHAPE_REPRESENTATION('',(#11,#2671),#2683);
#2671 = MANIFOLD_SOLID_BREP('',#2672);
#2672 = CLOSED_SHELL('',(#2673));
#2673 = ADVANCED_FACE('',(#2674),#2678,.T.);
#2674 = FACE_BOUND('',#2675,.T.);
#2675 = VERTEX_LOOP('',#2676);
#2676 = VERTEX_POINT('',#2677);
#2677 = CARTESIAN_POINT('',(1.6E+03,-110.,417.));
#2678 = SPHERICAL_SURFACE('',#2679,3.);
#2679 = AXIS2_PLACEMENT_3D('',#2680,#2681,#2682);
#2680 = CARTESIAN_POINT('',(1.6E+03,-110.,420.));
#2681 = DIRECTION('',(0.,0.,1.));
#2682 = DIRECTION('',(1.,0.,0.));
#2683 = ( GEOMETRIC_REPRESENTATION_CONTEXT(3) 
GLOBAL_UNCERTAINTY_ASSIGNED_CONTEXT((#2687)) 
GLOBAL_UNIT_ASSIGNED_CONTEXT((#2684,#2685,#2686)) REPRESENTATION_CONTEXT
('Context #1','3D Context with UNIT and UNCERTAINTY') );
#2684 = ( LENGTH_UNIT() NAMED_UNIT(*) SI_UNIT(.MILLI.,.METRE.) );
#2685 = ( NAMED_UNIT(*) PLANE_ANGLE_UNIT() SI_UNIT($,.RADIAN.) );
#2686 = ( NAMED_UNIT(*) SI_UNIT($,.STERADIAN.) SOLID_ANGLE_UNIT() );
#2687 = UNCERTAINTY_MEASURE_WITH_UNIT(LENGTH_MEASURE(1.E-07),#2684,
  'distance_accuracy_value','confusion accuracy');
#2688 = CONTEXT_DEPENDENT_SHAPE_REPRESENTATION(#2689,#2691);
#2689 = ( REPRESENTATION_RELATIONSHIP('','',#2670,#10) 
REPRESENTATION_RELATIONSHIP_WITH_TRANSFORMATION(#2690) 
SHAPE_REPRESENTATION_RELATIONSHIP() );
#2690 = ITEM_DEFINED_TRANSFORMATION('','',#11,#151);
#2691 = PRODUCT_DEFINITION_SHAPE('Placement','Placement of an item',
  #2692);
#2692 = NEXT_ASSEMBLY_USAGE_OCCURRENCE('35','SPOT_S30','',#5,#2665,$);
#2693 = PRODUCT_RELATED_PRODUCT_CATEGORY('part',$,(#2667));
#2694 = SHAPE_DEFINITION_REPRESENTATION(#2695,#2701);
#2695 = PRODUCT_DEFINITION_SHAPE('','',#2696);
#2696 = PRODUCT_DEFINITION('design','',#2697,#2700);
#2697 = PRODUCT_DEFINITION_FORMATION('','',#2698);
#2698 = PRODUCT('SPOT_S31','SPOT_S31','',(#2699));
#2699 = PRODUCT_CONTEXT('',#2,'mechanical');
#2700 = PRODUCT_DEFINITION_CONTEXT('part definition',#2,'design');
#2701 = ADVANCED_BREP_SHAPE_REPRESENTATION('',(#11,#2702),#2714);
#2702 = MANIFOLD_SOLID_BREP('',#2703);
#2703 = CLOSED_SHELL('',(#2704));
#2704 = ADVANCED_FACE('',(#2705),#2709,.T.);
#2705 = FACE_BOUND('',#2706,.T.);
#2706 = VERTEX_LOOP('',#2707);
#2707 = VERTEX_POINT('',#2708);
#2708 = CARTESIAN_POINT('',(1.65E+03,-110.,417.));
#2709 = SPHERICAL_SURFACE('',#2710,3.);
#2710 = AXIS2_PLACEMENT_3D('',#2711,#2712,#2713);
#2711 = CARTESIAN_POINT('',(1.65E+03,-110.,420.));
#2712 = DIRECTION('',(0.,0.,1.));
#2713 = DIRECTION('',(1.,0.,0.));
#2714 = ( GEOMETRIC_REPRESENTATION_CONTEXT(3) 
GLOBAL_UNCERTAINTY_ASSIGNED_CONTEXT((#2718)) 
GLOBAL_UNIT_ASSIGNED_CONTEXT((#2715,#2716,#2717)) REPRESENTATION_CONTEXT
('Context #1','3D Context with UNIT and UNCERTAINTY') );
#2715 = ( LENGTH_UNIT() NAMED_UNIT(*) SI_UNIT(.MILLI.,.METRE.) );
#2716 = ( NAMED_UNIT(*) PLANE_ANGLE_UNIT() SI_UNIT($,.RADIAN.) );
#2717 = ( NAMED_UNIT(*) SI_UNIT($,.STERADIAN.) SOLID_ANGLE_UNIT() );
#2718 = UNCERTAINTY_MEASURE_WITH_UNIT(LENGTH_MEASURE(1.E-07),#2715,
  'distance_accuracy_value','confusion accuracy');
#2719 = CONTEXT_DEPENDENT_SHAPE_REPRESENTATION(#2720,#2722);
#2720 = ( REPRESENTATION_RELATIONSHIP('','',#2701,#10) 
REPRESENTATION_RELATIONSHIP_WITH_TRANSFORMATION(#2721) 
SHAPE_REPRESENTATION_RELATIONSHIP() );
#2721 = ITEM_DEFINED_TRANSFORMATION('','',#11,#155);
#2722 = PRODUCT_DEFINITION_SHAPE('Placement','Placement of an item',
  #2723);
#2723 = NEXT_ASSEMBLY_USAGE_OCCURRENCE('36','SPOT_S31','',#5,#2696,$);
#2724 = PRODUCT_RELATED_PRODUCT_CATEGORY('part',$,(#2698));
#2725 = SHAPE_DEFINITION_REPRESENTATION(#2726,#2732);
#2726 = PRODUCT_DEFINITION_SHAPE('','',#2727);
#2727 = PRODUCT_DEFINITION('design','',#2728,#2731);
#2728 = PRODUCT_DEFINITION_FORMATION('','',#2729);
#2729 = PRODUCT('SPOT_S32','SPOT_S32','',(#2730));
#2730 = PRODUCT_CONTEXT('',#2,'mechanical');
#2731 = PRODUCT_DEFINITION_CONTEXT('part definition',#2,'design');
#2732 = ADVANCED_BREP_SHAPE_REPRESENTATION('',(#11,#2733),#2745);
#2733 = MANIFOLD_SOLID_BREP('',#2734);
#2734 = CLOSED_SHELL('',(#2735));
#2735 = ADVANCED_FACE('',(#2736),#2740,.T.);
#2736 = FACE_BOUND('',#2737,.T.);
#2737 = VERTEX_LOOP('',#2738);
#2738 = VERTEX_POINT('',#2739);
#2739 = CARTESIAN_POINT('',(1.7E+03,-110.,417.));
#2740 = SPHERICAL_SURFACE('',#2741,3.);
#2741 = AXIS2_PLACEMENT_3D('',#2742,#2743,#2744);
#2742 = CARTESIAN_POINT('',(1.7E+03,-110.,420.));
#2743 = DIRECTION('',(0.,0.,1.));
#2744 = DIRECTION('',(1.,0.,0.));
#2745 = ( GEOMETRIC_REPRESENTATION_CONTEXT(3) 
GLOBAL_UNCERTAINTY_ASSIGNED_CONTEXT((#2749)) 
GLOBAL_UNIT_ASSIGNED_CONTEXT((#2746,#2747,#2748)) REPRESENTATION_CONTEXT
('Context #1','3D Context with UNIT and UNCERTAINTY') );
#2746 = ( LENGTH_UNIT() NAMED_UNIT(*) SI_UNIT(.MILLI.,.METRE.) );
#2747 = ( NAMED_UNIT(*) PLANE_ANGLE_UNIT() SI_UNIT($,.RADIAN.) );
#2748 = ( NAMED_UNIT(*) SI_UNIT($,.STERADIAN.) SOLID_ANGLE_UNIT() );
#2749 = UNCERTAINTY_MEASURE_WITH_UNIT(LENGTH_MEASURE(1.E-07),#2746,
  'distance_accuracy_value','confusion accuracy');
#2750 = CONTEXT_DEPENDENT_SHAPE_REPRESENTATION(#2751,#2753);
#2751 = ( REPRESENTATION_RELATIONSHIP('','',#2732,#10) 
REPRESENTATION_RELATIONSHIP_WITH_TRANSFORMATION(#2752) 
SHAPE_REPRESENTATION_RELATIONSHIP() );
#2752 = ITEM_DEFINED_TRANSFORMATION('','',#11,#159);
#2753 = PRODUCT_DEFINITION_SHAPE('Placement','Placement of an item',
  #2754);
#2754 = NEXT_ASSEMBLY_USAGE_OCCURRENCE('37','SPOT_S32','',#5,#2727,$);
#2755 = PRODUCT_RELATED_PRODUCT_CATEGORY('part',$,(#2729));
#2756 = SHAPE_DEFINITION_REPRESENTATION(#2757,#2763);
#2757 = PRODUCT_DEFINITION_SHAPE('','',#2758);
#2758 = PRODUCT_DEFINITION('design','',#2759,#2762);
#2759 = PRODUCT_DEFINITION_FORMATION('','',#2760);
#2760 = PRODUCT('SPOT_S33','SPOT_S33','',(#2761));
#2761 = PRODUCT_CONTEXT('',#2,'mechanical');
#2762 = PRODUCT_DEFINITION_CONTEXT('part definition',#2,'design');
#2763 = ADVANCED_BREP_SHAPE_REPRESENTATION('',(#11,#2764),#2776);
#2764 = MANIFOLD_SOLID_BREP('',#2765);
#2765 = CLOSED_SHELL('',(#2766));
#2766 = ADVANCED_FACE('',(#2767),#2771,.T.);
#2767 = FACE_BOUND('',#2768,.T.);
#2768 = VERTEX_LOOP('',#2769);
#2769 = VERTEX_POINT('',#2770);
#2770 = CARTESIAN_POINT('',(1.75E+03,-110.,417.));
#2771 = SPHERICAL_SURFACE('',#2772,3.);
#2772 = AXIS2_PLACEMENT_3D('',#2773,#2774,#2775);
#2773 = CARTESIAN_POINT('',(1.75E+03,-110.,420.));
#2774 = DIRECTION('',(0.,0.,1.));
#2775 = DIRECTION('',(1.,0.,0.));
#2776 = ( GEOMETRIC_REPRESENTATION_CONTEXT(3) 
GLOBAL_UNCERTAINTY_ASSIGNED_CONTEXT((#2780)) 
GLOBAL_UNIT_ASSIGNED_CONTEXT((#2777,#2778,#2779)) REPRESENTATION_CONTEXT
('Context #1','3D Context with UNIT and UNCERTAINTY') );
#2777 = ( LENGTH_UNIT() NAMED_UNIT(*) SI_UNIT(.MILLI.,.METRE.) );
#2778 = ( NAMED_UNIT(*) PLANE_ANGLE_UNIT() SI_UNIT($,.RADIAN.) );
#2779 = ( NAMED_UNIT(*) SI_UNIT($,.STERADIAN.) SOLID_ANGLE_UNIT() );
#2780 = UNCERTAINTY_MEASURE_WITH_UNIT(LENGTH_MEASURE(1.E-07),#2777,
  'distance_accuracy_value','confusion accuracy');
#2781 = CONTEXT_DEPENDENT_SHAPE_REPRESENTATION(#2782,#2784);
#2782 = ( REPRESENTATION_RELATIONSHIP('','',#2763,#10) 
REPRESENTATION_RELATIONSHIP_WITH_TRANSFORMATION(#2783) 
SHAPE_REPRESENTATION_RELATIONSHIP() );
#2783 = ITEM_DEFINED_TRANSFORMATION('','',#11,#163);
#2784 = PRODUCT_DEFINITION_SHAPE('Placement','Placement of an item',
  #2785);
#2785 = NEXT_ASSEMBLY_USAGE_OCCURRENCE('38','SPOT_S33','',#5,#2758,$);
#2786 = PRODUCT_RELATED_PRODUCT_CATEGORY('part',$,(#2760));
#2787 = SHAPE_DEFINITION_REPRESENTATION(#2788,#2794);
#2788 = PRODUCT_DEFINITION_SHAPE('','',#2789);
#2789 = PRODUCT_DEFINITION('design','',#2790,#2793);
#2790 = PRODUCT_DEFINITION_FORMATION('','',#2791);
#2791 = PRODUCT('SPOT_S34','SPOT_S34','',(#2792));
#2792 = PRODUCT_CONTEXT('',#2,'mechanical');
#2793 = PRODUCT_DEFINITION_CONTEXT('part definition',#2,'design');
#2794 = ADVANCED_BREP_SHAPE_REPRESENTATION('',(#11,#2795),#2807);
#2795 = MANIFOLD_SOLID_BREP('',#2796);
#2796 = CLOSED_SHELL('',(#2797));
#2797 = ADVANCED_FACE('',(#2798),#2802,.T.);
#2798 = FACE_BOUND('',#2799,.T.);
#2799 = VERTEX_LOOP('',#2800);
#2800 = VERTEX_POINT('',#2801);
#2801 = CARTESIAN_POINT('',(1.8E+03,-110.,417.));
#2802 = SPHERICAL_SURFACE('',#2803,3.);
#2803 = AXIS2_PLACEMENT_3D('',#2804,#2805,#2806);
#2804 = CARTESIAN_POINT('',(1.8E+03,-110.,420.));
#2805 = DIRECTION('',(0.,0.,1.));
#2806 = DIRECTION('',(1.,0.,0.));
#2807 = ( GEOMETRIC_REPRESENTATION_CONTEXT(3) 
GLOBAL_UNCERTAINTY_ASSIGNED_CONTEXT((#2811)) 
GLOBAL_UNIT_ASSIGNED_CONTEXT((#2808,#2809,#2810)) REPRESENTATION_CONTEXT
('Context #1','3D Context with UNIT and UNCERTAINTY') );
#2808 = ( LENGTH_UNIT() NAMED_UNIT(*) SI_UNIT(.MILLI.,.METRE.) );
#2809 = ( NAMED_UNIT(*) PLANE_ANGLE_UNIT() SI_UNIT($,.RADIAN.) );
#2810 = ( NAMED_UNIT(*) SI_UNIT($,.STERADIAN.) SOLID_ANGLE_UNIT() );
#2811 = UNCERTAINTY_MEASURE_WITH_UNIT(LENGTH_MEASURE(1.E-07),#2808,
  'distance_accuracy_value','confusion accuracy');
#2812 = CONTEXT_DEPENDENT_SHAPE_REPRESENTATION(#2813,#2815);
#2813 = ( REPRESENTATION_RELATIONSHIP('','',#2794,#10) 
REPRESENTATION_RELATIONSHIP_WITH_TRANSFORMATION(#2814) 
SHAPE_REPRESENTATION_RELATIONSHIP() );
#2814 = ITEM_DEFINED_TRANSFORMATION('','',#11,#167);
#2815 = PRODUCT_DEFINITION_SHAPE('Placement','Placement of an item',
  #2816);
#2816 = NEXT_ASSEMBLY_USAGE_OCCURRENCE('39','SPOT_S34','',#5,#2789,$);
#2817 = PRODUCT_RELATED_PRODUCT_CATEGORY('part',$,(#2791));
#2818 = SHAPE_DEFINITION_REPRESENTATION(#2819,#2825);
#2819 = PRODUCT_DEFINITION_SHAPE('','',#2820);
#2820 = PRODUCT_DEFINITION('design','',#2821,#2824);
#2821 = PRODUCT_DEFINITION_FORMATION('','',#2822);
#2822 = PRODUCT('SPOT_S35','SPOT_S35','',(#2823));
#2823 = PRODUCT_CONTEXT('',#2,'mechanical');
#2824 = PRODUCT_DEFINITION_CONTEXT('part definition',#2,'design');
#2825 = ADVANCED_BREP_SHAPE_REPRESENTATION('',(#11,#2826),#2838);
#2826 = MANIFOLD_SOLID_BREP('',#2827);
#2827 = CLOSED_SHELL('',(#2828));
#2828 = ADVANCED_FACE('',(#2829),#2833,.T.);
#2829 = FACE_BOUND('',#2830,.T.);
#2830 = VERTEX_LOOP('',#2831);
#2831 = VERTEX_POINT('',#2832);
#2832 = CARTESIAN_POINT('',(1.85E+03,-110.,417.));
#2833 = SPHERICAL_SURFACE('',#2834,3.);
#2834 = AXIS2_PLACEMENT_3D('',#2835,#2836,#2837);
#2835 = CARTESIAN_POINT('',(1.85E+03,-110.,420.));
#2836 = DIRECTION('',(0.,0.,1.));
#2837 = DIRECTION('',(1.,0.,0.));
#2838 = ( GEOMETRIC_REPRESENTATION_CONTEXT(3) 
GLOBAL_UNCERTAINTY_ASSIGNED_CONTEXT((#2842)) 
GLOBAL_UNIT_ASSIGNED_CONTEXT((#2839,#2840,#2841)) REPRESENTATION_CONTEXT
('Context #1','3D Context with UNIT and UNCERTAINTY') );
#2839 = ( LENGTH_UNIT() NAMED_UNIT(*) SI_UNIT(.MILLI.,.METRE.) );
#2840 = ( NAMED_UNIT(*) PLANE_ANGLE_UNIT() SI_UNIT($,.RADIAN.) );
#2841 = ( NAMED_UNIT(*) SI_UNIT($,.STERADIAN.) SOLID_ANGLE_UNIT() );
#2842 = UNCERTAINTY_MEASURE_WITH_UNIT(LENGTH_MEASURE(1.E-07),#2839,
  'distance_accuracy_value','confusion accuracy');
#2843 = CONTEXT_DEPENDENT_SHAPE_REPRESENTATION(#2844,#2846);
#2844 = ( REPRESENTATION_RELATIONSHIP('','',#2825,#10) 
REPRESENTATION_RELATIONSHIP_WITH_TRANSFORMATION(#2845) 
SHAPE_REPRESENTATION_RELATIONSHIP() );
#2845 = ITEM_DEFINED_TRANSFORMATION('','',#11,#171);
#2846 = PRODUCT_DEFINITION_SHAPE('Placement','Placement of an item',
  #2847);
#2847 = NEXT_ASSEMBLY_USAGE_OCCURRENCE('40','SPOT_S35','',#5,#2820,$);
#2848 = PRODUCT_RELATED_PRODUCT_CATEGORY('part',$,(#2822));
#2849 = SHAPE_DEFINITION_REPRESENTATION(#2850,#2856);
#2850 = PRODUCT_DEFINITION_SHAPE('','',#2851);
#2851 = PRODUCT_DEFINITION('design','',#2852,#2855);
#2852 = PRODUCT_DEFINITION_FORMATION('','',#2853);
#2853 = PRODUCT('SPOT_S36','SPOT_S36','',(#2854));
#2854 = PRODUCT_CONTEXT('',#2,'mechanical');
#2855 = PRODUCT_DEFINITION_CONTEXT('part definition',#2,'design');
#2856 = ADVANCED_BREP_SHAPE_REPRESENTATION('',(#11,#2857),#2869);
#2857 = MANIFOLD_SOLID_BREP('',#2858);
#2858 = CLOSED_SHELL('',(#2859));
#2859 = ADVANCED_FACE('',(#2860),#2864,.T.);
#2860 = FACE_BOUND('',#2861,.T.);
#2861 = VERTEX_LOOP('',#2862);
#2862 = VERTEX_POINT('',#2863);
#2863 = CARTESIAN_POINT('',(1.9E+03,-110.,417.));
#2864 = SPHERICAL_SURFACE('',#2865,3.);
#2865 = AXIS2_PLACEMENT_3D('',#2866,#2867,#2868);
#2866 = CARTESIAN_POINT('',(1.9E+03,-110.,420.));
#2867 = DIRECTION('',(0.,0.,1.));
#2868 = DIRECTION('',(1.,0.,0.));
#2869 = ( GEOMETRIC_REPRESENTATION_CONTEXT(3) 
GLOBAL_UNCERTAINTY_ASSIGNED_CONTEXT((#2873)) 
GLOBAL_UNIT_ASSIGNED_CONTEXT((#2870,#2871,#2872)) REPRESENTATION_CONTEXT
('Context #1','3D Context with UNIT and UNCERTAINTY') );
#2870 = ( LENGTH_UNIT() NAMED_UNIT(*) SI_UNIT(.MILLI.,.METRE.) );
#2871 = ( NAMED_UNIT(*) PLANE_ANGLE_UNIT() SI_UNIT($,.RADIAN.) );
#2872 = ( NAMED_UNIT(*) SI_UNIT($,.STERADIAN.) SOLID_ANGLE_UNIT() );
#2873 = UNCERTAINTY_MEASURE_WITH_UNIT(LENGTH_MEASURE(1.E-07),#2870,
  'distance_accuracy_value','confusion accuracy');
#2874 = CONTEXT_DEPENDENT_SHAPE_REPRESENTATION(#2875,#2877);
#2875 = ( REPRESENTATION_RELATIONSHIP('','',#2856,#10) 
REPRESENTATION_RELATIONSHIP_WITH_TRANSFORMATION(#2876) 
SHAPE_REPRESENTATION_RELATIONSHIP() );
#2876 = ITEM_DEFINED_TRANSFORMATION('','',#11,#175);
#2877 = PRODUCT_DEFINITION_SHAPE('Placement','Placement of an item',
  #2878);
#2878 = NEXT_ASSEMBLY_USAGE_OCCURRENCE('41','SPOT_S36','',#5,#2851,$);
#2879 = PRODUCT_RELATED_PRODUCT_CATEGORY('part',$,(#2853));
#2880 = SHAPE_DEFINITION_REPRESENTATION(#2881,#2887);
#2881 = PRODUCT_DEFINITION_SHAPE('','',#2882);
#2882 = PRODUCT_DEFINITION('design','',#2883,#2886);
#2883 = PRODUCT_DEFINITION_FORMATION('','',#2884);
#2884 = PRODUCT('SPOT_S37','SPOT_S37','',(#2885));
#2885 = PRODUCT_CONTEXT('',#2,'mechanical');
#2886 = PRODUCT_DEFINITION_CONTEXT('part definition',#2,'design');
#2887 = ADVANCED_BREP_SHAPE_REPRESENTATION('',(#11,#2888),#2900);
#2888 = MANIFOLD_SOLID_BREP('',#2889);
#2889 = CLOSED_SHELL('',(#2890));
#2890 = ADVANCED_FACE('',(#2891),#2895,.T.);
#2891 = FACE_BOUND('',#2892,.T.);
#2892 = VERTEX_LOOP('',#2893);
#2893 = VERTEX_POINT('',#2894);
#2894 = CARTESIAN_POINT('',(1.95E+03,-110.,417.));
#2895 = SPHERICAL_SURFACE('',#2896,3.);
#2896 = AXIS2_PLACEMENT_3D('',#2897,#2898,#2899);
#2897 = CARTESIAN_POINT('',(1.95E+03,-110.,420.));
#2898 = DIRECTION('',(0.,0.,1.));
#2899 = DIRECTION('',(1.,0.,0.));
#2900 = ( GEOMETRIC_REPRESENTATION_CONTEXT(3) 
GLOBAL_UNCERTAINTY_ASSIGNED_CONTEXT((#2904)) 
GLOBAL_UNIT_ASSIGNED_CONTEXT((#2901,#2902,#2903)) REPRESENTATION_CONTEXT
('Context #1','3D Context with UNIT and UNCERTAINTY') );
#2901 = ( LENGTH_UNIT() NAMED_UNIT(*) SI_UNIT(.MILLI.,.METRE.) );
#2902 = ( NAMED_UNIT(*) PLANE_ANGLE_UNIT() SI_UNIT($,.RADIAN.) );
#2903 = ( NAMED_UNIT(*) SI_UNIT($,.STERADIAN.) SOLID_ANGLE_UNIT() );
#2904 = UNCERTAINTY_MEASURE_WITH_UNIT(LENGTH_MEASURE(1.E-07),#2901,
  'distance_accuracy_value','confusion accuracy');
#2905 = CONTEXT_DEPENDENT_SHAPE_REPRESENTATION(#2906,#2908);
#2906 = ( REPRESENTATION_RELATIONSHIP('','',#2887,#10) 
REPRESENTATION_RELATIONSHIP_WITH_TRANSFORMATION(#2907) 
SHAPE_REPRESENTATION_RELATIONSHIP() );
#2907 = ITEM_DEFINED_TRANSFORMATION('','',#11,#179);
#2908 = PRODUCT_DEFINITION_SHAPE('Placement','Placement of an item',
  #2909);
#2909 = NEXT_ASSEMBLY_USAGE_OCCURRENCE('42','SPOT_S37','',#5,#2882,$);
#2910 = PRODUCT_RELATED_PRODUCT_CATEGORY('part',$,(#2884));
#2911 = SHAPE_DEFINITION_REPRESENTATION(#2912,#2918);
#2912 = PRODUCT_DEFINITION_SHAPE('','',#2913);
#2913 = PRODUCT_DEFINITION('design','',#2914,#2917);
#2914 = PRODUCT_DEFINITION_FORMATION('','',#2915);
#2915 = PRODUCT('SPOT_S38','SPOT_S38','',(#2916));
#2916 = PRODUCT_CONTEXT('',#2,'mechanical');
#2917 = PRODUCT_DEFINITION_CONTEXT('part definition',#2,'design');
#2918 = ADVANCED_BREP_SHAPE_REPRESENTATION('',(#11,#2919),#2931);
#2919 = MANIFOLD_SOLID_BREP('',#2920);
#2920 = CLOSED_SHELL('',(#2921));
#2921 = ADVANCED_FACE('',(#2922),#2926,.T.);
#2922 = FACE_BOUND('',#2923,.T.);
#2923 = VERTEX_LOOP('',#2924);
#2924 = VERTEX_POINT('',#2925);
#2925 = CARTESIAN_POINT('',(2.E+03,-110.,417.));
#2926 = SPHERICAL_SURFACE('',#2927,3.);
#2927 = AXIS2_PLACEMENT_3D('',#2928,#2929,#2930);
#2928 = CARTESIAN_POINT('',(2.E+03,-110.,420.));
#2929 = DIRECTION('',(0.,0.,1.));
#2930 = DIRECTION('',(1.,0.,0.));
#2931 = ( GEOMETRIC_REPRESENTATION_CONTEXT(3) 
GLOBAL_UNCERTAINTY_ASSIGNED_CONTEXT((#2935)) 
GLOBAL_UNIT_ASSIGNED_CONTEXT((#2932,#2933,#2934)) REPRESENTATION_CONTEXT
('Context #1','3D Context with UNIT and UNCERTAINTY') );
#2932 = ( LENGTH_UNIT() NAMED_UNIT(*) SI_UNIT(.MILLI.,.METRE.) );
#2933 = ( NAMED_UNIT(*) PLANE_ANGLE_UNIT() SI_UNIT($,.RADIAN.) );
#2934 = ( NAMED_UNIT(*) SI_UNIT($,.STERADIAN.) SOLID_ANGLE_UNIT() );
#2935 = UNCERTAINTY_MEASURE_WITH_UNIT(LENGTH_MEASURE(1.E-07),#2932,
  'distance_accuracy_value','confusion accuracy');
#2936 = CONTEXT_DEPENDENT_SHAPE_REPRESENTATION(#2937,#2939);
#2937 = ( REPRESENTATION_RELATIONSHIP('','',#2918,#10) 
REPRESENTATION_RELATIONSHIP_WITH_TRANSFORMATION(#2938) 
SHAPE_REPRESENTATION_RELATIONSHIP() );
#2938 = ITEM_DEFINED_TRANSFORMATION('','',#11,#183);
#2939 = PRODUCT_DEFINITION_SHAPE('Placement','Placement of an item',
  #2940);
#2940 = NEXT_ASSEMBLY_USAGE_OCCURRENCE('43','SPOT_S38','',#5,#2913,$);
#2941 = PRODUCT_RELATED_PRODUCT_CATEGORY('part',$,(#2915));
#2942 = SHAPE_DEFINITION_REPRESENTATION(#2943,#2949);
#2943 = PRODUCT_DEFINITION_SHAPE('','',#2944);
#2944 = PRODUCT_DEFINITION('design','',#2945,#2948);
#2945 = PRODUCT_DEFINITION_FORMATION('','',#2946);
#2946 = PRODUCT('SPOT_S39','SPOT_S39','',(#2947));
#2947 = PRODUCT_CONTEXT('',#2,'mechanical');
#2948 = PRODUCT_DEFINITION_CONTEXT('part definition',#2,'design');
#2949 = ADVANCED_BREP_SHAPE_REPRESENTATION('',(#11,#2950),#2962);
#2950 = MANIFOLD_SOLID_BREP('',#2951);
#2951 = CLOSED_SHELL('',(#2952));
#2952 = ADVANCED_FACE('',(#2953),#2957,.T.);
#2953 = FACE_BOUND('',#2954,.T.);
#2954 = VERTEX_LOOP('',#2955);
#2955 = VERTEX_POINT('',#2956);
#2956 = CARTESIAN_POINT('',(2.05E+03,-110.,417.));
#2957 = SPHERICAL_SURFACE('',#2958,3.);
#2958 = AXIS2_PLACEMENT_3D('',#2959,#2960,#2961);
#2959 = CARTESIAN_POINT('',(2.05E+03,-110.,420.));
#2960 = DIRECTION('',(0.,0.,1.));
#2961 = DIRECTION('',(1.,0.,0.));
#2962 = ( GEOMETRIC_REPRESENTATION_CONTEXT(3) 
GLOBAL_UNCERTAINTY_ASSIGNED_CONTEXT((#2966)) 
GLOBAL_UNIT_ASSIGNED_CONTEXT((#2963,#2964,#2965)) REPRESENTATION_CONTEXT
('Context #1','3D Context with UNIT and UNCERTAINTY') );
#2963 = ( LENGTH_UNIT() NAMED_UNIT(*) SI_UNIT(.MILLI.,.METRE.) );
#2964 = ( NAMED_UNIT(*) PLANE_ANGLE_UNIT() SI_UNIT($,.RADIAN.) );
#2965 = ( NAMED_UNIT(*) SI_UNIT($,.STERADIAN.) SOLID_ANGLE_UNIT() );
#2966 = UNCERTAINTY_MEASURE_WITH_UNIT(LENGTH_MEASURE(1.E-07),#2963,
  'distance_accuracy_value','confusion accuracy');
#2967 = CONTEXT_DEPENDENT_SHAPE_REPRESENTATION(#2968,#2970);
#2968 = ( REPRESENTATION_RELATIONSHIP('','',#2949,#10) 
REPRESENTATION_RELATIONSHIP_WITH_TRANSFORMATION(#2969) 
SHAPE_REPRESENTATION_RELATIONSHIP() );
#2969 = ITEM_DEFINED_TRANSFORMATION('','',#11,#187);
#2970 = PRODUCT_DEFINITION_SHAPE('Placement','Placement of an item',
  #2971);
#2971 = NEXT_ASSEMBLY_USAGE_OCCURRENCE('44','SPOT_S39','',#5,#2944,$);
#2972 = PRODUCT_RELATED_PRODUCT_CATEGORY('part',$,(#2946));
#2973 = SHAPE_DEFINITION_REPRESENTATION(#2974,#2980);
#2974 = PRODUCT_DEFINITION_SHAPE('','',#2975);
#2975 = PRODUCT_DEFINITION('design','',#2976,#2979);
#2976 = PRODUCT_DEFINITION_FORMATION('','',#2977);
#2977 = PRODUCT('SPOT_S40','SPOT_S40','',(#2978));
#2978 = PRODUCT_CONTEXT('',#2,'mechanical');
#2979 = PRODUCT_DEFINITION_CONTEXT('part definition',#2,'design');
#2980 = ADVANCED_BREP_SHAPE_REPRESENTATION('',(#11,#2981),#2993);
#2981 = MANIFOLD_SOLID_BREP('',#2982);
#2982 = CLOSED_SHELL('',(#2983));
#2983 = ADVANCED_FACE('',(#2984),#2988,.T.);
#2984 = FACE_BOUND('',#2985,.T.);
#2985 = VERTEX_LOOP('',#2986);
#2986 = VERTEX_POINT('',#2987);
#2987 = CARTESIAN_POINT('',(2.1E+03,-110.,417.));
#2988 = SPHERICAL_SURFACE('',#2989,3.);
#2989 = AXIS2_PLACEMENT_3D('',#2990,#2991,#2992);
#2990 = CARTESIAN_POINT('',(2.1E+03,-110.,420.));
#2991 = DIRECTION('',(0.,0.,1.));
#2992 = DIRECTION('',(1.,0.,0.));
#2993 = ( GEOMETRIC_REPRESENTATION_CONTEXT(3) 
GLOBAL_UNCERTAINTY_ASSIGNED_CONTEXT((#2997)) 
GLOBAL_UNIT_ASSIGNED_CONTEXT((#2994,#2995,#2996)) REPRESENTATION_CONTEXT
('Context #1','3D Context with UNIT and UNCERTAINTY') );
#2994 = ( LENGTH_UNIT() NAMED_UNIT(*) SI_UNIT(.MILLI.,.METRE.) );
#2995 = ( NAMED_UNIT(*) PLANE_ANGLE_UNIT() SI_UNIT($,.RADIAN.) );
#2996 = ( NAMED_UNIT(*) SI_UNIT($,.STERADIAN.) SOLID_ANGLE_UNIT() );
#2997 = UNCERTAINTY_MEASURE_WITH_UNIT(LENGTH_MEASURE(1.E-07),#2994,
  'distance_accuracy_value','confusion accuracy');
#2998 = CONTEXT_DEPENDENT_SHAPE_REPRESENTATION(#2999,#3001);
#2999 = ( REPRESENTATION_RELATIONSHIP('','',#2980,#10) 
REPRESENTATION_RELATIONSHIP_WITH_TRANSFORMATION(#3000) 
SHAPE_REPRESENTATION_RELATIONSHIP() );
#3000 = ITEM_DEFINED_TRANSFORMATION('','',#11,#191);
#3001 = PRODUCT_DEFINITION_SHAPE('Placement','Placement of an item',
  #3002);
#3002 = NEXT_ASSEMBLY_USAGE_OCCURRENCE('45','SPOT_S40','',#5,#2975,$);
#3003 = PRODUCT_RELATED_PRODUCT_CATEGORY('part',$,(#2977));
#3004 = SHAPE_DEFINITION_REPRESENTATION(#3005,#3011);
#3005 = PRODUCT_DEFINITION_SHAPE('','',#3006);
#3006 = PRODUCT_DEFINITION('design','',#3007,#3010);
#3007 = PRODUCT_DEFINITION_FORMATION('','',#3008);
#3008 = PRODUCT('SPOT_S41','SPOT_S41','',(#3009));
#3009 = PRODUCT_CONTEXT('',#2,'mechanical');
#3010 = PRODUCT_DEFINITION_CONTEXT('part definition',#2,'design');
#3011 = ADVANCED_BREP_SHAPE_REPRESENTATION('',(#11,#3012),#3024);
#3012 = MANIFOLD_SOLID_BREP('',#3013);
#3013 = CLOSED_SHELL('',(#3014));
#3014 = ADVANCED_FACE('',(#3015),#3019,.T.);
#3015 = FACE_BOUND('',#3016,.T.);
#3016 = VERTEX_LOOP('',#3017);
#3017 = VERTEX_POINT('',#3018);
#3018 = CARTESIAN_POINT('',(2.15E+03,-110.,417.));
#3019 = SPHERICAL_SURFACE('',#3020,3.);
#3020 = AXIS2_PLACEMENT_3D('',#3021,#3022,#3023);
#3021 = CARTESIAN_POINT('',(2.15E+03,-110.,420.));
#3022 = DIRECTION('',(0.,0.,1.));
#3023 = DIRECTION('',(1.,0.,0.));
#3024 = ( GEOMETRIC_REPRESENTATION_CONTEXT(3) 
GLOBAL_UNCERTAINTY_ASSIGNED_CONTEXT((#3028)) 
GLOBAL_UNIT_ASSIGNED_CONTEXT((#3025,#3026,#3027)) REPRESENTATION_CONTEXT
('Context #1','3D Context with UNIT and UNCERTAINTY') );
#3025 = ( LENGTH_UNIT() NAMED_UNIT(*) SI_UNIT(.MILLI.,.METRE.) );
#3026 = ( NAMED_UNIT(*) PLANE_ANGLE_UNIT() SI_UNIT($,.RADIAN.) );
#3027 = ( NAMED_UNIT(*) SI_UNIT($,.STERADIAN.) SOLID_ANGLE_UNIT() );
#3028 = UNCERTAINTY_MEASURE_WITH_UNIT(LENGTH_MEASURE(1.E-07),#3025,
  'distance_accuracy_value','confusion accuracy');
#3029 = CONTEXT_DEPENDENT_SHAPE_REPRESENTATION(#3030,#3032);
#3030 = ( REPRESENTATION_RELATIONSHIP('','',#3011,#10) 
REPRESENTATION_RELATIONSHIP_WITH_TRANSFORMATION(#3031) 
SHAPE_REPRESENTATION_RELATIONSHIP() );
#3031 = ITEM_DEFINED_TRANSFORMATION('','',#11,#195);
#3032 = PRODUCT_DEFINITION_SHAPE('Placement','Placement of an item',
  #3033);
#3033 = NEXT_ASSEMBLY_USAGE_OCCURRENCE('46','SPOT_S41','',#5,#3006,$);
#3034 = PRODUCT_RELATED_PRODUCT_CATEGORY('part',$,(#3008));
#3035 = SHAPE_DEFINITION_REPRESENTATION(#3036,#3042);
#3036 = PRODUCT_DEFINITION_SHAPE('','',#3037);
#3037 = PRODUCT_DEFINITION('design','',#3038,#3041);
#3038 = PRODUCT_DEFINITION_FORMATION('','',#3039);
#3039 = PRODUCT('SPOT_S42','SPOT_S42','',(#3040));
#3040 = PRODUCT_CONTEXT('',#2,'mechanical');
#3041 = PRODUCT_DEFINITION_CONTEXT('part definition',#2,'design');
#3042 = ADVANCED_BREP_SHAPE_REPRESENTATION('',(#11,#3043),#3055);
#3043 = MANIFOLD_SOLID_BREP('',#3044);
#3044 = CLOSED_SHELL('',(#3045));
#3045 = ADVANCED_FACE('',(#3046),#3050,.T.);
#3046 = FACE_BOUND('',#3047,.T.);
#3047 = VERTEX_LOOP('',#3048);
#3048 = VERTEX_POINT('',#3049);
#3049 = CARTESIAN_POINT('',(2.2E+03,-110.,417.));
#3050 = SPHERICAL_SURFACE('',#3051,3.);
#3051 = AXIS2_PLACEMENT_3D('',#3052,#3053,#3054);
#3052 = CARTESIAN_POINT('',(2.2E+03,-110.,420.));
#3053 = DIRECTION('',(0.,0.,1.));
#3054 = DIRECTION('',(1.,0.,0.));
#3055 = ( GEOMETRIC_REPRESENTATION_CONTEXT(3) 
GLOBAL_UNCERTAINTY_ASSIGNED_CONTEXT((#3059)) 
GLOBAL_UNIT_ASSIGNED_CONTEXT((#3056,#3057,#3058)) REPRESENTATION_CONTEXT
('Context #1','3D Context with UNIT and UNCERTAINTY') );
#3056 = ( LENGTH_UNIT() NAMED_UNIT(*) SI_UNIT(.MILLI.,.METRE.) );
#3057 = ( NAMED_UNIT(*) PLANE_ANGLE_UNIT() SI_UNIT($,.RADIAN.) );
#3058 = ( NAMED_UNIT(*) SI_UNIT($,.STERADIAN.) SOLID_ANGLE_UNIT() );
#3059 = UNCERTAINTY_MEASURE_WITH_UNIT(LENGTH_MEASURE(1.E-07),#3056,
  'distance_accuracy_value','confusion accuracy');
#3060 = CONTEXT_DEPENDENT_SHAPE_REPRESENTATION(#3061,#3063);
#3061 = ( REPRESENTATION_RELATIONSHIP('','',#3042,#10) 
REPRESENTATION_RELATIONSHIP_WITH_TRANSFORMATION(#3062) 
SHAPE_REPRESENTATION_RELATIONSHIP() );
#3062 = ITEM_DEFINED_TRANSFORMATION('','',#11,#199);
#3063 = PRODUCT_DEFINITION_SHAPE('Placement','Placement of an item',
  #3064);
#3064 = NEXT_ASSEMBLY_USAGE_OCCURRENCE('47','SPOT_S42','',#5,#3037,$);
#3065 = PRODUCT_RELATED_PRODUCT_CATEGORY('part',$,(#3039));
#3066 = SHAPE_DEFINITION_REPRESENTATION(#3067,#3073);
#3067 = PRODUCT_DEFINITION_SHAPE('','',#3068);
#3068 = PRODUCT_DEFINITION('design','',#3069,#3072);
#3069 = PRODUCT_DEFINITION_FORMATION('','',#3070);
#3070 = PRODUCT('SPOT_S43','SPOT_S43','',(#3071));
#3071 = PRODUCT_CONTEXT('',#2,'mechanical');
#3072 = PRODUCT_DEFINITION_CONTEXT('part definition',#2,'design');
#3073 = ADVANCED_BREP_SHAPE_REPRESENTATION('',(#11,#3074),#3086);
#3074 = MANIFOLD_SOLID_BREP('',#3075);
#3075 = CLOSED_SHELL('',(#3076));
#3076 = ADVANCED_FACE('',(#3077),#3081,.T.);
#3077 = FACE_BOUND('',#3078,.T.);
#3078 = VERTEX_LOOP('',#3079);
#3079 = VERTEX_POINT('',#3080);
#3080 = CARTESIAN_POINT('',(2.25E+03,-110.,417.));
#3081 = SPHERICAL_SURFACE('',#3082,3.);
#3082 = AXIS2_PLACEMENT_3D('',#3083,#3084,#3085);
#3083 = CARTESIAN_POINT('',(2.25E+03,-110.,420.));
#3084 = DIRECTION('',(0.,0.,1.));
#3085 = DIRECTION('',(1.,0.,0.));
#3086 = ( GEOMETRIC_REPRESENTATION_CONTEXT(3) 
GLOBAL_UNCERTAINTY_ASSIGNED_CONTEXT((#3090)) 
GLOBAL_UNIT_ASSIGNED_CONTEXT((#3087,#3088,#3089)) REPRESENTATION_CONTEXT
('Context #1','3D Context with UNIT and UNCERTAINTY') );
#3087 = ( LENGTH_UNIT() NAMED_UNIT(*) SI_UNIT(.MILLI.,.METRE.) );
#3088 = ( NAMED_UNIT(*) PLANE_ANGLE_UNIT() SI_UNIT($,.RADIAN.) );
#3089 = ( NAMED_UNIT(*) SI_UNIT($,.STERADIAN.) SOLID_ANGLE_UNIT() );
#3090 = UNCERTAINTY_MEASURE_WITH_UNIT(LENGTH_MEASURE(1.E-07),#3087,
  'distance_accuracy_value','confusion accuracy');
#3091 = CONTEXT_DEPENDENT_SHAPE_REPRESENTATION(#3092,#3094);
#3092 = ( REPRESENTATION_RELATIONSHIP('','',#3073,#10) 
REPRESENTATION_RELATIONSHIP_WITH_TRANSFORMATION(#3093) 
SHAPE_REPRESENTATION_RELATIONSHIP() );
#3093 = ITEM_DEFINED_TRANSFORMATION('','',#11,#203);
#3094 = PRODUCT_DEFINITION_SHAPE('Placement','Placement of an item',
  #3095);
#3095 = NEXT_ASSEMBLY_USAGE_OCCURRENCE('48','SPOT_S43','',#5,#3068,$);
#3096 = PRODUCT_RELATED_PRODUCT_CATEGORY('part',$,(#3070));
#3097 = SHAPE_DEFINITION_REPRESENTATION(#3098,#3104);
#3098 = PRODUCT_DEFINITION_SHAPE('','',#3099);
#3099 = PRODUCT_DEFINITION('design','',#3100,#3103);
#3100 = PRODUCT_DEFINITION_FORMATION('','',#3101);
#3101 = PRODUCT('SPOT_S44','SPOT_S44','',(#3102));
#3102 = PRODUCT_CONTEXT('',#2,'mechanical');
#3103 = PRODUCT_DEFINITION_CONTEXT('part definition',#2,'design');
#3104 = ADVANCED_BREP_SHAPE_REPRESENTATION('',(#11,#3105),#3117);
#3105 = MANIFOLD_SOLID_BREP('',#3106);
#3106 = CLOSED_SHELL('',(#3107));
#3107 = ADVANCED_FACE('',(#3108),#3112,.T.);
#3108 = FACE_BOUND('',#3109,.T.);
#3109 = VERTEX_LOOP('',#3110);
#3110 = VERTEX_POINT('',#3111);
#3111 = CARTESIAN_POINT('',(2.3E+03,-110.,417.));
#3112 = SPHERICAL_SURFACE('',#3113,3.);
#3113 = AXIS2_PLACEMENT_3D('',#3114,#3115,#3116);
#3114 = CARTESIAN_POINT('',(2.3E+03,-110.,420.));
#3115 = DIRECTION('',(0.,0.,1.));
#3116 = DIRECTION('',(1.,0.,0.));
#3117 = ( GEOMETRIC_REPRESENTATION_CONTEXT(3) 
GLOBAL_UNCERTAINTY_ASSIGNED_CONTEXT((#3121)) 
GLOBAL_UNIT_ASSIGNED_CONTEXT((#3118,#3119,#3120)) REPRESENTATION_CONTEXT
('Context #1','3D Context with UNIT and UNCERTAINTY') );
#3118 = ( LENGTH_UNIT() NAMED_UNIT(*) SI_UNIT(.MILLI.,.METRE.) );
#3119 = ( NAMED_UNIT(*) PLANE_ANGLE_UNIT() SI_UNIT($,.RADIAN.) );
#3120 = ( NAMED_UNIT(*) SI_UNIT($,.STERADIAN.) SOLID_ANGLE_UNIT() );
#3121 = UNCERTAINTY_MEASURE_WITH_UNIT(LENGTH_MEASURE(1.E-07),#3118,
  'distance_accuracy_value','confusion accuracy');
#3122 = CONTEXT_DEPENDENT_SHAPE_REPRESENTATION(#3123,#3125);
#3123 = ( REPRESENTATION_RELATIONSHIP('','',#3104,#10) 
REPRESENTATION_RELATIONSHIP_WITH_TRANSFORMATION(#3124) 
SHAPE_REPRESENTATION_RELATIONSHIP() );
#3124 = ITEM_DEFINED_TRANSFORMATION('','',#11,#207);
#3125 = PRODUCT_DEFINITION_SHAPE('Placement','Placement of an item',
  #3126);
#3126 = NEXT_ASSEMBLY_USAGE_OCCURRENCE('49','SPOT_S44','',#5,#3099,$);
#3127 = PRODUCT_RELATED_PRODUCT_CATEGORY('part',$,(#3101));
#3128 = SHAPE_DEFINITION_REPRESENTATION(#3129,#3135);
#3129 = PRODUCT_DEFINITION_SHAPE('','',#3130);
#3130 = PRODUCT_DEFINITION('design','',#3131,#3134);
#3131 = PRODUCT_DEFINITION_FORMATION('','',#3132);
#3132 = PRODUCT('SPOT_B00','SPOT_B00','',(#3133));
#3133 = PRODUCT_CONTEXT('',#2,'mechanical');
#3134 = PRODUCT_DEFINITION_CONTEXT('part definition',#2,'design');
#3135 = ADVANCED_BREP_SHAPE_REPRESENTATION('',(#11,#3136),#3148);
#3136 = MANIFOLD_SOLID_BREP('',#3137);
#3137 = CLOSED_SHELL('',(#3138));
#3138 = ADVANCED_FACE('',(#3139),#3143,.T.);
#3139 = FACE_BOUND('',#3140,.T.);
#3140 = VERTEX_LOOP('',#3141);
#3141 = VERTEX_POINT('',#3142);
#3142 = CARTESIAN_POINT('',(1.2E+03,-90.,597.));
#3143 = SPHERICAL_SURFACE('',#3144,3.);
#3144 = AXIS2_PLACEMENT_3D('',#3145,#3146,#3147);
#3145 = CARTESIAN_POINT('',(1.2E+03,-90.,600.));
#3146 = DIRECTION('',(0.,0.,1.));
#3147 = DIRECTION('',(1.,0.,0.));
#3148 = ( GEOMETRIC_REPRESENTATION_CONTEXT(3) 
GLOBAL_UNCERTAINTY_ASSIGNED_CONTEXT((#3152)) 
GLOBAL_UNIT_ASSIGNED_CONTEXT((#3149,#3150,#3151)) REPRESENTATION_CONTEXT
('Context #1','3D Context with UNIT and UNCERTAINTY') );
#3149 = ( LENGTH_UNIT() NAMED_UNIT(*) SI_UNIT(.MILLI.,.METRE.) );
#3150 = ( NAMED_UNIT(*) PLANE_ANGLE_UNIT() SI_UNIT($,.RADIAN.) );
#3151 = ( NAMED_UNIT(*) SI_UNIT($,.STERADIAN.) SOLID_ANGLE_UNIT() );
#3152 = UNCERTAINTY_MEASURE_WITH_UNIT(LENGTH_MEASURE(1.E-07),#3149,
  'distance_accuracy_value','confusion accuracy');
#3153 = CONTEXT_DEPENDENT_SHAPE_REPRESENTATION(#3154,#3156);
#3154 = ( REPRESENTATION_RELATIONSHIP('','',#3135,#10) 
REPRESENTATION_RELATIONSHIP_WITH_TRANSFORMATION(#3155) 
SHAPE_REPRESENTATION_RELATIONSHIP() );
#3155 = ITEM_DEFINED_TRANSFORMATION('','',#11,#211);
#3156 = PRODUCT_DEFINITION_SHAPE('Placement','Placement of an item',
  #3157);
#3157 = NEXT_ASSEMBLY_USAGE_OCCURRENCE('50','SPOT_B00','',#5,#3130,$);
#3158 = PRODUCT_RELATED_PRODUCT_CATEGORY('part',$,(#3132));
#3159 = SHAPE_DEFINITION_REPRESENTATION(#3160,#3166);
#3160 = PRODUCT_DEFINITION_SHAPE('','',#3161);
#3161 = PRODUCT_DEFINITION('design','',#3162,#3165);
#3162 = PRODUCT_DEFINITION_FORMATION('','',#3163);
#3163 = PRODUCT('SPOT_B01','SPOT_B01','',(#3164));
#3164 = PRODUCT_CONTEXT('',#2,'mechanical');
#3165 = PRODUCT_DEFINITION_CONTEXT('part definition',#2,'design');
#3166 = ADVANCED_BREP_SHAPE_REPRESENTATION('',(#11,#3167),#3179);
#3167 = MANIFOLD_SOLID_BREP('',#3168);
#3168 = CLOSED_SHELL('',(#3169));
#3169 = ADVANCED_FACE('',(#3170),#3174,.T.);
#3170 = FACE_BOUND('',#3171,.T.);
#3171 = VERTEX_LOOP('',#3172);
#3172 = VERTEX_POINT('',#3173);
#3173 = CARTESIAN_POINT('',(1.2E+03,-90.,647.));
#3174 = SPHERICAL_SURFACE('',#3175,3.);
#3175 = AXIS2_PLACEMENT_3D('',#3176,#3177,#3178);
#3176 = CARTESIAN_POINT('',(1.2E+03,-90.,650.));
#3177 = DIRECTION('',(0.,0.,1.));
#3178 = DIRECTION('',(1.,0.,0.));
#3179 = ( GEOMETRIC_REPRESENTATION_CONTEXT(3) 
GLOBAL_UNCERTAINTY_ASSIGNED_CONTEXT((#3183)) 
GLOBAL_UNIT_ASSIGNED_CONTEXT((#3180,#3181,#3182)) REPRESENTATION_CONTEXT
('Context #1','3D Context with UNIT and UNCERTAINTY') );
#3180 = ( LENGTH_UNIT() NAMED_UNIT(*) SI_UNIT(.MILLI.,.METRE.) );
#3181 = ( NAMED_UNIT(*) PLANE_ANGLE_UNIT() SI_UNIT($,.RADIAN.) );
#3182 = ( NAMED_UNIT(*) SI_UNIT($,.STERADIAN.) SOLID_ANGLE_UNIT() );
#3183 = UNCERTAINTY_MEASURE_WITH_UNIT(LENGTH_MEASURE(1.E-07),#3180,
  'distance_accuracy_value','confusion accuracy');
#3184 = CONTEXT_DEPENDENT_SHAPE_REPRESENTATION(#3185,#3187);
#3185 = ( REPRESENTATION_RELATIONSHIP('','',#3166,#10) 
REPRESENTATION_RELATIONSHIP_WITH_TRANSFORMATION(#3186) 
SHAPE_REPRESENTATION_RELATIONSHIP() );
#3186 = ITEM_DEFINED_TRANSFORMATION('','',#11,#215);
#3187 = PRODUCT_DEFINITION_SHAPE('Placement','Placement of an item',
  #3188);
#3188 = NEXT_ASSEMBLY_USAGE_OCCURRENCE('51','SPOT_B01','',#5,#3161,$);
#3189 = PRODUCT_RELATED_PRODUCT_CATEGORY('part',$,(#3163));
#3190 = SHAPE_DEFINITION_REPRESENTATION(#3191,#3197);
#3191 = PRODUCT_DEFINITION_SHAPE('','',#3192);
#3192 = PRODUCT_DEFINITION('design','',#3193,#3196);
#3193 = PRODUCT_DEFINITION_FORMATION('','',#3194);
#3194 = PRODUCT('SPOT_B02','SPOT_B02','',(#3195));
#3195 = PRODUCT_CONTEXT('',#2,'mechanical');
#3196 = PRODUCT_DEFINITION_CONTEXT('part definition',#2,'design');
#3197 = ADVANCED_BREP_SHAPE_REPRESENTATION('',(#11,#3198),#3210);
#3198 = MANIFOLD_SOLID_BREP('',#3199);
#3199 = CLOSED_SHELL('',(#3200));
#3200 = ADVANCED_FACE('',(#3201),#3205,.T.);
#3201 = FACE_BOUND('',#3202,.T.);
#3202 = VERTEX_LOOP('',#3203);
#3203 = VERTEX_POINT('',#3204);
#3204 = CARTESIAN_POINT('',(1.2E+03,-90.,697.));
#3205 = SPHERICAL_SURFACE('',#3206,3.);
#3206 = AXIS2_PLACEMENT_3D('',#3207,#3208,#3209);
#3207 = CARTESIAN_POINT('',(1.2E+03,-90.,700.));
#3208 = DIRECTION('',(0.,0.,1.));
#3209 = DIRECTION('',(1.,0.,0.));
#3210 = ( GEOMETRIC_REPRESENTATION_CONTEXT(3) 
GLOBAL_UNCERTAINTY_ASSIGNED_CONTEXT((#3214)) 
GLOBAL_UNIT_ASSIGNED_CONTEXT((#3211,#3212,#3213)) REPRESENTATION_CONTEXT
('Context #1','3D Context with UNIT and UNCERTAINTY') );
#3211 = ( LENGTH_UNIT() NAMED_UNIT(*) SI_UNIT(.MILLI.,.METRE.) );
#3212 = ( NAMED_UNIT(*) PLANE_ANGLE_UNIT() SI_UNIT($,.RADIAN.) );
#3213 = ( NAMED_UNIT(*) SI_UNIT($,.STERADIAN.) SOLID_ANGLE_UNIT() );
#3214 = UNCERTAINTY_MEASURE_WITH_UNIT(LENGTH_MEASURE(1.E-07),#3211,
  'distance_accuracy_value','confusion accuracy');
#3215 = CONTEXT_DEPENDENT_SHAPE_REPRESENTATION(#3216,#3218);
#3216 = ( REPRESENTATION_RELATIONSHIP('','',#3197,#10) 
REPRESENTATION_RELATIONSHIP_WITH_TRANSFORMATION(#3217) 
SHAPE_REPRESENTATION_RELATIONSHIP() );
#3217 = ITEM_DEFINED_TRANSFORMATION('','',#11,#219);
#3218 = PRODUCT_DEFINITION_SHAPE('Placement','Placement of an item',
  #3219);
#3219 = NEXT_ASSEMBLY_USAGE_OCCURRENCE('52','SPOT_B02','',#5,#3192,$);
#3220 = PRODUCT_RELATED_PRODUCT_CATEGORY('part',$,(#3194));
#3221 = SHAPE_DEFINITION_REPRESENTATION(#3222,#3228);
#3222 = PRODUCT_DEFINITION_SHAPE('','',#3223);
#3223 = PRODUCT_DEFINITION('design','',#3224,#3227);
#3224 = PRODUCT_DEFINITION_FORMATION('','',#3225);
#3225 = PRODUCT('SPOT_B03','SPOT_B03','',(#3226));
#3226 = PRODUCT_CONTEXT('',#2,'mechanical');
#3227 = PRODUCT_DEFINITION_CONTEXT('part definition',#2,'design');
#3228 = ADVANCED_BREP_SHAPE_REPRESENTATION('',(#11,#3229),#3241);
#3229 = MANIFOLD_SOLID_BREP('',#3230);
#3230 = CLOSED_SHELL('',(#3231));
#3231 = ADVANCED_FACE('',(#3232),#3236,.T.);
#3232 = FACE_BOUND('',#3233,.T.);
#3233 = VERTEX_LOOP('',#3234);
#3234 = VERTEX_POINT('',#3235);
#3235 = CARTESIAN_POINT('',(1.2E+03,-90.,747.));
#3236 = SPHERICAL_SURFACE('',#3237,3.);
#3237 = AXIS2_PLACEMENT_3D('',#3238,#3239,#3240);
#3238 = CARTESIAN_POINT('',(1.2E+03,-90.,750.));
#3239 = DIRECTION('',(0.,0.,1.));
#3240 = DIRECTION('',(1.,0.,0.));
#3241 = ( GEOMETRIC_REPRESENTATION_CONTEXT(3) 
GLOBAL_UNCERTAINTY_ASSIGNED_CONTEXT((#3245)) 
GLOBAL_UNIT_ASSIGNED_CONTEXT((#3242,#3243,#3244)) REPRESENTATION_CONTEXT
('Context #1','3D Context with UNIT and UNCERTAINTY') );
#3242 = ( LENGTH_UNIT() NAMED_UNIT(*) SI_UNIT(.MILLI.,.METRE.) );
#3243 = ( NAMED_UNIT(*) PLANE_ANGLE_UNIT() SI_UNIT($,.RADIAN.) );
#3244 = ( NAMED_UNIT(*) SI_UNIT($,.STERADIAN.) SOLID_ANGLE_UNIT() );
#3245 = UNCERTAINTY_MEASURE_WITH_UNIT(LENGTH_MEASURE(1.E-07),#3242,
  'distance_accuracy_value','confusion accuracy');
#3246 = CONTEXT_DEPENDENT_SHAPE_REPRESENTATION(#3247,#3249);
#3247 = ( REPRESENTATION_RELATIONSHIP('','',#3228,#10) 
REPRESENTATION_RELATIONSHIP_WITH_TRANSFORMATION(#3248) 
SHAPE_REPRESENTATION_RELATIONSHIP() );
#3248 = ITEM_DEFINED_TRANSFORMATION('','',#11,#223);
#3249 = PRODUCT_DEFINITION_SHAPE('Placement','Placement of an item',
  #3250);
#3250 = NEXT_ASSEMBLY_USAGE_OCCURRENCE('53','SPOT_B03','',#5,#3223,$);
#3251 = PRODUCT_RELATED_PRODUCT_CATEGORY('part',$,(#3225));
#3252 = SHAPE_DEFINITION_REPRESENTATION(#3253,#3259);
#3253 = PRODUCT_DEFINITION_SHAPE('','',#3254);
#3254 = PRODUCT_DEFINITION('design','',#3255,#3258);
#3255 = PRODUCT_DEFINITION_FORMATION('','',#3256);
#3256 = PRODUCT('SPOT_B04','SPOT_B04','',(#3257));
#3257 = PRODUCT_CONTEXT('',#2,'mechanical');
#3258 = PRODUCT_DEFINITION_CONTEXT('part definition',#2,'design');
#3259 = ADVANCED_BREP_SHAPE_REPRESENTATION('',(#11,#3260),#3272);
#3260 = MANIFOLD_SOLID_BREP('',#3261);
#3261 = CLOSED_SHELL('',(#3262));
#3262 = ADVANCED_FACE('',(#3263),#3267,.T.);
#3263 = FACE_BOUND('',#3264,.T.);
#3264 = VERTEX_LOOP('',#3265);
#3265 = VERTEX_POINT('',#3266);
#3266 = CARTESIAN_POINT('',(1.2E+03,-90.,797.));
#3267 = SPHERICAL_SURFACE('',#3268,3.);
#3268 = AXIS2_PLACEMENT_3D('',#3269,#3270,#3271);
#3269 = CARTESIAN_POINT('',(1.2E+03,-90.,800.));
#3270 = DIRECTION('',(0.,0.,1.));
#3271 = DIRECTION('',(1.,0.,0.));
#3272 = ( GEOMETRIC_REPRESENTATION_CONTEXT(3) 
GLOBAL_UNCERTAINTY_ASSIGNED_CONTEXT((#3276)) 
GLOBAL_UNIT_ASSIGNED_CONTEXT((#3273,#3274,#3275)) REPRESENTATION_CONTEXT
('Context #1','3D Context with UNIT and UNCERTAINTY') );
#3273 = ( LENGTH_UNIT() NAMED_UNIT(*) SI_UNIT(.MILLI.,.METRE.) );
#3274 = ( NAMED_UNIT(*) PLANE_ANGLE_UNIT() SI_UNIT($,.RADIAN.) );
#3275 = ( NAMED_UNIT(*) SI_UNIT($,.STERADIAN.) SOLID_ANGLE_UNIT() );
#3276 = UNCERTAINTY_MEASURE_WITH_UNIT(LENGTH_MEASURE(1.E-07),#3273,
  'distance_accuracy_value','confusion accuracy');
#3277 = CONTEXT_DEPENDENT_SHAPE_REPRESENTATION(#3278,#3280);
#3278 = ( REPRESENTATION_RELATIONSHIP('','',#3259,#10) 
REPRESENTATION_RELATIONSHIP_WITH_TRANSFORMATION(#3279) 
SHAPE_REPRESENTATION_RELATIONSHIP() );
#3279 = ITEM_DEFINED_TRANSFORMATION('','',#11,#227);
#3280 = PRODUCT_DEFINITION_SHAPE('Placement','Placement of an item',
  #3281);
#3281 = NEXT_ASSEMBLY_USAGE_OCCURRENCE('54','SPOT_B04','',#5,#3254,$);
#3282 = PRODUCT_RELATED_PRODUCT_CATEGORY('part',$,(#3256));
#3283 = SHAPE_DEFINITION_REPRESENTATION(#3284,#3290);
#3284 = PRODUCT_DEFINITION_SHAPE('','',#3285);
#3285 = PRODUCT_DEFINITION('design','',#3286,#3289);
#3286 = PRODUCT_DEFINITION_FORMATION('','',#3287);
#3287 = PRODUCT('SPOT_B05','SPOT_B05','',(#3288));
#3288 = PRODUCT_CONTEXT('',#2,'mechanical');
#3289 = PRODUCT_DEFINITION_CONTEXT('part definition',#2,'design');
#3290 = ADVANCED_BREP_SHAPE_REPRESENTATION('',(#11,#3291),#3303);
#3291 = MANIFOLD_SOLID_BREP('',#3292);
#3292 = CLOSED_SHELL('',(#3293));
#3293 = ADVANCED_FACE('',(#3294),#3298,.T.);
#3294 = FACE_BOUND('',#3295,.T.);
#3295 = VERTEX_LOOP('',#3296);
#3296 = VERTEX_POINT('',#3297);
#3297 = CARTESIAN_POINT('',(1.2E+03,-90.,847.));
#3298 = SPHERICAL_SURFACE('',#3299,3.);
#3299 = AXIS2_PLACEMENT_3D('',#3300,#3301,#3302);
#3300 = CARTESIAN_POINT('',(1.2E+03,-90.,850.));
#3301 = DIRECTION('',(0.,0.,1.));
#3302 = DIRECTION('',(1.,0.,0.));
#3303 = ( GEOMETRIC_REPRESENTATION_CONTEXT(3) 
GLOBAL_UNCERTAINTY_ASSIGNED_CONTEXT((#3307)) 
GLOBAL_UNIT_ASSIGNED_CONTEXT((#3304,#3305,#3306)) REPRESENTATION_CONTEXT
('Context #1','3D Context with UNIT and UNCERTAINTY') );
#3304 = ( LENGTH_UNIT() NAMED_UNIT(*) SI_UNIT(.MILLI.,.METRE.) );
#3305 = ( NAMED_UNIT(*) PLANE_ANGLE_UNIT() SI_UNIT($,.RADIAN.) );
#3306 = ( NAMED_UNIT(*) SI_UNIT($,.STERADIAN.) SOLID_ANGLE_UNIT() );
#3307 = UNCERTAINTY_MEASURE_WITH_UNIT(LENGTH_MEASURE(1.E-07),#3304,
  'distance_accuracy_value','confusion accuracy');
#3308 = CONTEXT_DEPENDENT_SHAPE_REPRESENTATION(#3309,#3311);
#3309 = ( REPRESENTATION_RELATIONSHIP('','',#3290,#10) 
REPRESENTATION_RELATIONSHIP_WITH_TRANSFORMATION(#3310) 
SHAPE_REPRESENTATION_RELATIONSHIP() );
#3310 = ITEM_DEFINED_TRANSFORMATION('','',#11,#231);
#3311 = PRODUCT_DEFINITION_SHAPE('Placement','Placement of an item',
  #3312);
#3312 = NEXT_ASSEMBLY_USAGE_OCCURRENCE('55','SPOT_B05','',#5,#3285,$);
#3313 = PRODUCT_RELATED_PRODUCT_CATEGORY('part',$,(#3287));
#3314 = SHAPE_DEFINITION_REPRESENTATION(#3315,#3321);
#3315 = PRODUCT_DEFINITION_SHAPE('','',#3316);
#3316 = PRODUCT_DEFINITION('design','',#3317,#3320);
#3317 = PRODUCT_DEFINITION_FORMATION('','',#3318);
#3318 = PRODUCT('SPOT_B06','SPOT_B06','',(#3319));
#3319 = PRODUCT_CONTEXT('',#2,'mechanical');
#3320 = PRODUCT_DEFINITION_CONTEXT('part definition',#2,'design');
#3321 = ADVANCED_BREP_SHAPE_REPRESENTATION('',(#11,#3322),#3334);
#3322 = MANIFOLD_SOLID_BREP('',#3323);
#3323 = CLOSED_SHELL('',(#3324));
#3324 = ADVANCED_FACE('',(#3325),#3329,.T.);
#3325 = FACE_BOUND('',#3326,.T.);
#3326 = VERTEX_LOOP('',#3327);
#3327 = VERTEX_POINT('',#3328);
#3328 = CARTESIAN_POINT('',(1.2E+03,-90.,897.));
#3329 = SPHERICAL_SURFACE('',#3330,3.);
#3330 = AXIS2_PLACEMENT_3D('',#3331,#3332,#3333);
#3331 = CARTESIAN_POINT('',(1.2E+03,-90.,900.));
#3332 = DIRECTION('',(0.,0.,1.));
#3333 = DIRECTION('',(1.,0.,0.));
#3334 = ( GEOMETRIC_REPRESENTATION_CONTEXT(3) 
GLOBAL_UNCERTAINTY_ASSIGNED_CONTEXT((#3338)) 
GLOBAL_UNIT_ASSIGNED_CONTEXT((#3335,#3336,#3337)) REPRESENTATION_CONTEXT
('Context #1','3D Context with UNIT and UNCERTAINTY') );
#3335 = ( LENGTH_UNIT() NAMED_UNIT(*) SI_UNIT(.MILLI.,.METRE.) );
#3336 = ( NAMED_UNIT(*) PLANE_ANGLE_UNIT() SI_UNIT($,.RADIAN.) );
#3337 = ( NAMED_UNIT(*) SI_UNIT($,.STERADIAN.) SOLID_ANGLE_UNIT() );
#3338 = UNCERTAINTY_MEASURE_WITH_UNIT(LENGTH_MEASURE(1.E-07),#3335,
  'distance_accuracy_value','confusion accuracy');
#3339 = CONTEXT_DEPENDENT_SHAPE_REPRESENTATION(#3340,#3342);
#3340 = ( REPRESENTATION_RELATIONSHIP('','',#3321,#10) 
REPRESENTATION_RELATIONSHIP_WITH_TRANSFORMATION(#3341) 
SHAPE_REPRESENTATION_RELATIONSHIP() );
#3341 = ITEM_DEFINED_TRANSFORMATION('','',#11,#235);
#3342 = PRODUCT_DEFINITION_SHAPE('Placement','Placement of an item',
  #3343);
#3343 = NEXT_ASSEMBLY_USAGE_OCCURRENCE('56','SPOT_B06','',#5,#3316,$);
#3344 = PRODUCT_RELATED_PRODUCT_CATEGORY('part',$,(#3318));
#3345 = SHAPE_DEFINITION_REPRESENTATION(#3346,#3352);
#3346 = PRODUCT_DEFINITION_SHAPE('','',#3347);
#3347 = PRODUCT_DEFINITION('design','',#3348,#3351);
#3348 = PRODUCT_DEFINITION_FORMATION('','',#3349);
#3349 = PRODUCT('SPOT_B07','SPOT_B07','',(#3350));
#3350 = PRODUCT_CONTEXT('',#2,'mechanical');
#3351 = PRODUCT_DEFINITION_CONTEXT('part definition',#2,'design');
#3352 = ADVANCED_BREP_SHAPE_REPRESENTATION('',(#11,#3353),#3365);
#3353 = MANIFOLD_SOLID_BREP('',#3354);
#3354 = CLOSED_SHELL('',(#3355));
#3355 = ADVANCED_FACE('',(#3356),#3360,.T.);
#3356 = FACE_BOUND('',#3357,.T.);
#3357 = VERTEX_LOOP('',#3358);
#3358 = VERTEX_POINT('',#3359);
#3359 = CARTESIAN_POINT('',(1.2E+03,-90.,947.));
#3360 = SPHERICAL_SURFACE('',#3361,3.);
#3361 = AXIS2_PLACEMENT_3D('',#3362,#3363,#3364);
#3362 = CARTESIAN_POINT('',(1.2E+03,-90.,950.));
#3363 = DIRECTION('',(0.,0.,1.));
#3364 = DIRECTION('',(1.,0.,0.));
#3365 = ( GEOMETRIC_REPRESENTATION_CONTEXT(3) 
GLOBAL_UNCERTAINTY_ASSIGNED_CONTEXT((#3369)) 
GLOBAL_UNIT_ASSIGNED_CONTEXT((#3366,#3367,#3368)) REPRESENTATION_CONTEXT
('Context #1','3D Context with UNIT and UNCERTAINTY') );
#3366 = ( LENGTH_UNIT() NAMED_UNIT(*) SI_UNIT(.MILLI.,.METRE.) );
#3367 = ( NAMED_UNIT(*) PLANE_ANGLE_UNIT() SI_UNIT($,.RADIAN.) );
#3368 = ( NAMED_UNIT(*) SI_UNIT($,.STERADIAN.) SOLID_ANGLE_UNIT() );
#3369 = UNCERTAINTY_MEASURE_WITH_UNIT(LENGTH_MEASURE(1.E-07),#3366,
  'distance_accuracy_value','confusion accuracy');
#3370 = CONTEXT_DEPENDENT_SHAPE_REPRESENTATION(#3371,#3373);
#3371 = ( REPRESENTATION_RELATIONSHIP('','',#3352,#10) 
REPRESENTATION_RELATIONSHIP_WITH_TRANSFORMATION(#3372) 
SHAPE_REPRESENTATION_RELATIONSHIP() );
#3372 = ITEM_DEFINED_TRANSFORMATION('','',#11,#239);
#3373 = PRODUCT_DEFINITION_SHAPE('Placement','Placement of an item',
  #3374);
#3374 = NEXT_ASSEMBLY_USAGE_OCCURRENCE('57','SPOT_B07','',#5,#3347,$);
#3375 = PRODUCT_RELATED_PRODUCT_CATEGORY('part',$,(#3349));
#3376 = SHAPE_DEFINITION_REPRESENTATION(#3377,#3383);
#3377 = PRODUCT_DEFINITION_SHAPE('','',#3378);
#3378 = PRODUCT_DEFINITION('design','',#3379,#3382);
#3379 = PRODUCT_DEFINITION_FORMATION('','',#3380);
#3380 = PRODUCT('SPOT_B08','SPOT_B08','',(#3381));
#3381 = PRODUCT_CONTEXT('',#2,'mechanical');
#3382 = PRODUCT_DEFINITION_CONTEXT('part definition',#2,'design');
#3383 = ADVANCED_BREP_SHAPE_REPRESENTATION('',(#11,#3384),#3396);
#3384 = MANIFOLD_SOLID_BREP('',#3385);
#3385 = CLOSED_SHELL('',(#3386));
#3386 = ADVANCED_FACE('',(#3387),#3391,.T.);
#3387 = FACE_BOUND('',#3388,.T.);
#3388 = VERTEX_LOOP('',#3389);
#3389 = VERTEX_POINT('',#3390);
#3390 = CARTESIAN_POINT('',(1.2E+03,-90.,997.));
#3391 = SPHERICAL_SURFACE('',#3392,3.);
#3392 = AXIS2_PLACEMENT_3D('',#3393,#3394,#3395);
#3393 = CARTESIAN_POINT('',(1.2E+03,-90.,1.E+03));
#3394 = DIRECTION('',(0.,0.,1.));
#3395 = DIRECTION('',(1.,0.,0.));
#3396 = ( GEOMETRIC_REPRESENTATION_CONTEXT(3) 
GLOBAL_UNCERTAINTY_ASSIGNED_CONTEXT((#3400)) 
GLOBAL_UNIT_ASSIGNED_CONTEXT((#3397,#3398,#3399)) REPRESENTATION_CONTEXT
('Context #1','3D Context with UNIT and UNCERTAINTY') );
#3397 = ( LENGTH_UNIT() NAMED_UNIT(*) SI_UNIT(.MILLI.,.METRE.) );
#3398 = ( NAMED_UNIT(*) PLANE_ANGLE_UNIT() SI_UNIT($,.RADIAN.) );
#3399 = ( NAMED_UNIT(*) SI_UNIT($,.STERADIAN.) SOLID_ANGLE_UNIT() );
#3400 = UNCERTAINTY_MEASURE_WITH_UNIT(LENGTH_MEASURE(1.E-07),#3397,
  'distance_accuracy_value','confusion accuracy');
#3401 = CONTEXT_DEPENDENT_SHAPE_REPRESENTATION(#3402,#3404);
#3402 = ( REPRESENTATION_RELATIONSHIP('','',#3383,#10) 
REPRESENTATION_RELATIONSHIP_WITH_TRANSFORMATION(#3403) 
SHAPE_REPRESENTATION_RELATIONSHIP() );
#3403 = ITEM_DEFINED_TRANSFORMATION('','',#11,#243);
#3404 = PRODUCT_DEFINITION_SHAPE('Placement','Placement of an item',
  #3405);
#3405 = NEXT_ASSEMBLY_USAGE_OCCURRENCE('58','SPOT_B08','',#5,#3378,$);
#3406 = PRODUCT_RELATED_PRODUCT_CATEGORY('part',$,(#3380));
#3407 = SHAPE_DEFINITION_REPRESENTATION(#3408,#3414);
#3408 = PRODUCT_DEFINITION_SHAPE('','',#3409);
#3409 = PRODUCT_DEFINITION('design','',#3410,#3413);
#3410 = PRODUCT_DEFINITION_FORMATION('','',#3411);
#3411 = PRODUCT('SPOT_B09','SPOT_B09','',(#3412));
#3412 = PRODUCT_CONTEXT('',#2,'mechanical');
#3413 = PRODUCT_DEFINITION_CONTEXT('part definition',#2,'design');
#3414 = ADVANCED_BREP_SHAPE_REPRESENTATION('',(#11,#3415),#3427);
#3415 = MANIFOLD_SOLID_BREP('',#3416);
#3416 = CLOSED_SHELL('',(#3417));
#3417 = ADVANCED_FACE('',(#3418),#3422,.T.);
#3418 = FACE_BOUND('',#3419,.T.);
#3419 = VERTEX_LOOP('',#3420);
#3420 = VERTEX_POINT('',#3421);
#3421 = CARTESIAN_POINT('',(1.2E+03,-90.,1.047E+03));
#3422 = SPHERICAL_SURFACE('',#3423,3.);
#3423 = AXIS2_PLACEMENT_3D('',#3424,#3425,#3426);
#3424 = CARTESIAN_POINT('',(1.2E+03,-90.,1.05E+03));
#3425 = DIRECTION('',(0.,0.,1.));
#3426 = DIRECTION('',(1.,0.,0.));
#3427 = ( GEOMETRIC_REPRESENTATION_CONTEXT(3) 
GLOBAL_UNCERTAINTY_ASSIGNED_CONTEXT((#3431)) 
GLOBAL_UNIT_ASSIGNED_CONTEXT((#3428,#3429,#3430)) REPRESENTATION_CONTEXT
('Context #1','3D Context with UNIT and UNCERTAINTY') );
#3428 = ( LENGTH_UNIT() NAMED_UNIT(*) SI_UNIT(.MILLI.,.METRE.) );
#3429 = ( NAMED_UNIT(*) PLANE_ANGLE_UNIT() SI_UNIT($,.RADIAN.) );
#3430 = ( NAMED_UNIT(*) SI_UNIT($,.STERADIAN.) SOLID_ANGLE_UNIT() );
#3431 = UNCERTAINTY_MEASURE_WITH_UNIT(LENGTH_MEASURE(1.E-07),#3428,
  'distance_accuracy_value','confusion accuracy');
#3432 = CONTEXT_DEPENDENT_SHAPE_REPRESENTATION(#3433,#3435);
#3433 = ( REPRESENTATION_RELATIONSHIP('','',#3414,#10) 
REPRESENTATION_RELATIONSHIP_WITH_TRANSFORMATION(#3434) 
SHAPE_REPRESENTATION_RELATIONSHIP() );
#3434 = ITEM_DEFINED_TRANSFORMATION('','',#11,#247);
#3435 = PRODUCT_DEFINITION_SHAPE('Placement','Placement of an item',
  #3436);
#3436 = NEXT_ASSEMBLY_USAGE_OCCURRENCE('59','SPOT_B09','',#5,#3409,$);
#3437 = PRODUCT_RELATED_PRODUCT_CATEGORY('part',$,(#3411));
#3438 = SHAPE_DEFINITION_REPRESENTATION(#3439,#3445);
#3439 = PRODUCT_DEFINITION_SHAPE('','',#3440);
#3440 = PRODUCT_DEFINITION('design','',#3441,#3444);
#3441 = PRODUCT_DEFINITION_FORMATION('','',#3442);
#3442 = PRODUCT('SPOT_B10','SPOT_B10','',(#3443));
#3443 = PRODUCT_CONTEXT('',#2,'mechanical');
#3444 = PRODUCT_DEFINITION_CONTEXT('part definition',#2,'design');
#3445 = ADVANCED_BREP_SHAPE_REPRESENTATION('',(#11,#3446),#3458);
#3446 = MANIFOLD_SOLID_BREP('',#3447);
#3447 = CLOSED_SHELL('',(#3448));
#3448 = ADVANCED_FACE('',(#3449),#3453,.T.);
#3449 = FACE_BOUND('',#3450,.T.);
#3450 = VERTEX_LOOP('',#3451);
#3451 = VERTEX_POINT('',#3452);
#3452 = CARTESIAN_POINT('',(1.2E+03,-90.,1.097E+03));
#3453 = SPHERICAL_SURFACE('',#3454,3.);
#3454 = AXIS2_PLACEMENT_3D('',#3455,#3456,#3457);
#3455 = CARTESIAN_POINT('',(1.2E+03,-90.,1.1E+03));
#3456 = DIRECTION('',(0.,0.,1.));
#3457 = DIRECTION('',(1.,0.,0.));
#3458 = ( GEOMETRIC_REPRESENTATION_CONTEXT(3) 
GLOBAL_UNCERTAINTY_ASSIGNED_CONTEXT((#3462)) 
GLOBAL_UNIT_ASSIGNED_CONTEXT((#3459,#3460,#3461)) REPRESENTATION_CONTEXT
('Context #1','3D Context with UNIT and UNCERTAINTY') );
#3459 = ( LENGTH_UNIT() NAMED_UNIT(*) SI_UNIT(.MILLI.,.METRE.) );
#3460 = ( NAMED_UNIT(*) PLANE_ANGLE_UNIT() SI_UNIT($,.RADIAN.) );
#3461 = ( NAMED_UNIT(*) SI_UNIT($,.STERADIAN.) SOLID_ANGLE_UNIT() );
#3462 = UNCERTAINTY_MEASURE_WITH_UNIT(LENGTH_MEASURE(1.E-07),#3459,
  'distance_accuracy_value','confusion accuracy');
#3463 = CONTEXT_DEPENDENT_SHAPE_REPRESENTATION(#3464,#3466);
#3464 = ( REPRESENTATION_RELATIONSHIP('','',#3445,#10) 
REPRESENTATION_RELATIONSHIP_WITH_TRANSFORMATION(#3465) 
SHAPE_REPRESENTATION_RELATIONSHIP() );
#3465 = ITEM_DEFINED_TRANSFORMATION('','',#11,#251);
#3466 = PRODUCT_DEFINITION_SHAPE('Placement','Placement of an item',
  #3467);
#3467 = NEXT_ASSEMBLY_USAGE_OCCURRENCE('60','SPOT_B10','',#5,#3440,$);
#3468 = PRODUCT_RELATED_PRODUCT_CATEGORY('part',$,(#3442));
#3469 = SHAPE_DEFINITION_REPRESENTATION(#3470,#3476);
#3470 = PRODUCT_DEFINITION_SHAPE('','',#3471);
#3471 = PRODUCT_DEFINITION('design','',#3472,#3475);
#3472 = PRODUCT_DEFINITION_FORMATION('','',#3473);
#3473 = PRODUCT('SPOT_B11','SPOT_B11','',(#3474));
#3474 = PRODUCT_CONTEXT('',#2,'mechanical');
#3475 = PRODUCT_DEFINITION_CONTEXT('part definition',#2,'design');
#3476 = ADVANCED_BREP_SHAPE_REPRESENTATION('',(#11,#3477),#3489);
#3477 = MANIFOLD_SOLID_BREP('',#3478);
#3478 = CLOSED_SHELL('',(#3479));
#3479 = ADVANCED_FACE('',(#3480),#3484,.T.);
#3480 = FACE_BOUND('',#3481,.T.);
#3481 = VERTEX_LOOP('',#3482);
#3482 = VERTEX_POINT('',#3483);
#3483 = CARTESIAN_POINT('',(1.2E+03,-90.,1.147E+03));
#3484 = SPHERICAL_SURFACE('',#3485,3.);
#3485 = AXIS2_PLACEMENT_3D('',#3486,#3487,#3488);
#3486 = CARTESIAN_POINT('',(1.2E+03,-90.,1.15E+03));
#3487 = DIRECTION('',(0.,0.,1.));
#3488 = DIRECTION('',(1.,0.,0.));
#3489 = ( GEOMETRIC_REPRESENTATION_CONTEXT(3) 
GLOBAL_UNCERTAINTY_ASSIGNED_CONTEXT((#3493)) 
GLOBAL_UNIT_ASSIGNED_CONTEXT((#3490,#3491,#3492)) REPRESENTATION_CONTEXT
('Context #1','3D Context with UNIT and UNCERTAINTY') );
#3490 = ( LENGTH_UNIT() NAMED_UNIT(*) SI_UNIT(.MILLI.,.METRE.) );
#3491 = ( NAMED_UNIT(*) PLANE_ANGLE_UNIT() SI_UNIT($,.RADIAN.) );
#3492 = ( NAMED_UNIT(*) SI_UNIT($,.STERADIAN.) SOLID_ANGLE_UNIT() );
#3493 = UNCERTAINTY_MEASURE_WITH_UNIT(LENGTH_MEASURE(1.E-07),#3490,
  'distance_accuracy_value','confusion accuracy');
#3494 = CONTEXT_DEPENDENT_SHAPE_REPRESENTATION(#3495,#3497);
#3495 = ( REPRESENTATION_RELATIONSHIP('','',#3476,#10) 
REPRESENTATION_RELATIONSHIP_WITH_TRANSFORMATION(#3496) 
SHAPE_REPRESENTATION_RELATIONSHIP() );
#3496 = ITEM_DEFINED_TRANSFORMATION('','',#11,#255);
#3497 = PRODUCT_DEFINITION_SHAPE('Placement','Placement of an item',
  #3498);
#3498 = NEXT_ASSEMBLY_USAGE_OCCURRENCE('61','SPOT_B11','',#5,#3471,$);
#3499 = PRODUCT_RELATED_PRODUCT_CATEGORY('part',$,(#3473));
#3500 = SHAPE_DEFINITION_REPRESENTATION(#3501,#3507);
#3501 = PRODUCT_DEFINITION_SHAPE('','',#3502);
#3502 = PRODUCT_DEFINITION('design','',#3503,#3506);
#3503 = PRODUCT_DEFINITION_FORMATION('','',#3504);
#3504 = PRODUCT('SPOT_B12','SPOT_B12','',(#3505));
#3505 = PRODUCT_CONTEXT('',#2,'mechanical');
#3506 = PRODUCT_DEFINITION_CONTEXT('part definition',#2,'design');
#3507 = ADVANCED_BREP_SHAPE_REPRESENTATION('',(#11,#3508),#3520);
#3508 = MANIFOLD_SOLID_BREP('',#3509);
#3509 = CLOSED_SHELL('',(#3510));
#3510 = ADVANCED_FACE('',(#3511),#3515,.T.);
#3511 = FACE_BOUND('',#3512,.T.);
#3512 = VERTEX_LOOP('',#3513);
#3513 = VERTEX_POINT('',#3514);
#3514 = CARTESIAN_POINT('',(1.2E+03,-90.,1.197E+03));
#3515 = SPHERICAL_SURFACE('',#3516,3.);
#3516 = AXIS2_PLACEMENT_3D('',#3517,#3518,#3519);
#3517 = CARTESIAN_POINT('',(1.2E+03,-90.,1.2E+03));
#3518 = DIRECTION('',(0.,0.,1.));
#3519 = DIRECTION('',(1.,0.,0.));
#3520 = ( GEOMETRIC_REPRESENTATION_CONTEXT(3) 
GLOBAL_UNCERTAINTY_ASSIGNED_CONTEXT((#3524)) 
GLOBAL_UNIT_ASSIGNED_CONTEXT((#3521,#3522,#3523)) REPRESENTATION_CONTEXT
('Context #1','3D Context with UNIT and UNCERTAINTY') );
#3521 = ( LENGTH_UNIT() NAMED_UNIT(*) SI_UNIT(.MILLI.,.METRE.) );
#3522 = ( NAMED_UNIT(*) PLANE_ANGLE_UNIT() SI_UNIT($,.RADIAN.) );
#3523 = ( NAMED_UNIT(*) SI_UNIT($,.STERADIAN.) SOLID_ANGLE_UNIT() );
#3524 = UNCERTAINTY_MEASURE_WITH_UNIT(LENGTH_MEASURE(1.E-07),#3521,
  'distance_accuracy_value','confusion accuracy');
#3525 = CONTEXT_DEPENDENT_SHAPE_REPRESENTATION(#3526,#3528);
#3526 = ( REPRESENTATION_RELATIONSHIP('','',#3507,#10) 
REPRESENTATION_RELATIONSHIP_WITH_TRANSFORMATION(#3527) 
SHAPE_REPRESENTATION_RELATIONSHIP() );
#3527 = ITEM_DEFINED_TRANSFORMATION('','',#11,#259);
#3528 = PRODUCT_DEFINITION_SHAPE('Placement','Placement of an item',
  #3529);
#3529 = NEXT_ASSEMBLY_USAGE_OCCURRENCE('62','SPOT_B12','',#5,#3502,$);
#3530 = PRODUCT_RELATED_PRODUCT_CATEGORY('part',$,(#3504));
#3531 = SHAPE_DEFINITION_REPRESENTATION(#3532,#3538);
#3532 = PRODUCT_DEFINITION_SHAPE('','',#3533);
#3533 = PRODUCT_DEFINITION('design','',#3534,#3537);
#3534 = PRODUCT_DEFINITION_FORMATION('','',#3535);
#3535 = PRODUCT('SPOT_B13','SPOT_B13','',(#3536));
#3536 = PRODUCT_CONTEXT('',#2,'mechanical');
#3537 = PRODUCT_DEFINITION_CONTEXT('part definition',#2,'design');
#3538 = ADVANCED_BREP_SHAPE_REPRESENTATION('',(#11,#3539),#3551);
#3539 = MANIFOLD_SOLID_BREP('',#3540);
#3540 = CLOSED_SHELL('',(#3541));
#3541 = ADVANCED_FACE('',(#3542),#3546,.T.);
#3542 = FACE_BOUND('',#3543,.T.);
#3543 = VERTEX_LOOP('',#3544);
#3544 = VERTEX_POINT('',#3545);
#3545 = CARTESIAN_POINT('',(1.2E+03,-90.,1.247E+03));
#3546 = SPHERICAL_SURFACE('',#3547,3.);
#3547 = AXIS2_PLACEMENT_3D('',#3548,#3549,#3550);
#3548 = CARTESIAN_POINT('',(1.2E+03,-90.,1.25E+03));
#3549 = DIRECTION('',(0.,0.,1.));
#3550 = DIRECTION('',(1.,0.,0.));
#3551 = ( GEOMETRIC_REPRESENTATION_CONTEXT(3) 
GLOBAL_UNCERTAINTY_ASSIGNED_CONTEXT((#3555)) 
GLOBAL_UNIT_ASSIGNED_CONTEXT((#3552,#3553,#3554)) REPRESENTATION_CONTEXT
('Context #1','3D Context with UNIT and UNCERTAINTY') );
#3552 = ( LENGTH_UNIT() NAMED_UNIT(*) SI_UNIT(.MILLI.,.METRE.) );
#3553 = ( NAMED_UNIT(*) PLANE_ANGLE_UNIT() SI_UNIT($,.RADIAN.) );
#3554 = ( NAMED_UNIT(*) SI_UNIT($,.STERADIAN.) SOLID_ANGLE_UNIT() );
#3555 = UNCERTAINTY_MEASURE_WITH_UNIT(LENGTH_MEASURE(1.E-07),#3552,
  'distance_accuracy_value','confusion accuracy');
#3556 = CONTEXT_DEPENDENT_SHAPE_REPRESENTATION(#3557,#3559);
#3557 = ( REPRESENTATION_RELATIONSHIP('','',#3538,#10) 
REPRESENTATION_RELATIONSHIP_WITH_TRANSFORMATION(#3558) 
SHAPE_REPRESENTATION_RELATIONSHIP() );
#3558 = ITEM_DEFINED_TRANSFORMATION('','',#11,#263);
#3559 = PRODUCT_DEFINITION_SHAPE('Placement','Placement of an item',
  #3560);
#3560 = NEXT_ASSEMBLY_USAGE_OCCURRENCE('63','SPOT_B13','',#5,#3533,$);
#3561 = PRODUCT_RELATED_PRODUCT_CATEGORY('part',$,(#3535));
#3562 = SHAPE_DEFINITION_REPRESENTATION(#3563,#3569);
#3563 = PRODUCT_DEFINITION_SHAPE('','',#3564);
#3564 = PRODUCT_DEFINITION('design','',#3565,#3568);
#3565 = PRODUCT_DEFINITION_FORMATION('','',#3566);
#3566 = PRODUCT('SPOT_B14','SPOT_B14','',(#3567));
#3567 = PRODUCT_CONTEXT('',#2,'mechanical');
#3568 = PRODUCT_DEFINITION_CONTEXT('part definition',#2,'design');
#3569 = ADVANCED_BREP_SHAPE_REPRESENTATION('',(#11,#3570),#3582);
#3570 = MANIFOLD_SOLID_BREP('',#3571);
#3571 = CLOSED_SHELL('',(#3572));
#3572 = ADVANCED_FACE('',(#3573),#3577,.T.);
#3573 = FACE_BOUND('',#3574,.T.);
#3574 = VERTEX_LOOP('',#3575);
#3575 = VERTEX_POINT('',#3576);
#3576 = CARTESIAN_POINT('',(1.2E+03,-90.,1.297E+03));
#3577 = SPHERICAL_SURFACE('',#3578,3.);
#3578 = AXIS2_PLACEMENT_3D('',#3579,#3580,#3581);
#3579 = CARTESIAN_POINT('',(1.2E+03,-90.,1.3E+03));
#3580 = DIRECTION('',(0.,0.,1.));
#3581 = DIRECTION('',(1.,0.,0.));
#3582 = ( GEOMETRIC_REPRESENTATION_CONTEXT(3) 
GLOBAL_UNCERTAINTY_ASSIGNED_CONTEXT((#3586)) 
GLOBAL_UNIT_ASSIGNED_CONTEXT((#3583,#3584,#3585)) REPRESENTATION_CONTEXT
('Context #1','3D Context with UNIT and UNCERTAINTY') );
#3583 = ( LENGTH_UNIT() NAMED_UNIT(*) SI_UNIT(.MILLI.,.METRE.) );
#3584 = ( NAMED_UNIT(*) PLANE_ANGLE_UNIT() SI_UNIT($,.RADIAN.) );
#3585 = ( NAMED_UNIT(*) SI_UNIT($,.STERADIAN.) SOLID_ANGLE_UNIT() );
#3586 = UNCERTAINTY_MEASURE_WITH_UNIT(LENGTH_MEASURE(1.E-07),#3583,
  'distance_accuracy_value','confusion accuracy');
#3587 = CONTEXT_DEPENDENT_SHAPE_REPRESENTATION(#3588,#3590);
#3588 = ( REPRESENTATION_RELATIONSHIP('','',#3569,#10) 
REPRESENTATION_RELATIONSHIP_WITH_TRANSFORMATION(#3589) 
SHAPE_REPRESENTATION_RELATIONSHIP() );
#3589 = ITEM_DEFINED_TRANSFORMATION('','',#11,#267);
#3590 = PRODUCT_DEFINITION_SHAPE('Placement','Placement of an item',
  #3591);
#3591 = NEXT_ASSEMBLY_USAGE_OCCURRENCE('64','SPOT_B14','',#5,#3564,$);
#3592 = PRODUCT_RELATED_PRODUCT_CATEGORY('part',$,(#3566));
#3593 = SHAPE_DEFINITION_REPRESENTATION(#3594,#3600);
#3594 = PRODUCT_DEFINITION_SHAPE('','',#3595);
#3595 = PRODUCT_DEFINITION('design','',#3596,#3599);
#3596 = PRODUCT_DEFINITION_FORMATION('','',#3597);
#3597 = PRODUCT('SPOT_B15','SPOT_B15','',(#3598));
#3598 = PRODUCT_CONTEXT('',#2,'mechanical');
#3599 = PRODUCT_DEFINITION_CONTEXT('part definition',#2,'design');
#3600 = ADVANCED_BREP_SHAPE_REPRESENTATION('',(#11,#3601),#3613);
#3601 = MANIFOLD_SOLID_BREP('',#3602);
#3602 = CLOSED_SHELL('',(#3603));
#3603 = ADVANCED_FACE('',(#3604),#3608,.T.);
#3604 = FACE_BOUND('',#3605,.T.);
#3605 = VERTEX_LOOP('',#3606);
#3606 = VERTEX_POINT('',#3607);
#3607 = CARTESIAN_POINT('',(1.2E+03,-90.,1.347E+03));
#3608 = SPHERICAL_SURFACE('',#3609,3.);
#3609 = AXIS2_PLACEMENT_3D('',#3610,#3611,#3612);
#3610 = CARTESIAN_POINT('',(1.2E+03,-90.,1.35E+03));
#3611 = DIRECTION('',(0.,0.,1.));
#3612 = DIRECTION('',(1.,0.,0.));
#3613 = ( GEOMETRIC_REPRESENTATION_CONTEXT(3) 
GLOBAL_UNCERTAINTY_ASSIGNED_CONTEXT((#3617)) 
GLOBAL_UNIT_ASSIGNED_CONTEXT((#3614,#3615,#3616)) REPRESENTATION_CONTEXT
('Context #1','3D Context with UNIT and UNCERTAINTY') );
#3614 = ( LENGTH_UNIT() NAMED_UNIT(*) SI_UNIT(.MILLI.,.METRE.) );
#3615 = ( NAMED_UNIT(*) PLANE_ANGLE_UNIT() SI_UNIT($,.RADIAN.) );
#3616 = ( NAMED_UNIT(*) SI_UNIT($,.STERADIAN.) SOLID_ANGLE_UNIT() );
#3617 = UNCERTAINTY_MEASURE_WITH_UNIT(LENGTH_MEASURE(1.E-07),#3614,
  'distance_accuracy_value','confusion accuracy');
#3618 = CONTEXT_DEPENDENT_SHAPE_REPRESENTATION(#3619,#3621);
#3619 = ( REPRESENTATION_RELATIONSHIP('','',#3600,#10) 
REPRESENTATION_RELATIONSHIP_WITH_TRANSFORMATION(#3620) 
SHAPE_REPRESENTATION_RELATIONSHIP() );
#3620 = ITEM_DEFINED_TRANSFORMATION('','',#11,#271);
#3621 = PRODUCT_DEFINITION_SHAPE('Placement','Placement of an item',
  #3622);
#3622 = NEXT_ASSEMBLY_USAGE_OCCURRENCE('65','SPOT_B15','',#5,#3595,$);
#3623 = PRODUCT_RELATED_PRODUCT_CATEGORY('part',$,(#3597));
#3624 = SHAPE_DEFINITION_REPRESENTATION(#3625,#3631);
#3625 = PRODUCT_DEFINITION_SHAPE('','',#3626);
#3626 = PRODUCT_DEFINITION('design','',#3627,#3630);
#3627 = PRODUCT_DEFINITION_FORMATION('','',#3628);
#3628 = PRODUCT('SPOT_B16','SPOT_B16','',(#3629));
#3629 = PRODUCT_CONTEXT('',#2,'mechanical');
#3630 = PRODUCT_DEFINITION_CONTEXT('part definition',#2,'design');
#3631 = ADVANCED_BREP_SHAPE_REPRESENTATION('',(#11,#3632),#3644);
#3632 = MANIFOLD_SOLID_BREP('',#3633);
#3633 = CLOSED_SHELL('',(#3634));
#3634 = ADVANCED_FACE('',(#3635),#3639,.T.);
#3635 = FACE_BOUND('',#3636,.T.);
#3636 = VERTEX_LOOP('',#3637);
#3637 = VERTEX_POINT('',#3638);
#3638 = CARTESIAN_POINT('',(1.2E+03,-90.,1.397E+03));
#3639 = SPHERICAL_SURFACE('',#3640,3.);
#3640 = AXIS2_PLACEMENT_3D('',#3641,#3642,#3643);
#3641 = CARTESIAN_POINT('',(1.2E+03,-90.,1.4E+03));
#3642 = DIRECTION('',(0.,0.,1.));
#3643 = DIRECTION('',(1.,0.,0.));
#3644 = ( GEOMETRIC_REPRESENTATION_CONTEXT(3) 
GLOBAL_UNCERTAINTY_ASSIGNED_CONTEXT((#3648)) 
GLOBAL_UNIT_ASSIGNED_CONTEXT((#3645,#3646,#3647)) REPRESENTATION_CONTEXT
('Context #1','3D Context with UNIT and UNCERTAINTY') );
#3645 = ( LENGTH_UNIT() NAMED_UNIT(*) SI_UNIT(.MILLI.,.METRE.) );
#3646 = ( NAMED_UNIT(*) PLANE_ANGLE_UNIT() SI_UNIT($,.RADIAN.) );
#3647 = ( NAMED_UNIT(*) SI_UNIT($,.STERADIAN.) SOLID_ANGLE_UNIT() );
#3648 = UNCERTAINTY_MEASURE_WITH_UNIT(LENGTH_MEASURE(1.E-07),#3645,
  'distance_accuracy_value','confusion accuracy');
#3649 = CONTEXT_DEPENDENT_SHAPE_REPRESENTATION(#3650,#3652);
#3650 = ( REPRESENTATION_RELATIONSHIP('','',#3631,#10) 
REPRESENTATION_RELATIONSHIP_WITH_TRANSFORMATION(#3651) 
SHAPE_REPRESENTATION_RELATIONSHIP() );
#3651 = ITEM_DEFINED_TRANSFORMATION('','',#11,#275);
#3652 = PRODUCT_DEFINITION_SHAPE('Placement','Placement of an item',
  #3653);
#3653 = NEXT_ASSEMBLY_USAGE_OCCURRENCE('66','SPOT_B16','',#5,#3626,$);
#3654 = PRODUCT_RELATED_PRODUCT_CATEGORY('part',$,(#3628));
#3655 = SHAPE_DEFINITION_REPRESENTATION(#3656,#3662);
#3656 = PRODUCT_DEFINITION_SHAPE('','',#3657);
#3657 = PRODUCT_DEFINITION('design','',#3658,#3661);
#3658 = PRODUCT_DEFINITION_FORMATION('','',#3659);
#3659 = PRODUCT('SPOT_M00','SPOT_M00','',(#3660));
#3660 = PRODUCT_CONTEXT('',#2,'mechanical');
#3661 = PRODUCT_DEFINITION_CONTEXT('part definition',#2,'design');
#3662 = ADVANCED_BREP_SHAPE_REPRESENTATION('',(#11,#3663),#3675);
#3663 = MANIFOLD_SOLID_BREP('',#3664);
#3664 = CLOSED_SHELL('',(#3665));
#3665 = ADVANCED_FACE('',(#3666),#3670,.T.);
#3666 = FACE_BOUND('',#3667,.T.);
#3667 = VERTEX_LOOP('',#3668);
#3668 = VERTEX_POINT('',#3669);
#3669 = CARTESIAN_POINT('',(1.2E+03,150.,297.));
#3670 = SPHERICAL_SURFACE('',#3671,3.);
#3671 = AXIS2_PLACEMENT_3D('',#3672,#3673,#3674);
#3672 = CARTESIAN_POINT('',(1.2E+03,150.,300.));
#3673 = DIRECTION('',(0.,0.,1.));
#3674 = DIRECTION('',(1.,0.,0.));
#3675 = ( GEOMETRIC_REPRESENTATION_CONTEXT(3) 
GLOBAL_UNCERTAINTY_ASSIGNED_CONTEXT((#3679)) 
GLOBAL_UNIT_ASSIGNED_CONTEXT((#3676,#3677,#3678)) REPRESENTATION_CONTEXT
('Context #1','3D Context with UNIT and UNCERTAINTY') );
#3676 = ( LENGTH_UNIT() NAMED_UNIT(*) SI_UNIT(.MILLI.,.METRE.) );
#3677 = ( NAMED_UNIT(*) PLANE_ANGLE_UNIT() SI_UNIT($,.RADIAN.) );
#3678 = ( NAMED_UNIT(*) SI_UNIT($,.STERADIAN.) SOLID_ANGLE_UNIT() );
#3679 = UNCERTAINTY_MEASURE_WITH_UNIT(LENGTH_MEASURE(1.E-07),#3676,
  'distance_accuracy_value','confusion accuracy');
#3680 = CONTEXT_DEPENDENT_SHAPE_REPRESENTATION(#3681,#3683);
#3681 = ( REPRESENTATION_RELATIONSHIP('','',#3662,#10) 
REPRESENTATION_RELATIONSHIP_WITH_TRANSFORMATION(#3682) 
SHAPE_REPRESENTATION_RELATIONSHIP() );
#3682 = ITEM_DEFINED_TRANSFORMATION('','',#11,#279);
#3683 = PRODUCT_DEFINITION_SHAPE('Placement','Placement of an item',
  #3684);
#3684 = NEXT_ASSEMBLY_USAGE_OCCURRENCE('67','SPOT_M00','',#5,#3657,$);
#3685 = PRODUCT_RELATED_PRODUCT_CATEGORY('part',$,(#3659));
#3686 = SHAPE_DEFINITION_REPRESENTATION(#3687,#3693);
#3687 = PRODUCT_DEFINITION_SHAPE('','',#3688);
#3688 = PRODUCT_DEFINITION('design','',#3689,#3692);
#3689 = PRODUCT_DEFINITION_FORMATION('','',#3690);
#3690 = PRODUCT('SPOT_M01','SPOT_M01','',(#3691));
#3691 = PRODUCT_CONTEXT('',#2,'mechanical');
#3692 = PRODUCT_DEFINITION_CONTEXT('part definition',#2,'design');
#3693 = ADVANCED_BREP_SHAPE_REPRESENTATION('',(#11,#3694),#3706);
#3694 = MANIFOLD_SOLID_BREP('',#3695);
#3695 = CLOSED_SHELL('',(#3696));
#3696 = ADVANCED_FACE('',(#3697),#3701,.T.);
#3697 = FACE_BOUND('',#3698,.T.);
#3698 = VERTEX_LOOP('',#3699);
#3699 = VERTEX_POINT('',#3700);
#3700 = CARTESIAN_POINT('',(1.2E+03,200.,297.));
#3701 = SPHERICAL_SURFACE('',#3702,3.);
#3702 = AXIS2_PLACEMENT_3D('',#3703,#3704,#3705);
#3703 = CARTESIAN_POINT('',(1.2E+03,200.,300.));
#3704 = DIRECTION('',(0.,0.,1.));
#3705 = DIRECTION('',(1.,0.,0.));
#3706 = ( GEOMETRIC_REPRESENTATION_CONTEXT(3) 
GLOBAL_UNCERTAINTY_ASSIGNED_CONTEXT((#3710)) 
GLOBAL_UNIT_ASSIGNED_CONTEXT((#3707,#3708,#3709)) REPRESENTATION_CONTEXT
('Context #1','3D Context with UNIT and UNCERTAINTY') );
#3707 = ( LENGTH_UNIT() NAMED_UNIT(*) SI_UNIT(.MILLI.,.METRE.) );
#3708 = ( NAMED_UNIT(*) PLANE_ANGLE_UNIT() SI_UNIT($,.RADIAN.) );
#3709 = ( NAMED_UNIT(*) SI_UNIT($,.STERADIAN.) SOLID_ANGLE_UNIT() );
#3710 = UNCERTAINTY_MEASURE_WITH_UNIT(LENGTH_MEASURE(1.E-07),#3707,
  'distance_accuracy_value','confusion accuracy');
#3711 = CONTEXT_DEPENDENT_SHAPE_REPRESENTATION(#3712,#3714);
#3712 = ( REPRESENTATION_RELATIONSHIP('','',#3693,#10) 
REPRESENTATION_RELATIONSHIP_WITH_TRANSFORMATION(#3713) 
SHAPE_REPRESENTATION_RELATIONSHIP() );
#3713 = ITEM_DEFINED_TRANSFORMATION('','',#11,#283);
#3714 = PRODUCT_DEFINITION_SHAPE('Placement','Placement of an item',
  #3715);
#3715 = NEXT_ASSEMBLY_USAGE_OCCURRENCE('68','SPOT_M01','',#5,#3688,$);
#3716 = PRODUCT_RELATED_PRODUCT_CATEGORY('part',$,(#3690));
#3717 = SHAPE_DEFINITION_REPRESENTATION(#3718,#3724);
#3718 = PRODUCT_DEFINITION_SHAPE('','',#3719);
#3719 = PRODUCT_DEFINITION('design','',#3720,#3723);
#3720 = PRODUCT_DEFINITION_FORMATION('','',#3721);
#3721 = PRODUCT('SPOT_M02','SPOT_M02','',(#3722));
#3722 = PRODUCT_CONTEXT('',#2,'mechanical');
#3723 = PRODUCT_DEFINITION_CONTEXT('part definition',#2,'design');
#3724 = ADVANCED_BREP_SHAPE_REPRESENTATION('',(#11,#3725),#3737);
#3725 = MANIFOLD_SOLID_BREP('',#3726);
#3726 = CLOSED_SHELL('',(#3727));
#3727 = ADVANCED_FACE('',(#3728),#3732,.T.);
#3728 = FACE_BOUND('',#3729,.T.);
#3729 = VERTEX_LOOP('',#3730);
#3730 = VERTEX_POINT('',#3731);
#3731 = CARTESIAN_POINT('',(1.2E+03,250.,297.));
#3732 = SPHERICAL_SURFACE('',#3733,3.);
#3733 = AXIS2_PLACEMENT_3D('',#3734,#3735,#3736);
#3734 = CARTESIAN_POINT('',(1.2E+03,250.,300.));
#3735 = DIRECTION('',(0.,0.,1.));
#3736 = DIRECTION('',(1.,0.,0.));
#3737 = ( GEOMETRIC_REPRESENTATION_CONTEXT(3) 
GLOBAL_UNCERTAINTY_ASSIGNED_CONTEXT((#3741)) 
GLOBAL_UNIT_ASSIGNED_CONTEXT((#3738,#3739,#3740)) REPRESENTATION_CONTEXT
('Context #1','3D Context with UNIT and UNCERTAINTY') );
#3738 = ( LENGTH_UNIT() NAMED_UNIT(*) SI_UNIT(.MILLI.,.METRE.) );
#3739 = ( NAMED_UNIT(*) PLANE_ANGLE_UNIT() SI_UNIT($,.RADIAN.) );
#3740 = ( NAMED_UNIT(*) SI_UNIT($,.STERADIAN.) SOLID_ANGLE_UNIT() );
#3741 = UNCERTAINTY_MEASURE_WITH_UNIT(LENGTH_MEASURE(1.E-07),#3738,
  'distance_accuracy_value','confusion accuracy');
#3742 = CONTEXT_DEPENDENT_SHAPE_REPRESENTATION(#3743,#3745);
#3743 = ( REPRESENTATION_RELATIONSHIP('','',#3724,#10) 
REPRESENTATION_RELATIONSHIP_WITH_TRANSFORMATION(#3744) 
SHAPE_REPRESENTATION_RELATIONSHIP() );
#3744 = ITEM_DEFINED_TRANSFORMATION('','',#11,#287);
#3745 = PRODUCT_DEFINITION_SHAPE('Placement','Placement of an item',
  #3746);
#3746 = NEXT_ASSEMBLY_USAGE_OCCURRENCE('69','SPOT_M02','',#5,#3719,$);
#3747 = PRODUCT_RELATED_PRODUCT_CATEGORY('part',$,(#3721));
#3748 = SHAPE_DEFINITION_REPRESENTATION(#3749,#3755);
#3749 = PRODUCT_DEFINITION_SHAPE('','',#3750);
#3750 = PRODUCT_DEFINITION('design','',#3751,#3754);
#3751 = PRODUCT_DEFINITION_FORMATION('','',#3752);
#3752 = PRODUCT('SPOT_M03','SPOT_M03','',(#3753));
#3753 = PRODUCT_CONTEXT('',#2,'mechanical');
#3754 = PRODUCT_DEFINITION_CONTEXT('part definition',#2,'design');
#3755 = ADVANCED_BREP_SHAPE_REPRESENTATION('',(#11,#3756),#3768);
#3756 = MANIFOLD_SOLID_BREP('',#3757);
#3757 = CLOSED_SHELL('',(#3758));
#3758 = ADVANCED_FACE('',(#3759),#3763,.T.);
#3759 = FACE_BOUND('',#3760,.T.);
#3760 = VERTEX_LOOP('',#3761);
#3761 = VERTEX_POINT('',#3762);
#3762 = CARTESIAN_POINT('',(1.2E+03,300.,297.));
#3763 = SPHERICAL_SURFACE('',#3764,3.);
#3764 = AXIS2_PLACEMENT_3D('',#3765,#3766,#3767);
#3765 = CARTESIAN_POINT('',(1.2E+03,300.,300.));
#3766 = DIRECTION('',(0.,0.,1.));
#3767 = DIRECTION('',(1.,0.,0.));
#3768 = ( GEOMETRIC_REPRESENTATION_CONTEXT(3) 
GLOBAL_UNCERTAINTY_ASSIGNED_CONTEXT((#3772)) 
GLOBAL_UNIT_ASSIGNED_CONTEXT((#3769,#3770,#3771)) REPRESENTATION_CONTEXT
('Context #1','3D Context with UNIT and UNCERTAINTY') );
#3769 = ( LENGTH_UNIT() NAMED_UNIT(*) SI_UNIT(.MILLI.,.METRE.) );
#3770 = ( NAMED_UNIT(*) PLANE_ANGLE_UNIT() SI_UNIT($,.RADIAN.) );
#3771 = ( NAMED_UNIT(*) SI_UNIT($,.STERADIAN.) SOLID_ANGLE_UNIT() );
#3772 = UNCERTAINTY_MEASURE_WITH_UNIT(LENGTH_MEASURE(1.E-07),#3769,
  'distance_accuracy_value','confusion accuracy');
#3773 = CONTEXT_DEPENDENT_SHAPE_REPRESENTATION(#3774,#3776);
#3774 = ( REPRESENTATION_RELATIONSHIP('','',#3755,#10) 
REPRESENTATION_RELATIONSHIP_WITH_TRANSFORMATION(#3775) 
SHAPE_REPRESENTATION_RELATIONSHIP() );
#3775 = ITEM_DEFINED_TRANSFORMATION('','',#11,#291);
#3776 = PRODUCT_DEFINITION_SHAPE('Placement','Placement of an item',
  #3777);
#3777 = NEXT_ASSEMBLY_USAGE_OCCURRENCE('70','SPOT_M03','',#5,#3750,$);
#3778 = PRODUCT_RELATED_PRODUCT_CATEGORY('part',$,(#3752));
#3779 = SHAPE_DEFINITION_REPRESENTATION(#3780,#3786);
#3780 = PRODUCT_DEFINITION_SHAPE('','',#3781);
#3781 = PRODUCT_DEFINITION('design','',#3782,#3785);
#3782 = PRODUCT_DEFINITION_FORMATION('','',#3783);
#3783 = PRODUCT('SPOT_M04','SPOT_M04','',(#3784));
#3784 = PRODUCT_CONTEXT('',#2,'mechanical');
#3785 = PRODUCT_DEFINITION_CONTEXT('part definition',#2,'design');
#3786 = ADVANCED_BREP_SHAPE_REPRESENTATION('',(#11,#3787),#3799);
#3787 = MANIFOLD_SOLID_BREP('',#3788);
#3788 = CLOSED_SHELL('',(#3789));
#3789 = ADVANCED_FACE('',(#3790),#3794,.T.);
#3790 = FACE_BOUND('',#3791,.T.);
#3791 = VERTEX_LOOP('',#3792);
#3792 = VERTEX_POINT('',#3793);
#3793 = CARTESIAN_POINT('',(1.2E+03,350.,297.));
#3794 = SPHERICAL_SURFACE('',#3795,3.);
#3795 = AXIS2_PLACEMENT_3D('',#3796,#3797,#3798);
#3796 = CARTESIAN_POINT('',(1.2E+03,350.,300.));
#3797 = DIRECTION('',(0.,0.,1.));
#3798 = DIRECTION('',(1.,0.,0.));
#3799 = ( GEOMETRIC_REPRESENTATION_CONTEXT(3) 
GLOBAL_UNCERTAINTY_ASSIGNED_CONTEXT((#3803)) 
GLOBAL_UNIT_ASSIGNED_CONTEXT((#3800,#3801,#3802)) REPRESENTATION_CONTEXT
('Context #1','3D Context with UNIT and UNCERTAINTY') );
#3800 = ( LENGTH_UNIT() NAMED_UNIT(*) SI_UNIT(.MILLI.,.METRE.) );
#3801 = ( NAMED_UNIT(*) PLANE_ANGLE_UNIT() SI_UNIT($,.RADIAN.) );
#3802 = ( NAMED_UNIT(*) SI_UNIT($,.STERADIAN.) SOLID_ANGLE_UNIT() );
#3803 = UNCERTAINTY_MEASURE_WITH_UNIT(LENGTH_MEASURE(1.E-07),#3800,
  'distance_accuracy_value','confusion accuracy');
#3804 = CONTEXT_DEPENDENT_SHAPE_REPRESENTATION(#3805,#3807);
#3805 = ( REPRESENTATION_RELATIONSHIP('','',#3786,#10) 
REPRESENTATION_RELATIONSHIP_WITH_TRANSFORMATION(#3806) 
SHAPE_REPRESENTATION_RELATIONSHIP() );
#3806 = ITEM_DEFINED_TRANSFORMATION('','',#11,#295);
#3807 = PRODUCT_DEFINITION_SHAPE('Placement','Placement of an item',
  #3808);
#3808 = NEXT_ASSEMBLY_USAGE_OCCURRENCE('71','SPOT_M04','',#5,#3781,$);
#3809 = PRODUCT_RELATED_PRODUCT_CATEGORY('part',$,(#3783));
#3810 = SHAPE_DEFINITION_REPRESENTATION(#3811,#3817);
#3811 = PRODUCT_DEFINITION_SHAPE('','',#3812);
#3812 = PRODUCT_DEFINITION('design','',#3813,#3816);
#3813 = PRODUCT_DEFINITION_FORMATION('','',#3814);
#3814 = PRODUCT('SPOT_M05','SPOT_M05','',(#3815));
#3815 = PRODUCT_CONTEXT('',#2,'mechanical');
#3816 = PRODUCT_DEFINITION_CONTEXT('part definition',#2,'design');
#3817 = ADVANCED_BREP_SHAPE_REPRESENTATION('',(#11,#3818),#3830);
#3818 = MANIFOLD_SOLID_BREP('',#3819);
#3819 = CLOSED_SHELL('',(#3820));
#3820 = ADVANCED_FACE('',(#3821),#3825,.T.);
#3821 = FACE_BOUND('',#3822,.T.);
#3822 = VERTEX_LOOP('',#3823);
#3823 = VERTEX_POINT('',#3824);
#3824 = CARTESIAN_POINT('',(1.2E+03,400.,297.));
#3825 = SPHERICAL_SURFACE('',#3826,3.);
#3826 = AXIS2_PLACEMENT_3D('',#3827,#3828,#3829);
#3827 = CARTESIAN_POINT('',(1.2E+03,400.,300.));
#3828 = DIRECTION('',(0.,0.,1.));
#3829 = DIRECTION('',(1.,0.,0.));
#3830 = ( GEOMETRIC_REPRESENTATION_CONTEXT(3) 
GLOBAL_UNCERTAINTY_ASSIGNED_CONTEXT((#3834)) 
GLOBAL_UNIT_ASSIGNED_CONTEXT((#3831,#3832,#3833)) REPRESENTATION_CONTEXT
('Context #1','3D Context with UNIT and UNCERTAINTY') );
#3831 = ( LENGTH_UNIT() NAMED_UNIT(*) SI_UNIT(.MILLI.,.METRE.) );
#3832 = ( NAMED_UNIT(*) PLANE_ANGLE_UNIT() SI_UNIT($,.RADIAN.) );
#3833 = ( NAMED_UNIT(*) SI_UNIT($,.STERADIAN.) SOLID_ANGLE_UNIT() );
#3834 = UNCERTAINTY_MEASURE_WITH_UNIT(LENGTH_MEASURE(1.E-07),#3831,
  'distance_accuracy_value','confusion accuracy');
#3835 = CONTEXT_DEPENDENT_SHAPE_REPRESENTATION(#3836,#3838);
#3836 = ( REPRESENTATION_RELATIONSHIP('','',#3817,#10) 
REPRESENTATION_RELATIONSHIP_WITH_TRANSFORMATION(#3837) 
SHAPE_REPRESENTATION_RELATIONSHIP() );
#3837 = ITEM_DEFINED_TRANSFORMATION('','',#11,#299);
#3838 = PRODUCT_DEFINITION_SHAPE('Placement','Placement of an item',
  #3839);
#3839 = NEXT_ASSEMBLY_USAGE_OCCURRENCE('72','SPOT_M05','',#5,#3812,$);
#3840 = PRODUCT_RELATED_PRODUCT_CATEGORY('part',$,(#3814));
#3841 = SHAPE_DEFINITION_REPRESENTATION(#3842,#3848);
#3842 = PRODUCT_DEFINITION_SHAPE('','',#3843);
#3843 = PRODUCT_DEFINITION('design','',#3844,#3847);
#3844 = PRODUCT_DEFINITION_FORMATION('','',#3845);
#3845 = PRODUCT('SPOT_M06','SPOT_M06','',(#3846));
#3846 = PRODUCT_CONTEXT('',#2,'mechanical');
#3847 = PRODUCT_DEFINITION_CONTEXT('part definition',#2,'design');
#3848 = ADVANCED_BREP_SHAPE_REPRESENTATION('',(#11,#3849),#3861);
#3849 = MANIFOLD_SOLID_BREP('',#3850);
#3850 = CLOSED_SHELL('',(#3851));
#3851 = ADVANCED_FACE('',(#3852),#3856,.T.);
#3852 = FACE_BOUND('',#3853,.T.);
#3853 = VERTEX_LOOP('',#3854);
#3854 = VERTEX_POINT('',#3855);
#3855 = CARTESIAN_POINT('',(1.2E+03,450.,297.));
#3856 = SPHERICAL_SURFACE('',#3857,3.);
#3857 = AXIS2_PLACEMENT_3D('',#3858,#3859,#3860);
#3858 = CARTESIAN_POINT('',(1.2E+03,450.,300.));
#3859 = DIRECTION('',(0.,0.,1.));
#3860 = DIRECTION('',(1.,0.,0.));
#3861 = ( GEOMETRIC_REPRESENTATION_CONTEXT(3) 
GLOBAL_UNCERTAINTY_ASSIGNED_CONTEXT((#3865)) 
GLOBAL_UNIT_ASSIGNED_CONTEXT((#3862,#3863,#3864)) REPRESENTATION_CONTEXT
('Context #1','3D Context with UNIT and UNCERTAINTY') );
#3862 = ( LENGTH_UNIT() NAMED_UNIT(*) SI_UNIT(.MILLI.,.METRE.) );
#3863 = ( NAMED_UNIT(*) PLANE_ANGLE_UNIT() SI_UNIT($,.RADIAN.) );
#3864 = ( NAMED_UNIT(*) SI_UNIT($,.STERADIAN.) SOLID_ANGLE_UNIT() );
#3865 = UNCERTAINTY_MEASURE_WITH_UNIT(LENGTH_MEASURE(1.E-07),#3862,
  'distance_accuracy_value','confusion accuracy');
#3866 = CONTEXT_DEPENDENT_SHAPE_REPRESENTATION(#3867,#3869);
#3867 = ( REPRESENTATION_RELATIONSHIP('','',#3848,#10) 
REPRESENTATION_RELATIONSHIP_WITH_TRANSFORMATION(#3868) 
SHAPE_REPRESENTATION_RELATIONSHIP() );
#3868 = ITEM_DEFINED_TRANSFORMATION('','',#11,#303);
#3869 = PRODUCT_DEFINITION_SHAPE('Placement','Placement of an item',
  #3870);
#3870 = NEXT_ASSEMBLY_USAGE_OCCURRENCE('73','SPOT_M06','',#5,#3843,$);
#3871 = PRODUCT_RELATED_PRODUCT_CATEGORY('part',$,(#3845));
#3872 = SHAPE_DEFINITION_REPRESENTATION(#3873,#3879);
#3873 = PRODUCT_DEFINITION_SHAPE('','',#3874);
#3874 = PRODUCT_DEFINITION('design','',#3875,#3878);
#3875 = PRODUCT_DEFINITION_FORMATION('','',#3876);
#3876 = PRODUCT('SPOT_M07','SPOT_M07','',(#3877));
#3877 = PRODUCT_CONTEXT('',#2,'mechanical');
#3878 = PRODUCT_DEFINITION_CONTEXT('part definition',#2,'design');
#3879 = ADVANCED_BREP_SHAPE_REPRESENTATION('',(#11,#3880),#3892);
#3880 = MANIFOLD_SOLID_BREP('',#3881);
#3881 = CLOSED_SHELL('',(#3882));
#3882 = ADVANCED_FACE('',(#3883),#3887,.T.);
#3883 = FACE_BOUND('',#3884,.T.);
#3884 = VERTEX_LOOP('',#3885);
#3885 = VERTEX_POINT('',#3886);
#3886 = CARTESIAN_POINT('',(1.2E+03,500.,297.));
#3887 = SPHERICAL_SURFACE('',#3888,3.);
#3888 = AXIS2_PLACEMENT_3D('',#3889,#3890,#3891);
#3889 = CARTESIAN_POINT('',(1.2E+03,500.,300.));
#3890 = DIRECTION('',(0.,0.,1.));
#3891 = DIRECTION('',(1.,0.,0.));
#3892 = ( GEOMETRIC_REPRESENTATION_CONTEXT(3) 
GLOBAL_UNCERTAINTY_ASSIGNED_CONTEXT((#3896)) 
GLOBAL_UNIT_ASSIGNED_CONTEXT((#3893,#3894,#3895)) REPRESENTATION_CONTEXT
('Context #1','3D Context with UNIT and UNCERTAINTY') );
#3893 = ( LENGTH_UNIT() NAMED_UNIT(*) SI_UNIT(.MILLI.,.METRE.) );
#3894 = ( NAMED_UNIT(*) PLANE_ANGLE_UNIT() SI_UNIT($,.RADIAN.) );
#3895 = ( NAMED_UNIT(*) SI_UNIT($,.STERADIAN.) SOLID_ANGLE_UNIT() );
#3896 = UNCERTAINTY_MEASURE_WITH_UNIT(LENGTH_MEASURE(1.E-07),#3893,
  'distance_accuracy_value','confusion accuracy');
#3897 = CONTEXT_DEPENDENT_SHAPE_REPRESENTATION(#3898,#3900);
#3898 = ( REPRESENTATION_RELATIONSHIP('','',#3879,#10) 
REPRESENTATION_RELATIONSHIP_WITH_TRANSFORMATION(#3899) 
SHAPE_REPRESENTATION_RELATIONSHIP() );
#3899 = ITEM_DEFINED_TRANSFORMATION('','',#11,#307);
#3900 = PRODUCT_DEFINITION_SHAPE('Placement','Placement of an item',
  #3901);
#3901 = NEXT_ASSEMBLY_USAGE_OCCURRENCE('74','SPOT_M07','',#5,#3874,$);
#3902 = PRODUCT_RELATED_PRODUCT_CATEGORY('part',$,(#3876));
#3903 = SHAPE_DEFINITION_REPRESENTATION(#3904,#3910);
#3904 = PRODUCT_DEFINITION_SHAPE('','',#3905);
#3905 = PRODUCT_DEFINITION('design','',#3906,#3909);
#3906 = PRODUCT_DEFINITION_FORMATION('','',#3907);
#3907 = PRODUCT('SPOT_M08','SPOT_M08','',(#3908));
#3908 = PRODUCT_CONTEXT('',#2,'mechanical');
#3909 = PRODUCT_DEFINITION_CONTEXT('part definition',#2,'design');
#3910 = ADVANCED_BREP_SHAPE_REPRESENTATION('',(#11,#3911),#3923);
#3911 = MANIFOLD_SOLID_BREP('',#3912);
#3912 = CLOSED_SHELL('',(#3913));
#3913 = ADVANCED_FACE('',(#3914),#3918,.T.);
#3914 = FACE_BOUND('',#3915,.T.);
#3915 = VERTEX_LOOP('',#3916);
#3916 = VERTEX_POINT('',#3917);
#3917 = CARTESIAN_POINT('',(1.2E+03,550.,297.));
#3918 = SPHERICAL_SURFACE('',#3919,3.);
#3919 = AXIS2_PLACEMENT_3D('',#3920,#3921,#3922);
#3920 = CARTESIAN_POINT('',(1.2E+03,550.,300.));
#3921 = DIRECTION('',(0.,0.,1.));
#3922 = DIRECTION('',(1.,0.,0.));
#3923 = ( GEOMETRIC_REPRESENTATION_CONTEXT(3) 
GLOBAL_UNCERTAINTY_ASSIGNED_CONTEXT((#3927)) 
GLOBAL_UNIT_ASSIGNED_CONTEXT((#3924,#3925,#3926)) REPRESENTATION_CONTEXT
('Context #1','3D Context with UNIT and UNCERTAINTY') );
#3924 = ( LENGTH_UNIT() NAMED_UNIT(*) SI_UNIT(.MILLI.,.METRE.) );
#3925 = ( NAMED_UNIT(*) PLANE_ANGLE_UNIT() SI_UNIT($,.RADIAN.) );
#3926 = ( NAMED_UNIT(*) SI_UNIT($,.STERADIAN.) SOLID_ANGLE_UNIT() );
#3927 = UNCERTAINTY_MEASURE_WITH_UNIT(LENGTH_MEASURE(1.E-07),#3924,
  'distance_accuracy_value','confusion accuracy');
#3928 = CONTEXT_DEPENDENT_SHAPE_REPRESENTATION(#3929,#3931);
#3929 = ( REPRESENTATION_RELATIONSHIP('','',#3910,#10) 
REPRESENTATION_RELATIONSHIP_WITH_TRANSFORMATION(#3930) 
SHAPE_REPRESENTATION_RELATIONSHIP() );
#3930 = ITEM_DEFINED_TRANSFORMATION('','',#11,#311);
#3931 = PRODUCT_DEFINITION_SHAPE('Placement','Placement of an item',
  #3932);
#3932 = NEXT_ASSEMBLY_USAGE_OCCURRENCE('75','SPOT_M08','',#5,#3905,$);
#3933 = PRODUCT_RELATED_PRODUCT_CATEGORY('part',$,(#3907));
#3934 = SHAPE_DEFINITION_REPRESENTATION(#3935,#3941);
#3935 = PRODUCT_DEFINITION_SHAPE('','',#3936);
#3936 = PRODUCT_DEFINITION('design','',#3937,#3940);
#3937 = PRODUCT_DEFINITION_FORMATION('','',#3938);
#3938 = PRODUCT('SPOT_M09','SPOT_M09','',(#3939));
#3939 = PRODUCT_CONTEXT('',#2,'mechanical');
#3940 = PRODUCT_DEFINITION_CONTEXT('part definition',#2,'design');
#3941 = ADVANCED_BREP_SHAPE_REPRESENTATION('',(#11,#3942),#3954);
#3942 = MANIFOLD_SOLID_BREP('',#3943);
#3943 = CLOSED_SHELL('',(#3944));
#3944 = ADVANCED_FACE('',(#3945),#3949,.T.);
#3945 = FACE_BOUND('',#3946,.T.);
#3946 = VERTEX_LOOP('',#3947);
#3947 = VERTEX_POINT('',#3948);
#3948 = CARTESIAN_POINT('',(1.2E+03,600.,297.));
#3949 = SPHERICAL_SURFACE('',#3950,3.);
#3950 = AXIS2_PLACEMENT_3D('',#3951,#3952,#3953);
#3951 = CARTESIAN_POINT('',(1.2E+03,600.,300.));
#3952 = DIRECTION('',(0.,0.,1.));
#3953 = DIRECTION('',(1.,0.,0.));
#3954 = ( GEOMETRIC_REPRESENTATION_CONTEXT(3) 
GLOBAL_UNCERTAINTY_ASSIGNED_CONTEXT((#3958)) 
GLOBAL_UNIT_ASSIGNED_CONTEXT((#3955,#3956,#3957)) REPRESENTATION_CONTEXT
('Context #1','3D Context with UNIT and UNCERTAINTY') );
#3955 = ( LENGTH_UNIT() NAMED_UNIT(*) SI_UNIT(.MILLI.,.METRE.) );
#3956 = ( NAMED_UNIT(*) PLANE_ANGLE_UNIT() SI_UNIT($,.RADIAN.) );
#3957 = ( NAMED_UNIT(*) SI_UNIT($,.STERADIAN.) SOLID_ANGLE_UNIT() );
#3958 = UNCERTAINTY_MEASURE_WITH_UNIT(LENGTH_MEASURE(1.E-07),#3955,
  'distance_accuracy_value','confusion accuracy');
#3959 = CONTEXT_DEPENDENT_SHAPE_REPRESENTATION(#3960,#3962);
#3960 = ( REPRESENTATION_RELATIONSHIP('','',#3941,#10) 
REPRESENTATION_RELATIONSHIP_WITH_TRANSFORMATION(#3961) 
SHAPE_REPRESENTATION_RELATIONSHIP() );
#3961 = ITEM_DEFINED_TRANSFORMATION('','',#11,#315);
#3962 = PRODUCT_DEFINITION_SHAPE('Placement','Placement of an item',
  #3963);
#3963 = NEXT_ASSEMBLY_USAGE_OCCURRENCE('76','SPOT_M09','',#5,#3936,$);
#3964 = PRODUCT_RELATED_PRODUCT_CATEGORY('part',$,(#3938));
#3965 = SHAPE_DEFINITION_REPRESENTATION(#3966,#3972);
#3966 = PRODUCT_DEFINITION_SHAPE('','',#3967);
#3967 = PRODUCT_DEFINITION('design','',#3968,#3971);
#3968 = PRODUCT_DEFINITION_FORMATION('','',#3969);
#3969 = PRODUCT('SPOT_M10','SPOT_M10','',(#3970));
#3970 = PRODUCT_CONTEXT('',#2,'mechanical');
#3971 = PRODUCT_DEFINITION_CONTEXT('part definition',#2,'design');
#3972 = ADVANCED_BREP_SHAPE_REPRESENTATION('',(#11,#3973),#3985);
#3973 = MANIFOLD_SOLID_BREP('',#3974);
#3974 = CLOSED_SHELL('',(#3975));
#3975 = ADVANCED_FACE('',(#3976),#3980,.T.);
#3976 = FACE_BOUND('',#3977,.T.);
#3977 = VERTEX_LOOP('',#3978);
#3978 = VERTEX_POINT('',#3979);
#3979 = CARTESIAN_POINT('',(1.2E+03,650.,297.));
#3980 = SPHERICAL_SURFACE('',#3981,3.);
#3981 = AXIS2_PLACEMENT_3D('',#3982,#3983,#3984);
#3982 = CARTESIAN_POINT('',(1.2E+03,650.,300.));
#3983 = DIRECTION('',(0.,0.,1.));
#3984 = DIRECTION('',(1.,0.,0.));
#3985 = ( GEOMETRIC_REPRESENTATION_CONTEXT(3) 
GLOBAL_UNCERTAINTY_ASSIGNED_CONTEXT((#3989)) 
GLOBAL_UNIT_ASSIGNED_CONTEXT((#3986,#3987,#3988)) REPRESENTATION_CONTEXT
('Context #1','3D Context with UNIT and UNCERTAINTY') );
#3986 = ( LENGTH_UNIT() NAMED_UNIT(*) SI_UNIT(.MILLI.,.METRE.) );
#3987 = ( NAMED_UNIT(*) PLANE_ANGLE_UNIT() SI_UNIT($,.RADIAN.) );
#3988 = ( NAMED_UNIT(*) SI_UNIT($,.STERADIAN.) SOLID_ANGLE_UNIT() );
#3989 = UNCERTAINTY_MEASURE_WITH_UNIT(LENGTH_MEASURE(1.E-07),#3986,
  'distance_accuracy_value','confusion accuracy');
#3990 = CONTEXT_DEPENDENT_SHAPE_REPRESENTATION(#3991,#3993);
#3991 = ( REPRESENTATION_RELATIONSHIP('','',#3972,#10) 
REPRESENTATION_RELATIONSHIP_WITH_TRANSFORMATION(#3992) 
SHAPE_REPRESENTATION_RELATIONSHIP() );
#3992 = ITEM_DEFINED_TRANSFORMATION('','',#11,#319);
#3993 = PRODUCT_DEFINITION_SHAPE('Placement','Placement of an item',
  #3994);
#3994 = NEXT_ASSEMBLY_USAGE_OCCURRENCE('77','SPOT_M10','',#5,#3967,$);
#3995 = PRODUCT_RELATED_PRODUCT_CATEGORY('part',$,(#3969));
#3996 = SHAPE_DEFINITION_REPRESENTATION(#3997,#4003);
#3997 = PRODUCT_DEFINITION_SHAPE('','',#3998);
#3998 = PRODUCT_DEFINITION('design','',#3999,#4002);
#3999 = PRODUCT_DEFINITION_FORMATION('','',#4000);
#4000 = PRODUCT('SPOT_M11','SPOT_M11','',(#4001));
#4001 = PRODUCT_CONTEXT('',#2,'mechanical');
#4002 = PRODUCT_DEFINITION_CONTEXT('part definition',#2,'design');
#4003 = ADVANCED_BREP_SHAPE_REPRESENTATION('',(#11,#4004),#4016);
#4004 = MANIFOLD_SOLID_BREP('',#4005);
#4005 = CLOSED_SHELL('',(#4006));
#4006 = ADVANCED_FACE('',(#4007),#4011,.T.);
#4007 = FACE_BOUND('',#4008,.T.);
#4008 = VERTEX_LOOP('',#4009);
#4009 = VERTEX_POINT('',#4010);
#4010 = CARTESIAN_POINT('',(1.2E+03,700.,297.));
#4011 = SPHERICAL_SURFACE('',#4012,3.);
#4012 = AXIS2_PLACEMENT_3D('',#4013,#4014,#4015);
#4013 = CARTESIAN_POINT('',(1.2E+03,700.,300.));
#4014 = DIRECTION('',(0.,0.,1.));
#4015 = DIRECTION('',(1.,0.,0.));
#4016 = ( GEOMETRIC_REPRESENTATION_CONTEXT(3) 
GLOBAL_UNCERTAINTY_ASSIGNED_CONTEXT((#4020)) 
GLOBAL_UNIT_ASSIGNED_CONTEXT((#4017,#4018,#4019)) REPRESENTATION_CONTEXT
('Context #1','3D Context with UNIT and UNCERTAINTY') );
#4017 = ( LENGTH_UNIT() NAMED_UNIT(*) SI_UNIT(.MILLI.,.METRE.) );
#4018 = ( NAMED_UNIT(*) PLANE_ANGLE_UNIT() SI_UNIT($,.RADIAN.) );
#4019 = ( NAMED_UNIT(*) SI_UNIT($,.STERADIAN.) SOLID_ANGLE_UNIT() );
#4020 = UNCERTAINTY_MEASURE_WITH_UNIT(LENGTH_MEASURE(1.E-07),#4017,
  'distance_accuracy_value','confusion accuracy');
#4021 = CONTEXT_DEPENDENT_SHAPE_REPRESENTATION(#4022,#4024);
#4022 = ( REPRESENTATION_RELATIONSHIP('','',#4003,#10) 
REPRESENTATION_RELATIONSHIP_WITH_TRANSFORMATION(#4023) 
SHAPE_REPRESENTATION_RELATIONSHIP() );
#4023 = ITEM_DEFINED_TRANSFORMATION('','',#11,#323);
#4024 = PRODUCT_DEFINITION_SHAPE('Placement','Placement of an item',
  #4025);
#4025 = NEXT_ASSEMBLY_USAGE_OCCURRENCE('78','SPOT_M11','',#5,#3998,$);
#4026 = PRODUCT_RELATED_PRODUCT_CATEGORY('part',$,(#4000));
#4027 = SHAPE_DEFINITION_REPRESENTATION(#4028,#4034);
#4028 = PRODUCT_DEFINITION_SHAPE('','',#4029);
#4029 = PRODUCT_DEFINITION('design','',#4030,#4033);
#4030 = PRODUCT_DEFINITION_FORMATION('','',#4031);
#4031 = PRODUCT('SPOT_M12','SPOT_M12','',(#4032));
#4032 = PRODUCT_CONTEXT('',#2,'mechanical');
#4033 = PRODUCT_DEFINITION_CONTEXT('part definition',#2,'design');
#4034 = ADVANCED_BREP_SHAPE_REPRESENTATION('',(#11,#4035),#4047);
#4035 = MANIFOLD_SOLID_BREP('',#4036);
#4036 = CLOSED_SHELL('',(#4037));
#4037 = ADVANCED_FACE('',(#4038),#4042,.T.);
#4038 = FACE_BOUND('',#4039,.T.);
#4039 = VERTEX_LOOP('',#4040);
#4040 = VERTEX_POINT('',#4041);
#4041 = CARTESIAN_POINT('',(1.2E+03,750.,297.));
#4042 = SPHERICAL_SURFACE('',#4043,3.);
#4043 = AXIS2_PLACEMENT_3D('',#4044,#4045,#4046);
#4044 = CARTESIAN_POINT('',(1.2E+03,750.,300.));
#4045 = DIRECTION('',(0.,0.,1.));
#4046 = DIRECTION('',(1.,0.,0.));
#4047 = ( GEOMETRIC_REPRESENTATION_CONTEXT(3) 
GLOBAL_UNCERTAINTY_ASSIGNED_CONTEXT((#4051)) 
GLOBAL_UNIT_ASSIGNED_CONTEXT((#4048,#4049,#4050)) REPRESENTATION_CONTEXT
('Context #1','3D Context with UNIT and UNCERTAINTY') );
#4048 = ( LENGTH_UNIT() NAMED_UNIT(*) SI_UNIT(.MILLI.,.METRE.) );
#4049 = ( NAMED_UNIT(*) PLANE_ANGLE_UNIT() SI_UNIT($,.RADIAN.) );
#4050 = ( NAMED_UNIT(*) SI_UNIT($,.STERADIAN.) SOLID_ANGLE_UNIT() );
#4051 = UNCERTAINTY_MEASURE_WITH_UNIT(LENGTH_MEASURE(1.E-07),#4048,
  'distance_accuracy_value','confusion accuracy');
#4052 = CONTEXT_DEPENDENT_SHAPE_REPRESENTATION(#4053,#4055);
#4053 = ( REPRESENTATION_RELATIONSHIP('','',#4034,#10) 
REPRESENTATION_RELATIONSHIP_WITH_TRANSFORMATION(#4054) 
SHAPE_REPRESENTATION_RELATIONSHIP() );
#4054 = ITEM_DEFINED_TRANSFORMATION('','',#11,#327);
#4055 = PRODUCT_DEFINITION_SHAPE('Placement','Placement of an item',
  #4056);
#4056 = NEXT_ASSEMBLY_USAGE_OCCURRENCE('79','SPOT_M12','',#5,#4029,$);
#4057 = PRODUCT_RELATED_PRODUCT_CATEGORY('part',$,(#4031));
#4058 = MECHANICAL_DESIGN_GEOMETRIC_PRESENTATION_REPRESENTATION('',(
    #4059),#2280);
#4059 = STYLED_ITEM('color',(#4060),#2268);
#4060 = PRESENTATION_STYLE_ASSIGNMENT((#4061));
#4061 = SURFACE_STYLE_USAGE(.BOTH.,#4062);
#4062 = SURFACE_SIDE_STYLE('',(#4063));
#4063 = SURFACE_STYLE_FILL_AREA(#4064);
#4064 = FILL_AREA_STYLE('',(#4065));
#4065 = FILL_AREA_STYLE_COLOUR('',#4066);
#4066 = COLOUR_RGB('',0.199999998682,0.500000003429,0.850000012718);
#4067 = MECHANICAL_DESIGN_GEOMETRIC_PRESENTATION_REPRESENTATION('',(
    #4068),#2249);
#4068 = STYLED_ITEM('color',(#4069),#2237);
#4069 = PRESENTATION_STYLE_ASSIGNMENT((#4070));
#4070 = SURFACE_STYLE_USAGE(.BOTH.,#4071);
#4071 = SURFACE_SIDE_STYLE('',(#4072));
#4072 = SURFACE_STYLE_FILL_AREA(#4073);
#4073 = FILL_AREA_STYLE('',(#4074));
#4074 = FILL_AREA_STYLE_COLOUR('',#4066);
#4075 = MECHANICAL_DESIGN_GEOMETRIC_PRESENTATION_REPRESENTATION('',(
    #4076),#3303);
#4076 = STYLED_ITEM('color',(#4077),#3291);
#4077 = PRESENTATION_STYLE_ASSIGNMENT((#4078));
#4078 = SURFACE_STYLE_USAGE(.BOTH.,#4079);
#4079 = SURFACE_SIDE_STYLE('',(#4080));
#4080 = SURFACE_STYLE_FILL_AREA(#4081);
#4081 = FILL_AREA_STYLE('',(#4082));
#4082 = FILL_AREA_STYLE_COLOUR('',#4066);
#4083 = MECHANICAL_DESIGN_GEOMETRIC_PRESENTATION_REPRESENTATION('',(
    #4084),#4047);
#4084 = STYLED_ITEM('color',(#4085),#4035);
#4085 = PRESENTATION_STYLE_ASSIGNMENT((#4086));
#4086 = SURFACE_STYLE_USAGE(.BOTH.,#4087);
#4087 = SURFACE_SIDE_STYLE('',(#4088));
#4088 = SURFACE_STYLE_FILL_AREA(#4089);
#4089 = FILL_AREA_STYLE('',(#4090));
#4090 = FILL_AREA_STYLE_COLOUR('',#4066);
#4091 = MECHANICAL_DESIGN_GEOMETRIC_PRESENTATION_REPRESENTATION('',(
    #4092),#3923);
#4092 = STYLED_ITEM('color',(#4093),#3911);
#4093 = PRESENTATION_STYLE_ASSIGNMENT((#4094));
#4094 = SURFACE_STYLE_USAGE(.BOTH.,#4095);
#4095 = SURFACE_SIDE_STYLE('',(#4096));
#4096 = SURFACE_STYLE_FILL_AREA(#4097);
#4097 = FILL_AREA_STYLE('',(#4098));
#4098 = FILL_AREA_STYLE_COLOUR('',#4066);
#4099 = MECHANICAL_DESIGN_GEOMETRIC_PRESENTATION_REPRESENTATION('',(
    #4100),#2218);
#4100 = STYLED_ITEM('color',(#4101),#2206);
#4101 = PRESENTATION_STYLE_ASSIGNMENT((#4102));
#4102 = SURFACE_STYLE_USAGE(.BOTH.,#4103);
#4103 = SURFACE_SIDE_STYLE('',(#4104));
#4104 = SURFACE_STYLE_FILL_AREA(#4105);
#4105 = FILL_AREA_STYLE('',(#4106));
#4106 = FILL_AREA_STYLE_COLOUR('',#4066);
#4107 = MECHANICAL_DESIGN_GEOMETRIC_PRESENTATION_REPRESENTATION('',(
    #4108),#2125);
#4108 = STYLED_ITEM('color',(#4109),#2113);
#4109 = PRESENTATION_STYLE_ASSIGNMENT((#4110));
#4110 = SURFACE_STYLE_USAGE(.BOTH.,#4111);
#4111 = SURFACE_SIDE_STYLE('',(#4112));
#4112 = SURFACE_STYLE_FILL_AREA(#4113);
#4113 = FILL_AREA_STYLE('',(#4114));
#4114 = FILL_AREA_STYLE_COLOUR('',#4066);
#4115 = MECHANICAL_DESIGN_GEOMETRIC_PRESENTATION_REPRESENTATION('',(
    #4116),#2528);
#4116 = STYLED_ITEM('color',(#4117),#2516);
#4117 = PRESENTATION_STYLE_ASSIGNMENT((#4118));
#4118 = SURFACE_STYLE_USAGE(.BOTH.,#4119);
#4119 = SURFACE_SIDE_STYLE('',(#4120));
#4120 = SURFACE_STYLE_FILL_AREA(#4121);
#4121 = FILL_AREA_STYLE('',(#4122));
#4122 = FILL_AREA_STYLE_COLOUR('',#4066);
#4123 = MECHANICAL_DESIGN_GEOMETRIC_PRESENTATION_REPRESENTATION('',(
    #4124),#3799);
#4124 = STYLED_ITEM('color',(#4125),#3787);
#4125 = PRESENTATION_STYLE_ASSIGNMENT((#4126));
#4126 = SURFACE_STYLE_USAGE(.BOTH.,#4127);
#4127 = SURFACE_SIDE_STYLE('',(#4128));
#4128 = SURFACE_STYLE_FILL_AREA(#4129);
#4129 = FILL_AREA_STYLE('',(#4130));
#4130 = FILL_AREA_STYLE_COLOUR('',#4066);
#4131 = MECHANICAL_DESIGN_GEOMETRIC_PRESENTATION_REPRESENTATION('',(
    #4132),#2466);
#4132 = STYLED_ITEM('color',(#4133),#2454);
#4133 = PRESENTATION_STYLE_ASSIGNMENT((#4134));
#4134 = SURFACE_STYLE_USAGE(.BOTH.,#4135);
#4135 = SURFACE_SIDE_STYLE('',(#4136));
#4136 = SURFACE_STYLE_FILL_AREA(#4137);
#4137 = FILL_AREA_STYLE('',(#4138));
#4138 = FILL_AREA_STYLE_COLOUR('',#4066);
#4139 = MECHANICAL_DESIGN_GEOMETRIC_PRESENTATION_REPRESENTATION('',(
    #4140),#2032);
#4140 = STYLED_ITEM('color',(#4141),#2020);
#4141 = PRESENTATION_STYLE_ASSIGNMENT((#4142));
#4142 = SURFACE_STYLE_USAGE(.BOTH.,#4143);
#4143 = SURFACE_SIDE_STYLE('',(#4144));
#4144 = SURFACE_STYLE_FILL_AREA(#4145);
#4145 = FILL_AREA_STYLE('',(#4146));
#4146 = FILL_AREA_STYLE_COLOUR('',#4066);
#4147 = MECHANICAL_DESIGN_GEOMETRIC_PRESENTATION_REPRESENTATION('',(
    #4148),#2807);
#4148 = STYLED_ITEM('color',(#4149),#2795);
#4149 = PRESENTATION_STYLE_ASSIGNMENT((#4150));
#4150 = SURFACE_STYLE_USAGE(.BOTH.,#4151);
#4151 = SURFACE_SIDE_STYLE('',(#4152));
#4152 = SURFACE_STYLE_FILL_AREA(#4153);
#4153 = FILL_AREA_STYLE('',(#4154));
#4154 = FILL_AREA_STYLE_COLOUR('',#4066);
#4155 = MECHANICAL_DESIGN_GEOMETRIC_PRESENTATION_REPRESENTATION('',(
    #4156),#2342);
#4156 = STYLED_ITEM('color',(#4157),#2330);
#4157 = PRESENTATION_STYLE_ASSIGNMENT((#4158));
#4158 = SURFACE_STYLE_USAGE(.BOTH.,#4159);
#4159 = SURFACE_SIDE_STYLE('',(#4160));
#4160 = SURFACE_STYLE_FILL_AREA(#4161);
#4161 = FILL_AREA_STYLE('',(#4162));
#4162 = FILL_AREA_STYLE_COLOUR('',#4066);
#4163 = MECHANICAL_DESIGN_GEOMETRIC_PRESENTATION_REPRESENTATION('',(
    #4164),#3148);
#4164 = STYLED_ITEM('color',(#4165),#3136);
#4165 = PRESENTATION_STYLE_ASSIGNMENT((#4166));
#4166 = SURFACE_STYLE_USAGE(.BOTH.,#4167);
#4167 = SURFACE_SIDE_STYLE('',(#4168));
#4168 = SURFACE_STYLE_FILL_AREA(#4169);
#4169 = FILL_AREA_STYLE('',(#4170));
#4170 = FILL_AREA_STYLE_COLOUR('',#4066);
#4171 = MECHANICAL_DESIGN_GEOMETRIC_PRESENTATION_REPRESENTATION('',(
    #4172),#2187);
#4172 = STYLED_ITEM('color',(#4173),#2175);
#4173 = PRESENTATION_STYLE_ASSIGNMENT((#4174));
#4174 = SURFACE_STYLE_USAGE(.BOTH.,#4175);
#4175 = SURFACE_SIDE_STYLE('',(#4176));
#4176 = SURFACE_STYLE_FILL_AREA(#4177);
#4177 = FILL_AREA_STYLE('',(#4178));
#4178 = FILL_AREA_STYLE_COLOUR('',#4066);
#4179 = MECHANICAL_DESIGN_GEOMETRIC_PRESENTATION_REPRESENTATION('',(
    #4180),#2869);
#4180 = STYLED_ITEM('color',(#4181),#2857);
#4181 = PRESENTATION_STYLE_ASSIGNMENT((#4182));
#4182 = SURFACE_STYLE_USAGE(.BOTH.,#4183);
#4183 = SURFACE_SIDE_STYLE('',(#4184));
#4184 = SURFACE_STYLE_FILL_AREA(#4185);
#4185 = FILL_AREA_STYLE('',(#4186));
#4186 = FILL_AREA_STYLE_COLOUR('',#4066);
#4187 = MECHANICAL_DESIGN_GEOMETRIC_PRESENTATION_REPRESENTATION('',(
    #4188),#2063);
#4188 = STYLED_ITEM('color',(#4189),#2051);
#4189 = PRESENTATION_STYLE_ASSIGNMENT((#4190));
#4190 = SURFACE_STYLE_USAGE(.BOTH.,#4191);
#4191 = SURFACE_SIDE_STYLE('',(#4192));
#4192 = SURFACE_STYLE_FILL_AREA(#4193);
#4193 = FILL_AREA_STYLE('',(#4194));
#4194 = FILL_AREA_STYLE_COLOUR('',#4066);
#4195 = MECHANICAL_DESIGN_GEOMETRIC_PRESENTATION_REPRESENTATION('',(
    #4196),#2838);
#4196 = STYLED_ITEM('color',(#4197),#2826);
#4197 = PRESENTATION_STYLE_ASSIGNMENT((#4198));
#4198 = SURFACE_STYLE_USAGE(.BOTH.,#4199);
#4199 = SURFACE_SIDE_STYLE('',(#4200));
#4200 = SURFACE_STYLE_FILL_AREA(#4201);
#4201 = FILL_AREA_STYLE('',(#4202));
#4202 = FILL_AREA_STYLE_COLOUR('',#4066);
#4203 = MECHANICAL_DESIGN_GEOMETRIC_PRESENTATION_REPRESENTATION('',(
    #4204),#2776);
#4204 = STYLED_ITEM('color',(#4205),#2764);
#4205 = PRESENTATION_STYLE_ASSIGNMENT((#4206));
#4206 = SURFACE_STYLE_USAGE(.BOTH.,#4207);
#4207 = SURFACE_SIDE_STYLE('',(#4208));
#4208 = SURFACE_STYLE_FILL_AREA(#4209);
#4209 = FILL_AREA_STYLE('',(#4210));
#4210 = FILL_AREA_STYLE_COLOUR('',#4066);
#4211 = MECHANICAL_DESIGN_GEOMETRIC_PRESENTATION_REPRESENTATION('',(
    #4212),#1846);
#4212 = STYLED_ITEM('color',(#4213),#1834);
#4213 = PRESENTATION_STYLE_ASSIGNMENT((#4214));
#4214 = SURFACE_STYLE_USAGE(.BOTH.,#4215);
#4215 = SURFACE_SIDE_STYLE('',(#4216));
#4216 = SURFACE_STYLE_FILL_AREA(#4217);
#4217 = FILL_AREA_STYLE('',(#4218));
#4218 = FILL_AREA_STYLE_COLOUR('',#4066);
#4219 = MECHANICAL_DESIGN_GEOMETRIC_PRESENTATION_REPRESENTATION('',(
    #4220),#1877);
#4220 = STYLED_ITEM('color',(#4221),#1865);
#4221 = PRESENTATION_STYLE_ASSIGNMENT((#4222));
#4222 = SURFACE_STYLE_USAGE(.BOTH.,#4223);
#4223 = SURFACE_SIDE_STYLE('',(#4224));
#4224 = SURFACE_STYLE_FILL_AREA(#4225);
#4225 = FILL_AREA_STYLE('',(#4226));
#4226 = FILL_AREA_STYLE_COLOUR('',#4066);
#4227 = MECHANICAL_DESIGN_GEOMETRIC_PRESENTATION_REPRESENTATION('',(
    #4228),#2001);
#4228 = STYLED_ITEM('color',(#4229),#1989);
#4229 = PRESENTATION_STYLE_ASSIGNMENT((#4230));
#4230 = SURFACE_STYLE_USAGE(.BOTH.,#4231);
#4231 = SURFACE_SIDE_STYLE('',(#4232));
#4232 = SURFACE_STYLE_FILL_AREA(#4233);
#4233 = FILL_AREA_STYLE('',(#4234));
#4234 = FILL_AREA_STYLE_COLOUR('',#4066);
#4235 = MECHANICAL_DESIGN_GEOMETRIC_PRESENTATION_REPRESENTATION('',(
    #4236),#3241);
#4236 = STYLED_ITEM('color',(#4237),#3229);
#4237 = PRESENTATION_STYLE_ASSIGNMENT((#4238));
#4238 = SURFACE_STYLE_USAGE(.BOTH.,#4239);
#4239 = SURFACE_SIDE_STYLE('',(#4240));
#4240 = SURFACE_STYLE_FILL_AREA(#4241);
#4241 = FILL_AREA_STYLE('',(#4242));
#4242 = FILL_AREA_STYLE_COLOUR('',#4066);
#4243 = MECHANICAL_DESIGN_GEOMETRIC_PRESENTATION_REPRESENTATION('',(
    #4244),#3954);
#4244 = STYLED_ITEM('color',(#4245),#3942);
#4245 = PRESENTATION_STYLE_ASSIGNMENT((#4246));
#4246 = SURFACE_STYLE_USAGE(.BOTH.,#4247);
#4247 = SURFACE_SIDE_STYLE('',(#4248));
#4248 = SURFACE_STYLE_FILL_AREA(#4249);
#4249 = FILL_AREA_STYLE('',(#4250));
#4250 = FILL_AREA_STYLE_COLOUR('',#4066);
#4251 = MECHANICAL_DESIGN_GEOMETRIC_PRESENTATION_REPRESENTATION('',(
    #4252),#2714);
#4252 = STYLED_ITEM('color',(#4253),#2702);
#4253 = PRESENTATION_STYLE_ASSIGNMENT((#4254));
#4254 = SURFACE_STYLE_USAGE(.BOTH.,#4255);
#4255 = SURFACE_SIDE_STYLE('',(#4256));
#4256 = SURFACE_STYLE_FILL_AREA(#4257);
#4257 = FILL_AREA_STYLE('',(#4258));
#4258 = FILL_AREA_STYLE_COLOUR('',#4066);
#4259 = MECHANICAL_DESIGN_GEOMETRIC_PRESENTATION_REPRESENTATION('',(
    #4260),#3489);
#4260 = STYLED_ITEM('color',(#4261),#3477);
#4261 = PRESENTATION_STYLE_ASSIGNMENT((#4262));
#4262 = SURFACE_STYLE_USAGE(.BOTH.,#4263);
#4263 = SURFACE_SIDE_STYLE('',(#4264));
#4264 = SURFACE_STYLE_FILL_AREA(#4265);
#4265 = FILL_AREA_STYLE('',(#4266));
#4266 = FILL_AREA_STYLE_COLOUR('',#4066);
#4267 = MECHANICAL_DESIGN_GEOMETRIC_PRESENTATION_REPRESENTATION('',(
    #4268),#3272);
#4268 = STYLED_ITEM('color',(#4269),#3260);
#4269 = PRESENTATION_STYLE_ASSIGNMENT((#4270));
#4270 = SURFACE_STYLE_USAGE(.BOTH.,#4271);
#4271 = SURFACE_SIDE_STYLE('',(#4272));
#4272 = SURFACE_STYLE_FILL_AREA(#4273);
#4273 = FILL_AREA_STYLE('',(#4274));
#4274 = FILL_AREA_STYLE_COLOUR('',#4066);
#4275 = MECHANICAL_DESIGN_GEOMETRIC_PRESENTATION_REPRESENTATION('',(
    #4276),#3458);
#4276 = STYLED_ITEM('color',(#4277),#3446);
#4277 = PRESENTATION_STYLE_ASSIGNMENT((#4278));
#4278 = SURFACE_STYLE_USAGE(.BOTH.,#4279);
#4279 = SURFACE_SIDE_STYLE('',(#4280));
#4280 = SURFACE_STYLE_FILL_AREA(#4281);
#4281 = FILL_AREA_STYLE('',(#4282));
#4282 = FILL_AREA_STYLE_COLOUR('',#4066);
#4283 = MECHANICAL_DESIGN_GEOMETRIC_PRESENTATION_REPRESENTATION('',(
    #4284),#2745);
#4284 = STYLED_ITEM('color',(#4285),#2733);
#4285 = PRESENTATION_STYLE_ASSIGNMENT((#4286));
#4286 = SURFACE_STYLE_USAGE(.BOTH.,#4287);
#4287 = SURFACE_SIDE_STYLE('',(#4288));
#4288 = SURFACE_STYLE_FILL_AREA(#4289);
#4289 = FILL_AREA_STYLE('',(#4290));
#4290 = FILL_AREA_STYLE_COLOUR('',#4066);
#4291 = MECHANICAL_DESIGN_GEOMETRIC_PRESENTATION_REPRESENTATION('',(
    #4292),#2156);
#4292 = STYLED_ITEM('color',(#4293),#2144);
#4293 = PRESENTATION_STYLE_ASSIGNMENT((#4294));
#4294 = SURFACE_STYLE_USAGE(.BOTH.,#4295);
#4295 = SURFACE_SIDE_STYLE('',(#4296));
#4296 = SURFACE_STYLE_FILL_AREA(#4297);
#4297 = FILL_AREA_STYLE('',(#4298));
#4298 = FILL_AREA_STYLE_COLOUR('',#4066);
#4299 = MECHANICAL_DESIGN_GEOMETRIC_PRESENTATION_REPRESENTATION('',(
    #4300),#2931);
#4300 = STYLED_ITEM('color',(#4301),#2919);
#4301 = PRESENTATION_STYLE_ASSIGNMENT((#4302));
#4302 = SURFACE_STYLE_USAGE(.BOTH.,#4303);
#4303 = SURFACE_SIDE_STYLE('',(#4304));
#4304 = SURFACE_STYLE_FILL_AREA(#4305);
#4305 = FILL_AREA_STYLE('',(#4306));
#4306 = FILL_AREA_STYLE_COLOUR('',#4066);
#4307 = MECHANICAL_DESIGN_GEOMETRIC_PRESENTATION_REPRESENTATION('',(
    #4308),#675);
#4308 = STYLED_ITEM('color',(#4309),#345);
#4309 = PRESENTATION_STYLE_ASSIGNMENT((#4310));
#4310 = SURFACE_STYLE_USAGE(.BOTH.,#4311);
#4311 = SURFACE_SIDE_STYLE('',(#4312));
#4312 = SURFACE_STYLE_FILL_AREA(#4313);
#4313 = FILL_AREA_STYLE('',(#4314));
#4314 = FILL_AREA_STYLE_COLOUR('',#4315);
#4315 = COLOUR_RGB('',0.620000000292,0.640000008347,0.679999990811);
#4316 = MECHANICAL_DESIGN_GEOMETRIC_PRESENTATION_REPRESENTATION('',(
    #4317),#2497);
#4317 = STYLED_ITEM('color',(#4318),#2485);
#4318 = PRESENTATION_STYLE_ASSIGNMENT((#4319));
#4319 = SURFACE_STYLE_USAGE(.BOTH.,#4320);
#4320 = SURFACE_SIDE_STYLE('',(#4321));
#4321 = SURFACE_STYLE_FILL_AREA(#4322);
#4322 = FILL_AREA_STYLE('',(#4323));
#4323 = FILL_AREA_STYLE_COLOUR('',#4066);
#4324 = MECHANICAL_DESIGN_GEOMETRIC_PRESENTATION_REPRESENTATION('',(
    #4325),#4016);
#4325 = STYLED_ITEM('color',(#4326),#4004);
#4326 = PRESENTATION_STYLE_ASSIGNMENT((#4327));
#4327 = SURFACE_STYLE_USAGE(.BOTH.,#4328);
#4328 = SURFACE_SIDE_STYLE('',(#4329));
#4329 = SURFACE_STYLE_FILL_AREA(#4330);
#4330 = FILL_AREA_STYLE('',(#4331));
#4331 = FILL_AREA_STYLE_COLOUR('',#4066);
#4332 = MECHANICAL_DESIGN_GEOMETRIC_PRESENTATION_REPRESENTATION('',(
    #4333),#1784);
#4333 = STYLED_ITEM('color',(#4334),#1772);
#4334 = PRESENTATION_STYLE_ASSIGNMENT((#4335));
#4335 = SURFACE_STYLE_USAGE(.BOTH.,#4336);
#4336 = SURFACE_SIDE_STYLE('',(#4337));
#4337 = SURFACE_STYLE_FILL_AREA(#4338);
#4338 = FILL_AREA_STYLE('',(#4339));
#4339 = FILL_AREA_STYLE_COLOUR('',#4066);
#4340 = MECHANICAL_DESIGN_GEOMETRIC_PRESENTATION_REPRESENTATION('',(
    #4341),#1024);
#4341 = STYLED_ITEM('color',(#4342),#694);
#4342 = PRESENTATION_STYLE_ASSIGNMENT((#4343));
#4343 = SURFACE_STYLE_USAGE(.BOTH.,#4344);
#4344 = SURFACE_SIDE_STYLE('',(#4345));
#4345 = SURFACE_STYLE_FILL_AREA(#4346);
#4346 = FILL_AREA_STYLE('',(#4347));
#4347 = FILL_AREA_STYLE_COLOUR('',#4348);
#4348 = COLOUR_RGB('',0.55000000909,0.580000000354,0.630000008194);
#4349 = MECHANICAL_DESIGN_GEOMETRIC_PRESENTATION_REPRESENTATION('',(
    #4350),#1373);
#4350 = STYLED_ITEM('color',(#4351),#1043);
#4351 = PRESENTATION_STYLE_ASSIGNMENT((#4352));
#4352 = SURFACE_STYLE_USAGE(.BOTH.,#4353);
#4353 = SURFACE_SIDE_STYLE('',(#4354));
#4354 = SURFACE_STYLE_FILL_AREA(#4355);
#4355 = FILL_AREA_STYLE('',(#4356));
#4356 = FILL_AREA_STYLE_COLOUR('',#4357);
#4357 = COLOUR_RGB('',0.700000005816,0.659999992303,0.580000000354);
#4358 = MECHANICAL_DESIGN_GEOMETRIC_PRESENTATION_REPRESENTATION('',(
    #4359),#1908);
#4359 = STYLED_ITEM('color',(#4360),#1896);
#4360 = PRESENTATION_STYLE_ASSIGNMENT((#4361));
#4361 = SURFACE_STYLE_USAGE(.BOTH.,#4362);
#4362 = SURFACE_SIDE_STYLE('',(#4363));
#4363 = SURFACE_STYLE_FILL_AREA(#4364);
#4364 = FILL_AREA_STYLE('',(#4365));
#4365 = FILL_AREA_STYLE_COLOUR('',#4066);
#4366 = MECHANICAL_DESIGN_GEOMETRIC_PRESENTATION_REPRESENTATION('',(
    #4367),#3024);
#4367 = STYLED_ITEM('color',(#4368),#3012);
#4368 = PRESENTATION_STYLE_ASSIGNMENT((#4369));
#4369 = SURFACE_STYLE_USAGE(.BOTH.,#4370);
#4370 = SURFACE_SIDE_STYLE('',(#4371));
#4371 = SURFACE_STYLE_FILL_AREA(#4372);
#4372 = FILL_AREA_STYLE('',(#4373));
#4373 = FILL_AREA_STYLE_COLOUR('',#4066);
#4374 = MECHANICAL_DESIGN_GEOMETRIC_PRESENTATION_REPRESENTATION('',(
    #4375),#3520);
#4375 = STYLED_ITEM('color',(#4376),#3508);
#4376 = PRESENTATION_STYLE_ASSIGNMENT((#4377));
#4377 = SURFACE_STYLE_USAGE(.BOTH.,#4378);
#4378 = SURFACE_SIDE_STYLE('',(#4379));
#4379 = SURFACE_STYLE_FILL_AREA(#4380);
#4380 = FILL_AREA_STYLE('',(#4381));
#4381 = FILL_AREA_STYLE_COLOUR('',#4066);
#4382 = MECHANICAL_DESIGN_GEOMETRIC_PRESENTATION_REPRESENTATION('',(
    #4383),#2652);
#4383 = STYLED_ITEM('color',(#4384),#2640);
#4384 = PRESENTATION_STYLE_ASSIGNMENT((#4385));
#4385 = SURFACE_STYLE_USAGE(.BOTH.,#4386);
#4386 = SURFACE_SIDE_STYLE('',(#4387));
#4387 = SURFACE_STYLE_FILL_AREA(#4388);
#4388 = FILL_AREA_STYLE('',(#4389));
#4389 = FILL_AREA_STYLE_COLOUR('',#4066);
#4390 = MECHANICAL_DESIGN_GEOMETRIC_PRESENTATION_REPRESENTATION('',(
    #4391),#2590);
#4391 = STYLED_ITEM('color',(#4392),#2578);
#4392 = PRESENTATION_STYLE_ASSIGNMENT((#4393));
#4393 = SURFACE_STYLE_USAGE(.BOTH.,#4394);
#4394 = SURFACE_SIDE_STYLE('',(#4395));
#4395 = SURFACE_STYLE_FILL_AREA(#4396);
#4396 = FILL_AREA_STYLE('',(#4397));
#4397 = FILL_AREA_STYLE_COLOUR('',#4066);
#4398 = MECHANICAL_DESIGN_GEOMETRIC_PRESENTATION_REPRESENTATION('',(
    #4399),#3706);
#4399 = STYLED_ITEM('color',(#4400),#3694);
#4400 = PRESENTATION_STYLE_ASSIGNMENT((#4401));
#4401 = SURFACE_STYLE_USAGE(.BOTH.,#4402);
#4402 = SURFACE_SIDE_STYLE('',(#4403));
#4403 = SURFACE_STYLE_FILL_AREA(#4404);
#4404 = FILL_AREA_STYLE('',(#4405));
#4405 = FILL_AREA_STYLE_COLOUR('',#4066);
#4406 = MECHANICAL_DESIGN_GEOMETRIC_PRESENTATION_REPRESENTATION('',(
    #4407),#3396);
#4407 = STYLED_ITEM('color',(#4408),#3384);
#4408 = PRESENTATION_STYLE_ASSIGNMENT((#4409));
#4409 = SURFACE_STYLE_USAGE(.BOTH.,#4410);
#4410 = SURFACE_SIDE_STYLE('',(#4411));
#4411 = SURFACE_STYLE_FILL_AREA(#4412);
#4412 = FILL_AREA_STYLE('',(#4413));
#4413 = FILL_AREA_STYLE_COLOUR('',#4066);
#4414 = MECHANICAL_DESIGN_GEOMETRIC_PRESENTATION_REPRESENTATION('',(
    #4415),#3427);
#4415 = STYLED_ITEM('color',(#4416),#3415);
#4416 = PRESENTATION_STYLE_ASSIGNMENT((#4417));
#4417 = SURFACE_STYLE_USAGE(.BOTH.,#4418);
#4418 = SURFACE_SIDE_STYLE('',(#4419));
#4419 = SURFACE_STYLE_FILL_AREA(#4420);
#4420 = FILL_AREA_STYLE('',(#4421));
#4421 = FILL_AREA_STYLE_COLOUR('',#4066);
#4422 = MECHANICAL_DESIGN_GEOMETRIC_PRESENTATION_REPRESENTATION('',(
    #4423),#2435);
#4423 = STYLED_ITEM('color',(#4424),#2423);
#4424 = PRESENTATION_STYLE_ASSIGNMENT((#4425));
#4425 = SURFACE_STYLE_USAGE(.BOTH.,#4426);
#4426 = SURFACE_SIDE_STYLE('',(#4427));
#4427 = SURFACE_STYLE_FILL_AREA(#4428);
#4428 = FILL_AREA_STYLE('',(#4429));
#4429 = FILL_AREA_STYLE_COLOUR('',#4066);
#4430 = MECHANICAL_DESIGN_GEOMETRIC_PRESENTATION_REPRESENTATION('',(
    #4431),#3055);
#4431 = STYLED_ITEM('color',(#4432),#3043);
#4432 = PRESENTATION_STYLE_ASSIGNMENT((#4433));
#4433 = SURFACE_STYLE_USAGE(.BOTH.,#4434);
#4434 = SURFACE_SIDE_STYLE('',(#4435));
#4435 = SURFACE_STYLE_FILL_AREA(#4436);
#4436 = FILL_AREA_STYLE('',(#4437));
#4437 = FILL_AREA_STYLE_COLOUR('',#4066);
#4438 = MECHANICAL_DESIGN_GEOMETRIC_PRESENTATION_REPRESENTATION('',(
    #4439),#1970);
#4439 = STYLED_ITEM('color',(#4440),#1958);
#4440 = PRESENTATION_STYLE_ASSIGNMENT((#4441));
#4441 = SURFACE_STYLE_USAGE(.BOTH.,#4442);
#4442 = SURFACE_SIDE_STYLE('',(#4443));
#4443 = SURFACE_STYLE_FILL_AREA(#4444);
#4444 = FILL_AREA_STYLE('',(#4445));
#4445 = FILL_AREA_STYLE_COLOUR('',#4066);
#4446 = MECHANICAL_DESIGN_GEOMETRIC_PRESENTATION_REPRESENTATION('',(
    #4447),#3210);
#4447 = STYLED_ITEM('color',(#4448),#3198);
#4448 = PRESENTATION_STYLE_ASSIGNMENT((#4449));
#4449 = SURFACE_STYLE_USAGE(.BOTH.,#4450);
#4450 = SURFACE_SIDE_STYLE('',(#4451));
#4451 = SURFACE_STYLE_FILL_AREA(#4452);
#4452 = FILL_AREA_STYLE('',(#4453));
#4453 = FILL_AREA_STYLE_COLOUR('',#4066);
#4454 = MECHANICAL_DESIGN_GEOMETRIC_PRESENTATION_REPRESENTATION('',(
    #4455),#3551);
#4455 = STYLED_ITEM('color',(#4456),#3539);
#4456 = PRESENTATION_STYLE_ASSIGNMENT((#4457));
#4457 = SURFACE_STYLE_USAGE(.BOTH.,#4458);
#4458 = SURFACE_SIDE_STYLE('',(#4459));
#4459 = SURFACE_STYLE_FILL_AREA(#4460);
#4460 = FILL_AREA_STYLE('',(#4461));
#4461 = FILL_AREA_STYLE_COLOUR('',#4066);
#4462 = MECHANICAL_DESIGN_GEOMETRIC_PRESENTATION_REPRESENTATION('',(
    #4463),#1753);
#4463 = STYLED_ITEM('color',(#4464),#1741);
#4464 = PRESENTATION_STYLE_ASSIGNMENT((#4465));
#4465 = SURFACE_STYLE_USAGE(.BOTH.,#4466);
#4466 = SURFACE_SIDE_STYLE('',(#4467));
#4467 = SURFACE_STYLE_FILL_AREA(#4468);
#4468 = FILL_AREA_STYLE('',(#4469));
#4469 = FILL_AREA_STYLE_COLOUR('',#4066);
#4470 = MECHANICAL_DESIGN_GEOMETRIC_PRESENTATION_REPRESENTATION('',(
    #4471),#2311);
#4471 = STYLED_ITEM('color',(#4472),#2299);
#4472 = PRESENTATION_STYLE_ASSIGNMENT((#4473));
#4473 = SURFACE_STYLE_USAGE(.BOTH.,#4474);
#4474 = SURFACE_SIDE_STYLE('',(#4475));
#4475 = SURFACE_STYLE_FILL_AREA(#4476);
#4476 = FILL_AREA_STYLE('',(#4477));
#4477 = FILL_AREA_STYLE_COLOUR('',#4066);
#4478 = MECHANICAL_DESIGN_GEOMETRIC_PRESENTATION_REPRESENTATION('',(
    #4479),#3892);
#4479 = STYLED_ITEM('color',(#4480),#3880);
#4480 = PRESENTATION_STYLE_ASSIGNMENT((#4481));
#4481 = SURFACE_STYLE_USAGE(.BOTH.,#4482);
#4482 = SURFACE_SIDE_STYLE('',(#4483));
#4483 = SURFACE_STYLE_FILL_AREA(#4484);
#4484 = FILL_AREA_STYLE('',(#4485));
#4485 = FILL_AREA_STYLE_COLOUR('',#4066);
#4486 = MECHANICAL_DESIGN_GEOMETRIC_PRESENTATION_REPRESENTATION('',(
    #4487),#3365);
#4487 = STYLED_ITEM('color',(#4488),#3353);
#4488 = PRESENTATION_STYLE_ASSIGNMENT((#4489));
#4489 = SURFACE_STYLE_USAGE(.BOTH.,#4490);
#4490 = SURFACE_SIDE_STYLE('',(#4491));
#4491 = SURFACE_STYLE_FILL_AREA(#4492);
#4492 = FILL_AREA_STYLE('',(#4493));
#4493 = FILL_AREA_STYLE_COLOUR('',#4066);
#4494 = MECHANICAL_DESIGN_GEOMETRIC_PRESENTATION_REPRESENTATION('',(
    #4495),#2993);
#4495 = STYLED_ITEM('color',(#4496),#2981);
#4496 = PRESENTATION_STYLE_ASSIGNMENT((#4497));
#4497 = SURFACE_STYLE_USAGE(.BOTH.,#4498);
#4498 = SURFACE_SIDE_STYLE('',(#4499));
#4499 = SURFACE_STYLE_FILL_AREA(#4500);
#4500 = FILL_AREA_STYLE('',(#4501));
#4501 = FILL_AREA_STYLE_COLOUR('',#4066);
#4502 = MECHANICAL_DESIGN_GEOMETRIC_PRESENTATION_REPRESENTATION('',(
    #4503),#2621);
#4503 = STYLED_ITEM('color',(#4504),#2609);
#4504 = PRESENTATION_STYLE_ASSIGNMENT((#4505));
#4505 = SURFACE_STYLE_USAGE(.BOTH.,#4506);
#4506 = SURFACE_SIDE_STYLE('',(#4507));
#4507 = SURFACE_STYLE_FILL_AREA(#4508);
#4508 = FILL_AREA_STYLE('',(#4509));
#4509 = FILL_AREA_STYLE_COLOUR('',#4066);
#4510 = MECHANICAL_DESIGN_GEOMETRIC_PRESENTATION_REPRESENTATION('',(
    #4511),#3768);
#4511 = STYLED_ITEM('color',(#4512),#3756);
#4512 = PRESENTATION_STYLE_ASSIGNMENT((#4513));
#4513 = SURFACE_STYLE_USAGE(.BOTH.,#4514);
#4514 = SURFACE_SIDE_STYLE('',(#4515));
#4515 = SURFACE_STYLE_FILL_AREA(#4516);
#4516 = FILL_AREA_STYLE('',(#4517));
#4517 = FILL_AREA_STYLE_COLOUR('',#4066);
#4518 = MECHANICAL_DESIGN_GEOMETRIC_PRESENTATION_REPRESENTATION('',(
    #4519),#3613);
#4519 = STYLED_ITEM('color',(#4520),#3601);
#4520 = PRESENTATION_STYLE_ASSIGNMENT((#4521));
#4521 = SURFACE_STYLE_USAGE(.BOTH.,#4522);
#4522 = SURFACE_SIDE_STYLE('',(#4523));
#4523 = SURFACE_STYLE_FILL_AREA(#4524);
#4524 = FILL_AREA_STYLE('',(#4525));
#4525 = FILL_AREA_STYLE_COLOUR('',#4066);
#4526 = MECHANICAL_DESIGN_GEOMETRIC_PRESENTATION_REPRESENTATION('',(
    #4527),#2094);
#4527 = STYLED_ITEM('color',(#4528),#2082);
#4528 = PRESENTATION_STYLE_ASSIGNMENT((#4529));
#4529 = SURFACE_STYLE_USAGE(.BOTH.,#4530);
#4530 = SURFACE_SIDE_STYLE('',(#4531));
#4531 = SURFACE_STYLE_FILL_AREA(#4532);
#4532 = FILL_AREA_STYLE('',(#4533));
#4533 = FILL_AREA_STYLE_COLOUR('',#4066);
#4534 = MECHANICAL_DESIGN_GEOMETRIC_PRESENTATION_REPRESENTATION('',(
    #4535),#1722);
#4535 = STYLED_ITEM('color',(#4536),#1392);
#4536 = PRESENTATION_STYLE_ASSIGNMENT((#4537));
#4537 = SURFACE_STYLE_USAGE(.BOTH.,#4538);
#4538 = SURFACE_SIDE_STYLE('',(#4539));
#4539 = SURFACE_STYLE_FILL_AREA(#4540);
#4540 = FILL_AREA_STYLE('',(#4541));
#4541 = FILL_AREA_STYLE_COLOUR('',#4542);
#4542 = COLOUR_RGB('',0.45000000386,0.47000000295,0.500000003429);
#4543 = MECHANICAL_DESIGN_GEOMETRIC_PRESENTATION_REPRESENTATION('',(
    #4544),#2404);
#4544 = STYLED_ITEM('color',(#4545),#2392);
#4545 = PRESENTATION_STYLE_ASSIGNMENT((#4546));
#4546 = SURFACE_STYLE_USAGE(.BOTH.,#4547);
#4547 = SURFACE_SIDE_STYLE('',(#4548));
#4548 = SURFACE_STYLE_FILL_AREA(#4549);
#4549 = FILL_AREA_STYLE('',(#4550));
#4550 = FILL_AREA_STYLE_COLOUR('',#4066);
#4551 = MECHANICAL_DESIGN_GEOMETRIC_PRESENTATION_REPRESENTATION('',(
    #4552),#3086);
#4552 = STYLED_ITEM('color',(#4553),#3074);
#4553 = PRESENTATION_STYLE_ASSIGNMENT((#4554));
#4554 = SURFACE_STYLE_USAGE(.BOTH.,#4555);
#4555 = SURFACE_SIDE_STYLE('',(#4556));
#4556 = SURFACE_STYLE_FILL_AREA(#4557);
#4557 = FILL_AREA_STYLE('',(#4558));
#4558 = FILL_AREA_STYLE_COLOUR('',#4066);
#4559 = MECHANICAL_DESIGN_GEOMETRIC_PRESENTATION_REPRESENTATION('',(
    #4560),#3830);
#4560 = STYLED_ITEM('color',(#4561),#3818);
#4561 = PRESENTATION_STYLE_ASSIGNMENT((#4562));
#4562 = SURFACE_STYLE_USAGE(.BOTH.,#4563);
#4563 = SURFACE_SIDE_STYLE('',(#4564));
#4564 = SURFACE_STYLE_FILL_AREA(#4565);
#4565 = FILL_AREA_STYLE('',(#4566));
#4566 = FILL_AREA_STYLE_COLOUR('',#4066);
#4567 = MECHANICAL_DESIGN_GEOMETRIC_PRESENTATION_REPRESENTATION('',(
    #4568),#1939);
#4568 = STYLED_ITEM('color',(#4569),#1927);
#4569 = PRESENTATION_STYLE_ASSIGNMENT((#4570));
#4570 = SURFACE_STYLE_USAGE(.BOTH.,#4571);
#4571 = SURFACE_SIDE_STYLE('',(#4572));
#4572 = SURFACE_STYLE_FILL_AREA(#4573);
#4573 = FILL_AREA_STYLE('',(#4574));
#4574 = FILL_AREA_STYLE_COLOUR('',#4066);
#4575 = MECHANICAL_DESIGN_GEOMETRIC_PRESENTATION_REPRESENTATION('',(
    #4576),#2900);
#4576 = STYLED_ITEM('color',(#4577),#2888);
#4577 = PRESENTATION_STYLE_ASSIGNMENT((#4578));
#4578 = SURFACE_STYLE_USAGE(.BOTH.,#4579);
#4579 = SURFACE_SIDE_STYLE('',(#4580));
#4580 = SURFACE_STYLE_FILL_AREA(#4581);
#4581 = FILL_AREA_STYLE('',(#4582));
#4582 = FILL_AREA_STYLE_COLOUR('',#4066);
#4583 = MECHANICAL_DESIGN_GEOMETRIC_PRESENTATION_REPRESENTATION('',(
    #4584),#3675);
#4584 = STYLED_ITEM('color',(#4585),#3663);
#4585 = PRESENTATION_STYLE_ASSIGNMENT((#4586));
#4586 = SURFACE_STYLE_USAGE(.BOTH.,#4587);
#4587 = SURFACE_SIDE_STYLE('',(#4588));
#4588 = SURFACE_STYLE_FILL_AREA(#4589);
#4589 = FILL_AREA_STYLE('',(#4590));
#4590 = FILL_AREA_STYLE_COLOUR('',#4591);
#4591 = COLOUR_RGB('',0.920000012397,0.350000000377,0.199999998682);
#4592 = MECHANICAL_DESIGN_GEOMETRIC_PRESENTATION_REPRESENTATION('',(
    #4593),#3644);
#4593 = STYLED_ITEM('color',(#4594),#3632);
#4594 = PRESENTATION_STYLE_ASSIGNMENT((#4595));
#4595 = SURFACE_STYLE_USAGE(.BOTH.,#4596);
#4596 = SURFACE_SIDE_STYLE('',(#4597));
#4597 = SURFACE_STYLE_FILL_AREA(#4598);
#4598 = FILL_AREA_STYLE('',(#4599));
#4599 = FILL_AREA_STYLE_COLOUR('',#4066);
#4600 = MECHANICAL_DESIGN_GEOMETRIC_PRESENTATION_REPRESENTATION('',(
    #4601),#3582);
#4601 = STYLED_ITEM('color',(#4602),#3570);
#4602 = PRESENTATION_STYLE_ASSIGNMENT((#4603));
#4603 = SURFACE_STYLE_USAGE(.BOTH.,#4604);
#4604 = SURFACE_SIDE_STYLE('',(#4605));
#4605 = SURFACE_STYLE_FILL_AREA(#4606);
#4606 = FILL_AREA_STYLE('',(#4607));
#4607 = FILL_AREA_STYLE_COLOUR('',#4066);
#4608 = MECHANICAL_DESIGN_GEOMETRIC_PRESENTATION_REPRESENTATION('',(
    #4609),#2683);
#4609 = STYLED_ITEM('color',(#4610),#2671);
#4610 = PRESENTATION_STYLE_ASSIGNMENT((#4611));
#4611 = SURFACE_STYLE_USAGE(.BOTH.,#4612);
#4612 = SURFACE_SIDE_STYLE('',(#4613));
#4613 = SURFACE_STYLE_FILL_AREA(#4614);
#4614 = FILL_AREA_STYLE('',(#4615));
#4615 = FILL_AREA_STYLE_COLOUR('',#4066);
#4616 = MECHANICAL_DESIGN_GEOMETRIC_PRESENTATION_REPRESENTATION('',(
    #4617),#2559);
#4617 = STYLED_ITEM('color',(#4618),#2547);
#4618 = PRESENTATION_STYLE_ASSIGNMENT((#4619));
#4619 = SURFACE_STYLE_USAGE(.BOTH.,#4620);
#4620 = SURFACE_SIDE_STYLE('',(#4621));
#4621 = SURFACE_STYLE_FILL_AREA(#4622);
#4622 = FILL_AREA_STYLE('',(#4623));
#4623 = FILL_AREA_STYLE_COLOUR('',#4066);
#4624 = MECHANICAL_DESIGN_GEOMETRIC_PRESENTATION_REPRESENTATION('',(
    #4625),#2962);
#4625 = STYLED_ITEM('color',(#4626),#2950);
#4626 = PRESENTATION_STYLE_ASSIGNMENT((#4627));
#4627 = SURFACE_STYLE_USAGE(.BOTH.,#4628);
#4628 = SURFACE_SIDE_STYLE('',(#4629));
#4629 = SURFACE_STYLE_FILL_AREA(#4630);
#4630 = FILL_AREA_STYLE('',(#4631));
#4631 = FILL_AREA_STYLE_COLOUR('',#4066);
#4632 = MECHANICAL_DESIGN_GEOMETRIC_PRESENTATION_REPRESENTATION('',(
    #4633),#2373);
#4633 = STYLED_ITEM('color',(#4634),#2361);
#4634 = PRESENTATION_STYLE_ASSIGNMENT((#4635));
#4635 = SURFACE_STYLE_USAGE(.BOTH.,#4636);
#4636 = SURFACE_SIDE_STYLE('',(#4637));
#4637 = SURFACE_STYLE_FILL_AREA(#4638);
#4638 = FILL_AREA_STYLE('',(#4639));
#4639 = FILL_AREA_STYLE_COLOUR('',#4066);
#4640 = MECHANICAL_DESIGN_GEOMETRIC_PRESENTATION_REPRESENTATION('',(
    #4641),#3117);
#4641 = STYLED_ITEM('color',(#4642),#3105);
#4642 = PRESENTATION_STYLE_ASSIGNMENT((#4643));
#4643 = SURFACE_STYLE_USAGE(.BOTH.,#4644);
#4644 = SURFACE_SIDE_STYLE('',(#4645));
#4645 = SURFACE_STYLE_FILL_AREA(#4646);
#4646 = FILL_AREA_STYLE('',(#4647));
#4647 = FILL_AREA_STYLE_COLOUR('',#4066);
#4648 = MECHANICAL_DESIGN_GEOMETRIC_PRESENTATION_REPRESENTATION('',(
    #4649),#3861);
#4649 = STYLED_ITEM('color',(#4650),#3849);
#4650 = PRESENTATION_STYLE_ASSIGNMENT((#4651));
#4651 = SURFACE_STYLE_USAGE(.BOTH.,#4652);
#4652 = SURFACE_SIDE_STYLE('',(#4653));
#4653 = SURFACE_STYLE_FILL_AREA(#4654);
#4654 = FILL_AREA_STYLE('',(#4655));
#4655 = FILL_AREA_STYLE_COLOUR('',#4066);
#4656 = MECHANICAL_DESIGN_GEOMETRIC_PRESENTATION_REPRESENTATION('',(
    #4657),#3737);
#4657 = STYLED_ITEM('color',(#4658),#3725);
#4658 = PRESENTATION_STYLE_ASSIGNMENT((#4659));
#4659 = SURFACE_STYLE_USAGE(.BOTH.,#4660);
#4660 = SURFACE_SIDE_STYLE('',(#4661));
#4661 = SURFACE_STYLE_FILL_AREA(#4662);
#4662 = FILL_AREA_STYLE('',(#4663));
#4663 = FILL_AREA_STYLE_COLOUR('',#4066);
#4664 = MECHANICAL_DESIGN_GEOMETRIC_PRESENTATION_REPRESENTATION('',(
    #4665),#1815);
#4665 = STYLED_ITEM('color',(#4666),#1803);
#4666 = PRESENTATION_STYLE_ASSIGNMENT((#4667));
#4667 = SURFACE_STYLE_USAGE(.BOTH.,#4668);
#4668 = SURFACE_SIDE_STYLE('',(#4669));
#4669 = SURFACE_STYLE_FILL_AREA(#4670);
#4670 = FILL_AREA_STYLE('',(#4671));
#4671 = FILL_AREA_STYLE_COLOUR('',#4066);
#4672 = MECHANICAL_DESIGN_GEOMETRIC_PRESENTATION_REPRESENTATION('',(
    #4673),#3179);
#4673 = STYLED_ITEM('color',(#4674),#3167);
#4674 = PRESENTATION_STYLE_ASSIGNMENT((#4675));
#4675 = SURFACE_STYLE_USAGE(.BOTH.,#4676);
#4676 = SURFACE_SIDE_STYLE('',(#4677));
#4677 = SURFACE_STYLE_FILL_AREA(#4678);
#4678 = FILL_AREA_STYLE('',(#4679));
#4679 = FILL_AREA_STYLE_COLOUR('',#4066);
#4680 = MECHANICAL_DESIGN_GEOMETRIC_PRESENTATION_REPRESENTATION('',(
    #4681),#3985);
#4681 = STYLED_ITEM('color',(#4682),#3973);
#4682 = PRESENTATION_STYLE_ASSIGNMENT((#4683));
#4683 = SURFACE_STYLE_USAGE(.BOTH.,#4684);
#4684 = SURFACE_SIDE_STYLE('',(#4685));
#4685 = SURFACE_STYLE_FILL_AREA(#4686);
#4686 = FILL_AREA_STYLE('',(#4687));
#4687 = FILL_AREA_STYLE_COLOUR('',#4066);
#4688 = MECHANICAL_DESIGN_GEOMETRIC_PRESENTATION_REPRESENTATION('',(
    #4689),#3334);
#4689 = STYLED_ITEM('color',(#4690),#3322);
#4690 = PRESENTATION_STYLE_ASSIGNMENT((#4691));
#4691 = SURFACE_STYLE_USAGE(.BOTH.,#4692);
#4692 = SURFACE_SIDE_STYLE('',(#4693));
#4693 = SURFACE_STYLE_FILL_AREA(#4694);
#4694 = FILL_AREA_STYLE('',(#4695));
#4695 = FILL_AREA_STYLE_COLOUR('',#4066);
ENDSEC;
END-ISO-10303-21;
