ISO-10303-21;
HEADER;
FILE_DESCRIPTION(('Open CASCADE Model'),'2;1');
FILE_NAME('Open CASCADE Shape Model','2026-09-29T02:17:26',('Author'),(
    'Open CASCADE'),'Open CASCADE STEP processor 7.9','Open CASCADE 7.9'
  ,'Unknown');
FILE_SCHEMA(('AUTOMOTIVE_DESIGN { 1 0 10303 214 1 1 1 1 }'));
ENDSEC;
DATA;
#1 = APPLICATION_PROTOCOL_DEFINITION('international standard',
  'automotive_design',2000,#2);
#2 = APPLICATION_CONTEXT(
  'core data for automotive mechanical design processes');
#3 = SHAPE_DEFINITION_REPRESENTATION(#4,#10);
#4 = PRODUCT_DEFINITION_SHAPE('','',#5);
#5 = PRODUCT_DEFINITION('design','',#6,#9);
#6 = PRODUCT_DEFINITION_FORMATION('','',#7);
#7 = PRODUCT('BIW_B','BIW_B','',(#8));
#8 = PRODUCT_CONTEXT('',#2,'mechanical');
#9 = PRODUCT_DEFINITION_CONTEXT('part definition',#2,'design');
#10 = SHAPE_REPRESENTATION('',(#11,#15,#19,#23,#27,#31,#35,#39,#43,#47,
    #51,#55,#59,#63,#67,#71,#75,#79,#83,#87,#91,#95,#99,#103,#107,#111,
    #115,#119,#123,#127,#131,#135,#139,#143,#147,#151,#155,#159,#163,
    #167,#171,#175,#179,#183,#187,#191,#195,#199,#203,#207,#211,#215,
    #219,#223,#227,#231,#235,#239,#243,#247,#251,#255,#259,#263,#267,
    #271,#275,#279,#283,#287,#291,#295,#299,#303,#307,#311,#315,#319,
    #323,#327,#331,#335,#339,#343,#347,#351,#355,#359,#363,#367,#371),
  #375);
#11 = AXIS2_PLACEMENT_3D('',#12,#13,#14);
#12 = CARTESIAN_POINT('',(0.,0.,0.));
#13 = DIRECTION('',(0.,0.,1.));
#14 = DIRECTION('',(1.,0.,-0.));
#15 = AXIS2_PLACEMENT_3D('',#16,#17,#18);
#16 = CARTESIAN_POINT('',(0.,0.,0.));
#17 = DIRECTION('',(0.,0.,1.));
#18 = DIRECTION('',(1.,0.,-0.));
#19 = AXIS2_PLACEMENT_3D('',#20,#21,#22);
#20 = CARTESIAN_POINT('',(0.,0.,0.));
#21 = DIRECTION('',(0.,0.,1.));
#22 = DIRECTION('',(1.,0.,-0.));
#23 = AXIS2_PLACEMENT_3D('',#24,#25,#26);
#24 = CARTESIAN_POINT('',(0.,0.,0.));
#25 = DIRECTION('',(0.,0.,1.));
#26 = DIRECTION('',(1.,0.,-0.));
#27 = AXIS2_PLACEMENT_3D('',#28,#29,#30);
#28 = CARTESIAN_POINT('',(0.,0.,0.));
#29 = DIRECTION('',(0.,0.,1.));
#30 = DIRECTION('',(1.,0.,-0.));
#31 = AXIS2_PLACEMENT_3D('',#32,#33,#34);
#32 = CARTESIAN_POINT('',(0.,0.,0.));
#33 = DIRECTION('',(0.,0.,1.));
#34 = DIRECTION('',(1.,0.,-0.));
#35 = AXIS2_PLACEMENT_3D('',#36,#37,#38);
#36 = CARTESIAN_POINT('',(0.,0.,0.));
#37 = DIRECTION('',(0.,0.,1.));
#38 = DIRECTION('',(1.,0.,-0.));
#39 = AXIS2_PLACEMENT_3D('',#40,#41,#42);
#40 = CARTESIAN_POINT('',(0.,0.,0.));
#41 = DIRECTION('',(0.,0.,1.));
#42 = DIRECTION('',(1.,0.,-0.));
#43 = AXIS2_PLACEMENT_3D('',#44,#45,#46);
#44 = CARTESIAN_POINT('',(0.,0.,0.));
#45 = DIRECTION('',(0.,0.,1.));
#46 = DIRECTION('',(1.,0.,-0.));
#47 = AXIS2_PLACEMENT_3D('',#48,#49,#50);
#48 = CARTESIAN_POINT('',(0.,0.,0.));
#49 = DIRECTION('',(0.,0.,1.));
#50 = DIRECTION('',(1.,0.,-0.));
#51 = AXIS2_PLACEMENT_3D('',#52,#53,#54);
#52 = CARTESIAN_POINT('',(0.,0.,0.));
#53 = DIRECTION('',(0.,0.,1.));
#54 = DIRECTION('',(1.,0.,-0.));
#55 = AXIS2_PLACEMENT_3D('',#56,#57,#58);
#56 = CARTESIAN_POINT('',(0.,0.,0.));
#57 = DIRECTION('',(0.,0.,1.));
#58 = DIRECTION('',(1.,0.,-0.));
#59 = AXIS2_PLACEMENT_3D('',#60,#61,#62);
#60 = CARTESIAN_POINT('',(0.,0.,0.));
#61 = DIRECTION('',(0.,0.,1.));
#62 = DIRECTION('',(1.,0.,-0.));
#63 = AXIS2_PLACEMENT_3D('',#64,#65,#66);
#64 = CARTESIAN_POINT('',(0.,0.,0.));
#65 = DIRECTION('',(0.,0.,1.));
#66 = DIRECTION('',(1.,0.,-0.));
#67 = AXIS2_PLACEMENT_3D('',#68,#69,#70);
#68 = CARTESIAN_POINT('',(0.,0.,0.));
#69 = DIRECTION('',(0.,0.,1.));
#70 = DIRECTION('',(1.,0.,-0.));
#71 = AXIS2_PLACEMENT_3D('',#72,#73,#74);
#72 = CARTESIAN_POINT('',(0.,0.,0.));
#73 = DIRECTION('',(0.,0.,1.));
#74 = DIRECTION('',(1.,0.,-0.));
#75 = AXIS2_PLACEMENT_3D('',#76,#77,#78);
#76 = CARTESIAN_POINT('',(0.,0.,0.));
#77 = DIRECTION('',(0.,0.,1.));
#78 = DIRECTION('',(1.,0.,-0.));
#79 = AXIS2_PLACEMENT_3D('',#80,#81,#82);
#80 = CARTESIAN_POINT('',(0.,0.,0.));
#81 = DIRECTION('',(0.,0.,1.));
#82 = DIRECTION('',(1.,0.,-0.));
#83 = AXIS2_PLACEMENT_3D('',#84,#85,#86);
#84 = CARTESIAN_POINT('',(0.,0.,0.));
#85 = DIRECTION('',(0.,0.,1.));
#86 = DIRECTION('',(1.,0.,-0.));
#87 = AXIS2_PLACEMENT_3D('',#88,#89,#90);
#88 = CARTESIAN_POINT('',(0.,0.,0.));
#89 = DIRECTION('',(0.,0.,1.));
#90 = DIRECTION('',(1.,0.,-0.));
#91 = AXIS2_PLACEMENT_3D('',#92,#93,#94);
#92 = CARTESIAN_POINT('',(0.,0.,0.));
#93 = DIRECTION('',(0.,0.,1.));
#94 = DIRECTION('',(1.,0.,-0.));
#95 = AXIS2_PLACEMENT_3D('',#96,#97,#98);
#96 = CARTESIAN_POINT('',(0.,0.,0.));
#97 = DIRECTION('',(0.,0.,1.));
#98 = DIRECTION('',(1.,0.,-0.));
#99 = AXIS2_PLACEMENT_3D('',#100,#101,#102);
#100 = CARTESIAN_POINT('',(0.,0.,0.));
#101 = DIRECTION('',(0.,0.,1.));
#102 = DIRECTION('',(1.,0.,-0.));
#103 = AXIS2_PLACEMENT_3D('',#104,#105,#106);
#104 = CARTESIAN_POINT('',(0.,0.,0.));
#105 = DIRECTION('',(0.,0.,1.));
#106 = DIRECTION('',(1.,0.,-0.));
#107 = AXIS2_PLACEMENT_3D('',#108,#109,#110);
#108 = CARTESIAN_POINT('',(0.,0.,0.));
#109 = DIRECTION('',(0.,0.,1.));
#110 = DIRECTION('',(1.,0.,-0.));
#111 = AXIS2_PLACEMENT_3D('',#112,#113,#114);
#112 = CARTESIAN_POINT('',(0.,0.,0.));
#113 = DIRECTION('',(0.,0.,1.));
#114 = DIRECTION('',(1.,0.,-0.));
#115 = AXIS2_PLACEMENT_3D('',#116,#117,#118);
#116 = CARTESIAN_POINT('',(0.,0.,0.));
#117 = DIRECTION('',(0.,0.,1.));
#118 = DIRECTION('',(1.,0.,-0.));
#119 = AXIS2_PLACEMENT_3D('',#120,#121,#122);
#120 = CARTESIAN_POINT('',(0.,0.,0.));
#121 = DIRECTION('',(0.,0.,1.));
#122 = DIRECTION('',(1.,0.,-0.));
#123 = AXIS2_PLACEMENT_3D('',#124,#125,#126);
#124 = CARTESIAN_POINT('',(0.,0.,0.));
#125 = DIRECTION('',(0.,0.,1.));
#126 = DIRECTION('',(1.,0.,-0.));
#127 = AXIS2_PLACEMENT_3D('',#128,#129,#130);
#128 = CARTESIAN_POINT('',(0.,0.,0.));
#129 = DIRECTION('',(0.,0.,1.));
#130 = DIRECTION('',(1.,0.,-0.));
#131 = AXIS2_PLACEMENT_3D('',#132,#133,#134);
#132 = CARTESIAN_POINT('',(0.,0.,0.));
#133 = DIRECTION('',(0.,0.,1.));
#134 = DIRECTION('',(1.,0.,-0.));
#135 = AXIS2_PLACEMENT_3D('',#136,#137,#138);
#136 = CARTESIAN_POINT('',(0.,0.,0.));
#137 = DIRECTION('',(0.,0.,1.));
#138 = DIRECTION('',(1.,0.,-0.));
#139 = AXIS2_PLACEMENT_3D('',#140,#141,#142);
#140 = CARTESIAN_POINT('',(0.,0.,0.));
#141 = DIRECTION('',(0.,0.,1.));
#142 = DIRECTION('',(1.,0.,-0.));
#143 = AXIS2_PLACEMENT_3D('',#144,#145,#146);
#144 = CARTESIAN_POINT('',(0.,0.,0.));
#145 = DIRECTION('',(0.,0.,1.));
#146 = DIRECTION('',(1.,0.,-0.));
#147 = AXIS2_PLACEMENT_3D('',#148,#149,#150);
#148 = CARTESIAN_POINT('',(0.,0.,0.));
#149 = DIRECTION('',(0.,0.,1.));
#150 = DIRECTION('',(1.,0.,-0.));
#151 = AXIS2_PLACEMENT_3D('',#152,#153,#154);
#152 = CARTESIAN_POINT('',(0.,0.,0.));
#153 = DIRECTION('',(0.,0.,1.));
#154 = DIRECTION('',(1.,0.,-0.));
#155 = AXIS2_PLACEMENT_3D('',#156,#157,#158);
#156 = CARTESIAN_POINT('',(0.,0.,0.));
#157 = DIRECTION('',(0.,0.,1.));
#158 = DIRECTION('',(1.,0.,-0.));
#159 = AXIS2_PLACEMENT_3D('',#160,#161,#162);
#160 = CARTESIAN_POINT('',(0.,0.,0.));
#161 = DIRECTION('',(0.,0.,1.));
#162 = DIRECTION('',(1.,0.,-0.));
#163 = AXIS2_PLACEMENT_3D('',#164,#165,#166);
#164 = CARTESIAN_POINT('',(0.,0.,0.));
#165 = DIRECTION('',(0.,0.,1.));
#166 = DIRECTION('',(1.,0.,-0.));
#167 = AXIS2_PLACEMENT_3D('',#168,#169,#170);
#168 = CARTESIAN_POINT('',(0.,0.,0.));
#169 = DIRECTION('',(0.,0.,1.));
#170 = DIRECTION('',(1.,0.,-0.));
#171 = AXIS2_PLACEMENT_3D('',#172,#173,#174);
#172 = CARTESIAN_POINT('',(0.,0.,0.));
#173 = DIRECTION('',(0.,0.,1.));
#174 = DIRECTION('',(1.,0.,-0.));
#175 = AXIS2_PLACEMENT_3D('',#176,#177,#178);
#176 = CARTESIAN_POINT('',(0.,0.,0.));
#177 = DIRECTION('',(0.,0.,1.));
#178 = DIRECTION('',(1.,0.,-0.));
#179 = AXIS2_PLACEMENT_3D('',#180,#181,#182);
#180 = CARTESIAN_POINT('',(0.,0.,0.));
#181 = DIRECTION('',(0.,0.,1.));
#182 = DIRECTION('',(1.,0.,-0.));
#183 = AXIS2_PLACEMENT_3D('',#184,#185,#186);
#184 = CARTESIAN_POINT('',(0.,0.,0.));
#185 = DIRECTION('',(0.,0.,1.));
#186 = DIRECTION('',(1.,0.,-0.));
#187 = AXIS2_PLACEMENT_3D('',#188,#189,#190);
#188 = CARTESIAN_POINT('',(0.,0.,0.));
#189 = DIRECTION('',(0.,0.,1.));
#190 = DIRECTION('',(1.,0.,-0.));
#191 = AXIS2_PLACEMENT_3D('',#192,#193,#194);
#192 = CARTESIAN_POINT('',(0.,0.,0.));
#193 = DIRECTION('',(0.,0.,1.));
#194 = DIRECTION('',(1.,0.,-0.));
#195 = AXIS2_PLACEMENT_3D('',#196,#197,#198);
#196 = CARTESIAN_POINT('',(0.,0.,0.));
#197 = DIRECTION('',(0.,0.,1.));
#198 = DIRECTION('',(1.,0.,-0.));
#199 = AXIS2_PLACEMENT_3D('',#200,#201,#202);
#200 = CARTESIAN_POINT('',(0.,0.,0.));
#201 = DIRECTION('',(0.,0.,1.));
#202 = DIRECTION('',(1.,0.,-0.));
#203 = AXIS2_PLACEMENT_3D('',#204,#205,#206);
#204 = CARTESIAN_POINT('',(0.,0.,0.));
#205 = DIRECTION('',(0.,0.,1.));
#206 = DIRECTION('',(1.,0.,-0.));
#207 = AXIS2_PLACEMENT_3D('',#208,#209,#210);
#208 = CARTESIAN_POINT('',(0.,0.,0.));
#209 = DIRECTION('',(0.,0.,1.));
#210 = DIRECTION('',(1.,0.,-0.));
#211 = AXIS2_PLACEMENT_3D('',#212,#213,#214);
#212 = CARTESIAN_POINT('',(0.,0.,0.));
#213 = DIRECTION('',(0.,0.,1.));
#214 = DIRECTION('',(1.,0.,-0.));
#215 = AXIS2_PLACEMENT_3D('',#216,#217,#218);
#216 = CARTESIAN_POINT('',(0.,0.,0.));
#217 = DIRECTION('',(0.,0.,1.));
#218 = DIRECTION('',(1.,0.,-0.));
#219 = AXIS2_PLACEMENT_3D('',#220,#221,#222);
#220 = CARTESIAN_POINT('',(0.,0.,0.));
#221 = DIRECTION('',(0.,0.,1.));
#222 = DIRECTION('',(1.,0.,-0.));
#223 = AXIS2_PLACEMENT_3D('',#224,#225,#226);
#224 = CARTESIAN_POINT('',(0.,0.,0.));
#225 = DIRECTION('',(0.,0.,1.));
#226 = DIRECTION('',(1.,0.,-0.));
#227 = AXIS2_PLACEMENT_3D('',#228,#229,#230);
#228 = CARTESIAN_POINT('',(0.,0.,0.));
#229 = DIRECTION('',(0.,0.,1.));
#230 = DIRECTION('',(1.,0.,-0.));
#231 = AXIS2_PLACEMENT_3D('',#232,#233,#234);
#232 = CARTESIAN_POINT('',(0.,0.,0.));
#233 = DIRECTION('',(0.,0.,1.));
#234 = DIRECTION('',(1.,0.,-0.));
#235 = AXIS2_PLACEMENT_3D('',#236,#237,#238);
#236 = CARTESIAN_POINT('',(0.,0.,0.));
#237 = DIRECTION('',(0.,0.,1.));
#238 = DIRECTION('',(1.,0.,-0.));
#239 = AXIS2_PLACEMENT_3D('',#240,#241,#242);
#240 = CARTESIAN_POINT('',(0.,0.,0.));
#241 = DIRECTION('',(0.,0.,1.));
#242 = DIRECTION('',(1.,0.,-0.));
#243 = AXIS2_PLACEMENT_3D('',#244,#245,#246);
#244 = CARTESIAN_POINT('',(0.,0.,0.));
#245 = DIRECTION('',(0.,0.,1.));
#246 = DIRECTION('',(1.,0.,-0.));
#247 = AXIS2_PLACEMENT_3D('',#248,#249,#250);
#248 = CARTESIAN_POINT('',(0.,0.,0.));
#249 = DIRECTION('',(0.,0.,1.));
#250 = DIRECTION('',(1.,0.,-0.));
#251 = AXIS2_PLACEMENT_3D('',#252,#253,#254);
#252 = CARTESIAN_POINT('',(0.,0.,0.));
#253 = DIRECTION('',(0.,0.,1.));
#254 = DIRECTION('',(1.,0.,-0.));
#255 = AXIS2_PLACEMENT_3D('',#256,#257,#258);
#256 = CARTESIAN_POINT('',(0.,0.,0.));
#257 = DIRECTION('',(0.,0.,1.));
#258 = DIRECTION('',(1.,0.,-0.));
#259 = AXIS2_PLACEMENT_3D('',#260,#261,#262);
#260 = CARTESIAN_POINT('',(0.,0.,0.));
#261 = DIRECTION('',(0.,0.,1.));
#262 = DIRECTION('',(1.,0.,-0.));
#263 = AXIS2_PLACEMENT_3D('',#264,#265,#266);
#264 = CARTESIAN_POINT('',(0.,0.,0.));
#265 = DIRECTION('',(0.,0.,1.));
#266 = DIRECTION('',(1.,0.,-0.));
#267 = AXIS2_PLACEMENT_3D('',#268,#269,#270);
#268 = CARTESIAN_POINT('',(0.,0.,0.));
#269 = DIRECTION('',(0.,0.,1.));
#270 = DIRECTION('',(1.,0.,-0.));
#271 = AXIS2_PLACEMENT_3D('',#272,#273,#274);
#272 = CARTESIAN_POINT('',(0.,0.,0.));
#273 = DIRECTION('',(0.,0.,1.));
#274 = DIRECTION('',(1.,0.,-0.));
#275 = AXIS2_PLACEMENT_3D('',#276,#277,#278);
#276 = CARTESIAN_POINT('',(0.,0.,0.));
#277 = DIRECTION('',(0.,0.,1.));
#278 = DIRECTION('',(1.,0.,-0.));
#279 = AXIS2_PLACEMENT_3D('',#280,#281,#282);
#280 = CARTESIAN_POINT('',(0.,0.,0.));
#281 = DIRECTION('',(0.,0.,1.));
#282 = DIRECTION('',(1.,0.,-0.));
#283 = AXIS2_PLACEMENT_3D('',#284,#285,#286);
#284 = CARTESIAN_POINT('',(0.,0.,0.));
#285 = DIRECTION('',(0.,0.,1.));
#286 = DIRECTION('',(1.,0.,-0.));
#287 = AXIS2_PLACEMENT_3D('',#288,#289,#290);
#288 = CARTESIAN_POINT('',(0.,0.,0.));
#289 = DIRECTION('',(0.,0.,1.));
#290 = DIRECTION('',(1.,0.,-0.));
#291 = AXIS2_PLACEMENT_3D('',#292,#293,#294);
#292 = CARTESIAN_POINT('',(0.,0.,0.));
#293 = DIRECTION('',(0.,0.,1.));
#294 = DIRECTION('',(1.,0.,-0.));
#295 = AXIS2_PLACEMENT_3D('',#296,#297,#298);
#296 = CARTESIAN_POINT('',(0.,0.,0.));
#297 = DIRECTION('',(0.,0.,1.));
#298 = DIRECTION('',(1.,0.,-0.));
#299 = AXIS2_PLACEMENT_3D('',#300,#301,#302);
#300 = CARTESIAN_POINT('',(0.,0.,0.));
#301 = DIRECTION('',(0.,0.,1.));
#302 = DIRECTION('',(1.,0.,-0.));
#303 = AXIS2_PLACEMENT_3D('',#304,#305,#306);
#304 = CARTESIAN_POINT('',(0.,0.,0.));
#305 = DIRECTION('',(0.,0.,1.));
#306 = DIRECTION('',(1.,0.,-0.));
#307 = AXIS2_PLACEMENT_3D('',#308,#309,#310);
#308 = CARTESIAN_POINT('',(0.,0.,0.));
#309 = DIRECTION('',(0.,0.,1.));
#310 = DIRECTION('',(1.,0.,-0.));
#311 = AXIS2_PLACEMENT_3D('',#312,#313,#314);
#312 = CARTESIAN_POINT('',(0.,0.,0.));
#313 = DIRECTION('',(0.,0.,1.));
#314 = DIRECTION('',(1.,0.,-0.));
#315 = AXIS2_PLACEMENT_3D('',#316,#317,#318);
#316 = CARTESIAN_POINT('',(0.,0.,0.));
#317 = DIRECTION('',(0.,0.,1.));
#318 = DIRECTION('',(1.,0.,-0.));
#319 = AXIS2_PLACEMENT_3D('',#320,#321,#322);
#320 = CARTESIAN_POINT('',(0.,0.,0.));
#321 = DIRECTION('',(0.,0.,1.));
#322 = DIRECTION('',(1.,0.,-0.));
#323 = AXIS2_PLACEMENT_3D('',#324,#325,#326);
#324 = CARTESIAN_POINT('',(0.,0.,0.));
#325 = DIRECTION('',(0.,0.,1.));
#326 = DIRECTION('',(1.,0.,-0.));
#327 = AXIS2_PLACEMENT_3D('',#328,#329,#330);
#328 = CARTESIAN_POINT('',(0.,0.,0.));
#329 = DIRECTION('',(0.,0.,1.));
#330 = DIRECTION('',(1.,0.,-0.));
#331 = AXIS2_PLACEMENT_3D('',#332,#333,#334);
#332 = CARTESIAN_POINT('',(0.,0.,0.));
#333 = DIRECTION('',(0.,0.,1.));
#334 = DIRECTION('',(1.,0.,-0.));
#335 = AXIS2_PLACEMENT_3D('',#336,#337,#338);
#336 = CARTESIAN_POINT('',(0.,0.,0.));
#337 = DIRECTION('',(0.,0.,1.));
#338 = DIRECTION('',(1.,0.,-0.));
#339 = AXIS2_PLACEMENT_3D('',#340,#341,#342);
#340 = CARTESIAN_POINT('',(0.,0.,0.));
#341 = DIRECTION('',(0.,0.,1.));
#342 = DIRECTION('',(1.,0.,-0.));
#343 = AXIS2_PLACEMENT_3D('',#344,#345,#346);
#344 = CARTESIAN_POINT('',(0.,0.,0.));
#345 = DIRECTION('',(0.,0.,1.));
#346 = DIRECTION('',(1.,0.,-0.));
#347 = AXIS2_PLACEMENT_3D('',#348,#349,#350);
#348 = CARTESIAN_POINT('',(0.,0.,0.));
#349 = DIRECTION('',(0.,0.,1.));
#350 = DIRECTION('',(1.,0.,-0.));
#351 = AXIS2_PLACEMENT_3D('',#352,#353,#354);
#352 = CARTESIAN_POINT('',(0.,0.,0.));
#353 = DIRECTION('',(0.,0.,1.));
#354 = DIRECTION('',(1.,0.,-0.));
#355 = AXIS2_PLACEMENT_3D('',#356,#357,#358);
#356 = CARTESIAN_POINT('',(0.,0.,0.));
#357 = DIRECTION('',(0.,0.,1.));
#358 = DIRECTION('',(1.,0.,-0.));
#359 = AXIS2_PLACEMENT_3D('',#360,#361,#362);
#360 = CARTESIAN_POINT('',(0.,0.,0.));
#361 = DIRECTION('',(0.,0.,1.));
#362 = DIRECTION('',(1.,0.,-0.));
#363 = AXIS2_PLACEMENT_3D('',#364,#365,#366);
#364 = CARTESIAN_POINT('',(0.,0.,0.));
#365 = DIRECTION('',(0.,0.,1.));
#366 = DIRECTION('',(1.,0.,-0.));
#367 = AXIS2_PLACEMENT_3D('',#368,#369,#370);
#368 = CARTESIAN_POINT('',(0.,0.,0.));
#369 = DIRECTION('',(0.,0.,1.));
#370 = DIRECTION('',(1.,0.,-0.));
#371 = AXIS2_PLACEMENT_3D('',#372,#373,#374);
#372 = CARTESIAN_POINT('',(0.,0.,0.));
#373 = DIRECTION('',(0.,0.,1.));
#374 = DIRECTION('',(1.,0.,-0.));
#375 = ( GEOMETRIC_REPRESENTATION_CONTEXT(3) 
GLOBAL_UNCERTAINTY_ASSIGNED_CONTEXT((#379)) GLOBAL_UNIT_ASSIGNED_CONTEXT
((#376,#377,#378)) REPRESENTATION_CONTEXT('Context #1',
  '3D Context with UNIT and UNCERTAINTY') );
#376 = ( LENGTH_UNIT() NAMED_UNIT(*) SI_UNIT(.MILLI.,.METRE.) );
#377 = ( NAMED_UNIT(*) PLANE_ANGLE_UNIT() SI_UNIT($,.RADIAN.) );
#378 = ( NAMED_UNIT(*) SI_UNIT($,.STERADIAN.) SOLID_ANGLE_UNIT() );
#379 = UNCERTAINTY_MEASURE_WITH_UNIT(LENGTH_MEASURE(1.E-07),#376,
  'distance_accuracy_value','confusion accuracy');
#380 = PRODUCT_RELATED_PRODUCT_CATEGORY('part',$,(#7));
#381 = SHAPE_DEFINITION_REPRESENTATION(#382,#388);
#382 = PRODUCT_DEFINITION_SHAPE('','',#383);
#383 = PRODUCT_DEFINITION('design','',#384,#387);
#384 = PRODUCT_DEFINITION_FORMATION('','',#385);
#385 = PRODUCT('SILL_OUTER','SILL_OUTER','',(#386));
#386 = PRODUCT_CONTEXT('',#2,'mechanical');
#387 = PRODUCT_DEFINITION_CONTEXT('part definition',#2,'design');
#388 = ADVANCED_BREP_SHAPE_REPRESENTATION('',(#11,#389),#719);
#389 = MANIFOLD_SOLID_BREP('',#390);
#390 = CLOSED_SHELL('',(#391,#511,#611,#658,#705,#712));
#391 = ADVANCED_FACE('',(#392),#406,.F.);
#392 = FACE_BOUND('',#393,.F.);
#393 = EDGE_LOOP('',(#394,#429,#457,#485));
#394 = ORIENTED_EDGE('',*,*,#395,.F.);
#395 = EDGE_CURVE('',#396,#398,#400,.T.);
#396 = VERTEX_POINT('',#397);
#397 = CARTESIAN_POINT('',(0.,-81.2,200.));
#398 = VERTEX_POINT('',#399);
#399 = CARTESIAN_POINT('',(0.,-81.2,550.));
#400 = SURFACE_CURVE('',#401,(#405,#417),.PCURVE_S1.);
#401 = LINE('',#402,#403);
#402 = CARTESIAN_POINT('',(0.,-81.2,200.));
#403 = VECTOR('',#404,1.);
#404 = DIRECTION('',(0.,0.,1.));
#405 = PCURVE('',#406,#411);
#406 = PLANE('',#407);
#407 = AXIS2_PLACEMENT_3D('',#408,#409,#410);
#408 = CARTESIAN_POINT('',(0.,-81.2,200.));
#409 = DIRECTION('',(1.,0.,0.));
#410 = DIRECTION('',(0.,0.,1.));
#411 = DEFINITIONAL_REPRESENTATION('',(#412),#416);
#412 = LINE('',#413,#414);
#413 = CARTESIAN_POINT('',(0.,0.));
#414 = VECTOR('',#415,1.);
#415 = DIRECTION('',(1.,0.));
#416 = ( GEOMETRIC_REPRESENTATION_CONTEXT(2) 
PARAMETRIC_REPRESENTATION_CONTEXT() REPRESENTATION_CONTEXT('2D SPACE',''
  ) );
#417 = PCURVE('',#418,#423);
#418 = PLANE('',#419);
#419 = AXIS2_PLACEMENT_3D('',#420,#421,#422);
#420 = CARTESIAN_POINT('',(0.,-81.2,200.));
#421 = DIRECTION('',(0.,1.,0.));
#422 = DIRECTION('',(0.,0.,1.));
#423 = DEFINITIONAL_REPRESENTATION('',(#424),#428);
#424 = LINE('',#425,#426);
#425 = CARTESIAN_POINT('',(0.,0.));
#426 = VECTOR('',#427,1.);
#427 = DIRECTION('',(1.,0.));
#428 = ( GEOMETRIC_REPRESENTATION_CONTEXT(2) 
PARAMETRIC_REPRESENTATION_CONTEXT() REPRESENTATION_CONTEXT('2D SPACE',''
  ) );
#429 = ORIENTED_EDGE('',*,*,#430,.T.);
#430 = EDGE_CURVE('',#396,#431,#433,.T.);
#431 = VERTEX_POINT('',#432);
#432 = CARTESIAN_POINT('',(0.,-80.,200.));
#433 = SURFACE_CURVE('',#434,(#438,#445),.PCURVE_S1.);
#434 = LINE('',#435,#436);
#435 = CARTESIAN_POINT('',(0.,-81.2,200.));
#436 = VECTOR('',#437,1.);
#437 = DIRECTION('',(0.,1.,0.));
#438 = PCURVE('',#406,#439);
#439 = DEFINITIONAL_REPRESENTATION('',(#440),#444);
#440 = LINE('',#441,#442);
#441 = CARTESIAN_POINT('',(0.,0.));
#442 = VECTOR('',#443,1.);
#443 = DIRECTION('',(0.,-1.));
#444 = ( GEOMETRIC_REPRESENTATION_CONTEXT(2) 
PARAMETRIC_REPRESENTATION_CONTEXT() REPRESENTATION_CONTEXT('2D SPACE',''
  ) );
#445 = PCURVE('',#446,#451);
#446 = PLANE('',#447);
#447 = AXIS2_PLACEMENT_3D('',#448,#449,#450);
#448 = CARTESIAN_POINT('',(0.,-81.2,200.));
#449 = DIRECTION('',(0.,0.,1.));
#450 = DIRECTION('',(1.,0.,0.));
#451 = DEFINITIONAL_REPRESENTATION('',(#452),#456);
#452 = LINE('',#453,#454);
#453 = CARTESIAN_POINT('',(0.,0.));
#454 = VECTOR('',#455,1.);
#455 = DIRECTION('',(0.,1.));
#456 = ( GEOMETRIC_REPRESENTATION_CONTEXT(2) 
PARAMETRIC_REPRESENTATION_CONTEXT() REPRESENTATION_CONTEXT('2D SPACE',''
  ) );
#457 = ORIENTED_EDGE('',*,*,#458,.T.);
#458 = EDGE_CURVE('',#431,#459,#461,.T.);
#459 = VERTEX_POINT('',#460);
#460 = CARTESIAN_POINT('',(0.,-80.,550.));
#461 = SURFACE_CURVE('',#462,(#466,#473),.PCURVE_S1.);
#462 = LINE('',#463,#464);
#463 = CARTESIAN_POINT('',(0.,-80.,200.));
#464 = VECTOR('',#465,1.);
#465 = DIRECTION('',(0.,0.,1.));
#466 = PCURVE('',#406,#467);
#467 = DEFINITIONAL_REPRESENTATION('',(#468),#472);
#468 = LINE('',#469,#470);
#469 = CARTESIAN_POINT('',(0.,-1.2));
#470 = VECTOR('',#471,1.);
#471 = DIRECTION('',(1.,0.));
#472 = ( GEOMETRIC_REPRESENTATION_CONTEXT(2) 
PARAMETRIC_REPRESENTATION_CONTEXT() REPRESENTATION_CONTEXT('2D SPACE',''
  ) );
#473 = PCURVE('',#474,#479);
#474 = PLANE('',#475);
#475 = AXIS2_PLACEMENT_3D('',#476,#477,#478);
#476 = CARTESIAN_POINT('',(0.,-80.,200.));
#477 = DIRECTION('',(0.,1.,0.));
#478 = DIRECTION('',(0.,0.,1.));
#479 = DEFINITIONAL_REPRESENTATION('',(#480),#484);
#480 = LINE('',#481,#482);
#481 = CARTESIAN_POINT('',(0.,0.));
#482 = VECTOR('',#483,1.);
#483 = DIRECTION('',(1.,0.));
#484 = ( GEOMETRIC_REPRESENTATION_CONTEXT(2) 
PARAMETRIC_REPRESENTATION_CONTEXT() REPRESENTATION_CONTEXT('2D SPACE',''
  ) );
#485 = ORIENTED_EDGE('',*,*,#486,.F.);
#486 = EDGE_CURVE('',#398,#459,#487,.T.);
#487 = SURFACE_CURVE('',#488,(#492,#499),.PCURVE_S1.);
#488 = LINE('',#489,#490);
#489 = CARTESIAN_POINT('',(0.,-81.2,550.));
#490 = VECTOR('',#491,1.);
#491 = DIRECTION('',(0.,1.,0.));
#492 = PCURVE('',#406,#493);
#493 = DEFINITIONAL_REPRESENTATION('',(#494),#498);
#494 = LINE('',#495,#496);
#495 = CARTESIAN_POINT('',(350.,0.));
#496 = VECTOR('',#497,1.);
#497 = DIRECTION('',(0.,-1.));
#498 = ( GEOMETRIC_REPRESENTATION_CONTEXT(2) 
PARAMETRIC_REPRESENTATION_CONTEXT() REPRESENTATION_CONTEXT('2D SPACE',''
  ) );
#499 = PCURVE('',#500,#505);
#500 = PLANE('',#501);
#501 = AXIS2_PLACEMENT_3D('',#502,#503,#504);
#502 = CARTESIAN_POINT('',(0.,-81.2,550.));
#503 = DIRECTION('',(0.,0.,1.));
#504 = DIRECTION('',(1.,0.,0.));
#505 = DEFINITIONAL_REPRESENTATION('',(#506),#510);
#506 = LINE('',#507,#508);
#507 = CARTESIAN_POINT('',(0.,0.));
#508 = VECTOR('',#509,1.);
#509 = DIRECTION('',(0.,1.));
#510 = ( GEOMETRIC_REPRESENTATION_CONTEXT(2) 
PARAMETRIC_REPRESENTATION_CONTEXT() REPRESENTATION_CONTEXT('2D SPACE',''
  ) );
#511 = ADVANCED_FACE('',(#512),#526,.T.);
#512 = FACE_BOUND('',#513,.T.);
#513 = EDGE_LOOP('',(#514,#544,#567,#590));
#514 = ORIENTED_EDGE('',*,*,#515,.F.);
#515 = EDGE_CURVE('',#516,#518,#520,.T.);
#516 = VERTEX_POINT('',#517);
#517 = CARTESIAN_POINT('',(2.4E+03,-81.2,200.));
#518 = VERTEX_POINT('',#519);
#519 = CARTESIAN_POINT('',(2.4E+03,-81.2,550.));
#520 = SURFACE_CURVE('',#521,(#525,#537),.PCURVE_S1.);
#521 = LINE('',#522,#523);
#522 = CARTESIAN_POINT('',(2.4E+03,-81.2,200.));
#523 = VECTOR('',#524,1.);
#524 = DIRECTION('',(0.,0.,1.));
#525 = PCURVE('',#526,#531);
#526 = PLANE('',#527);
#527 = AXIS2_PLACEMENT_3D('',#528,#529,#530);
#528 = CARTESIAN_POINT('',(2.4E+03,-81.2,200.));
#529 = DIRECTION('',(1.,0.,0.));
#530 = DIRECTION('',(0.,0.,1.));
#531 = DEFINITIONAL_REPRESENTATION('',(#532),#536);
#532 = LINE('',#533,#534);
#533 = CARTESIAN_POINT('',(0.,0.));
#534 = VECTOR('',#535,1.);
#535 = DIRECTION('',(1.,0.));
#536 = ( GEOMETRIC_REPRESENTATION_CONTEXT(2) 
PARAMETRIC_REPRESENTATION_CONTEXT() REPRESENTATION_CONTEXT('2D SPACE',''
  ) );
#537 = PCURVE('',#418,#538);
#538 = DEFINITIONAL_REPRESENTATION('',(#539),#543);
#539 = LINE('',#540,#541);
#540 = CARTESIAN_POINT('',(0.,2.4E+03));
#541 = VECTOR('',#542,1.);
#542 = DIRECTION('',(1.,0.));
#543 = ( GEOMETRIC_REPRESENTATION_CONTEXT(2) 
PARAMETRIC_REPRESENTATION_CONTEXT() REPRESENTATION_CONTEXT('2D SPACE',''
  ) );
#544 = ORIENTED_EDGE('',*,*,#545,.T.);
#545 = EDGE_CURVE('',#516,#546,#548,.T.);
#546 = VERTEX_POINT('',#547);
#547 = CARTESIAN_POINT('',(2.4E+03,-80.,200.));
#548 = SURFACE_CURVE('',#549,(#553,#560),.PCURVE_S1.);
#549 = LINE('',#550,#551);
#550 = CARTESIAN_POINT('',(2.4E+03,-81.2,200.));
#551 = VECTOR('',#552,1.);
#552 = DIRECTION('',(0.,1.,0.));
#553 = PCURVE('',#526,#554);
#554 = DEFINITIONAL_REPRESENTATION('',(#555),#559);
#555 = LINE('',#556,#557);
#556 = CARTESIAN_POINT('',(0.,0.));
#557 = VECTOR('',#558,1.);
#558 = DIRECTION('',(0.,-1.));
#559 = ( GEOMETRIC_REPRESENTATION_CONTEXT(2) 
PARAMETRIC_REPRESENTATION_CONTEXT() REPRESENTATION_CONTEXT('2D SPACE',''
  ) );
#560 = PCURVE('',#446,#561);
#561 = DEFINITIONAL_REPRESENTATION('',(#562),#566);
#562 = LINE('',#563,#564);
#563 = CARTESIAN_POINT('',(2.4E+03,0.));
#564 = VECTOR('',#565,1.);
#565 = DIRECTION('',(0.,1.));
#566 = ( GEOMETRIC_REPRESENTATION_CONTEXT(2) 
PARAMETRIC_REPRESENTATION_CONTEXT() REPRESENTATION_CONTEXT('2D SPACE',''
  ) );
#567 = ORIENTED_EDGE('',*,*,#568,.T.);
#568 = EDGE_CURVE('',#546,#569,#571,.T.);
#569 = VERTEX_POINT('',#570);
#570 = CARTESIAN_POINT('',(2.4E+03,-80.,550.));
#571 = SURFACE_CURVE('',#572,(#576,#583),.PCURVE_S1.);
#572 = LINE('',#573,#574);
#573 = CARTESIAN_POINT('',(2.4E+03,-80.,200.));
#574 = VECTOR('',#575,1.);
#575 = DIRECTION('',(0.,0.,1.));
#576 = PCURVE('',#526,#577);
#577 = DEFINITIONAL_REPRESENTATION('',(#578),#582);
#578 = LINE('',#579,#580);
#579 = CARTESIAN_POINT('',(0.,-1.2));
#580 = VECTOR('',#581,1.);
#581 = DIRECTION('',(1.,0.));
#582 = ( GEOMETRIC_REPRESENTATION_CONTEXT(2) 
PARAMETRIC_REPRESENTATION_CONTEXT() REPRESENTATION_CONTEXT('2D SPACE',''
  ) );
#583 = PCURVE('',#474,#584);
#584 = DEFINITIONAL_REPRESENTATION('',(#585),#589);
#585 = LINE('',#586,#587);
#586 = CARTESIAN_POINT('',(0.,2.4E+03));
#587 = VECTOR('',#588,1.);
#588 = DIRECTION('',(1.,0.));
#589 = ( GEOMETRIC_REPRESENTATION_CONTEXT(2) 
PARAMETRIC_REPRESENTATION_CONTEXT() REPRESENTATION_CONTEXT('2D SPACE',''
  ) );
#590 = ORIENTED_EDGE('',*,*,#591,.F.);
#591 = EDGE_CURVE('',#518,#569,#592,.T.);
#592 = SURFACE_CURVE('',#593,(#597,#604),.PCURVE_S1.);
#593 = LINE('',#594,#595);
#594 = CARTESIAN_POINT('',(2.4E+03,-81.2,550.));
#595 = VECTOR('',#596,1.);
#596 = DIRECTION('',(0.,1.,0.));
#597 = PCURVE('',#526,#598);
#598 = DEFINITIONAL_REPRESENTATION('',(#599),#603);
#599 = LINE('',#600,#601);
#600 = CARTESIAN_POINT('',(350.,0.));
#601 = VECTOR('',#602,1.);
#602 = DIRECTION('',(0.,-1.));
#603 = ( GEOMETRIC_REPRESENTATION_CONTEXT(2) 
PARAMETRIC_REPRESENTATION_CONTEXT() REPRESENTATION_CONTEXT('2D SPACE',''
  ) );
#604 = PCURVE('',#500,#605);
#605 = DEFINITIONAL_REPRESENTATION('',(#606),#610);
#606 = LINE('',#607,#608);
#607 = CARTESIAN_POINT('',(2.4E+03,0.));
#608 = VECTOR('',#609,1.);
#609 = DIRECTION('',(0.,1.));
#610 = ( GEOMETRIC_REPRESENTATION_CONTEXT(2) 
PARAMETRIC_REPRESENTATION_CONTEXT() REPRESENTATION_CONTEXT('2D SPACE',''
  ) );
#611 = ADVANCED_FACE('',(#612),#418,.F.);
#612 = FACE_BOUND('',#613,.F.);
#613 = EDGE_LOOP('',(#614,#635,#636,#657));
#614 = ORIENTED_EDGE('',*,*,#615,.F.);
#615 = EDGE_CURVE('',#396,#516,#616,.T.);
#616 = SURFACE_CURVE('',#617,(#621,#628),.PCURVE_S1.);
#617 = LINE('',#618,#619);
#618 = CARTESIAN_POINT('',(0.,-81.2,200.));
#619 = VECTOR('',#620,1.);
#620 = DIRECTION('',(1.,0.,0.));
#621 = PCURVE('',#418,#622);
#622 = DEFINITIONAL_REPRESENTATION('',(#623),#627);
#623 = LINE('',#624,#625);
#624 = CARTESIAN_POINT('',(0.,0.));
#625 = VECTOR('',#626,1.);
#626 = DIRECTION('',(0.,1.));
#627 = ( GEOMETRIC_REPRESENTATION_CONTEXT(2) 
PARAMETRIC_REPRESENTATION_CONTEXT() REPRESENTATION_CONTEXT('2D SPACE',''
  ) );
#628 = PCURVE('',#446,#629);
#629 = DEFINITIONAL_REPRESENTATION('',(#630),#634);
#630 = LINE('',#631,#632);
#631 = CARTESIAN_POINT('',(0.,0.));
#632 = VECTOR('',#633,1.);
#633 = DIRECTION('',(1.,0.));
#634 = ( GEOMETRIC_REPRESENTATION_CONTEXT(2) 
PARAMETRIC_REPRESENTATION_CONTEXT() REPRESENTATION_CONTEXT('2D SPACE',''
  ) );
#635 = ORIENTED_EDGE('',*,*,#395,.T.);
#636 = ORIENTED_EDGE('',*,*,#637,.T.);
#637 = EDGE_CURVE('',#398,#518,#638,.T.);
#638 = SURFACE_CURVE('',#639,(#643,#650),.PCURVE_S1.);
#639 = LINE('',#640,#641);
#640 = CARTESIAN_POINT('',(0.,-81.2,550.));
#641 = VECTOR('',#642,1.);
#642 = DIRECTION('',(1.,0.,0.));
#643 = PCURVE('',#418,#644);
#644 = DEFINITIONAL_REPRESENTATION('',(#645),#649);
#645 = LINE('',#646,#647);
#646 = CARTESIAN_POINT('',(350.,0.));
#647 = VECTOR('',#648,1.);
#648 = DIRECTION('',(0.,1.));
#649 = ( GEOMETRIC_REPRESENTATION_CONTEXT(2) 
PARAMETRIC_REPRESENTATION_CONTEXT() REPRESENTATION_CONTEXT('2D SPACE',''
  ) );
#650 = PCURVE('',#500,#651);
#651 = DEFINITIONAL_REPRESENTATION('',(#652),#656);
#652 = LINE('',#653,#654);
#653 = CARTESIAN_POINT('',(0.,0.));
#654 = VECTOR('',#655,1.);
#655 = DIRECTION('',(1.,0.));
#656 = ( GEOMETRIC_REPRESENTATION_CONTEXT(2) 
PARAMETRIC_REPRESENTATION_CONTEXT() REPRESENTATION_CONTEXT('2D SPACE',''
  ) );
#657 = ORIENTED_EDGE('',*,*,#515,.F.);
#658 = ADVANCED_FACE('',(#659),#474,.T.);
#659 = FACE_BOUND('',#660,.T.);
#660 = EDGE_LOOP('',(#661,#682,#683,#704));
#661 = ORIENTED_EDGE('',*,*,#662,.F.);
#662 = EDGE_CURVE('',#431,#546,#663,.T.);
#663 = SURFACE_CURVE('',#664,(#668,#675),.PCURVE_S1.);
#664 = LINE('',#665,#666);
#665 = CARTESIAN_POINT('',(0.,-80.,200.));
#666 = VECTOR('',#667,1.);
#667 = DIRECTION('',(1.,0.,0.));
#668 = PCURVE('',#474,#669);
#669 = DEFINITIONAL_REPRESENTATION('',(#670),#674);
#670 = LINE('',#671,#672);
#671 = CARTESIAN_POINT('',(0.,0.));
#672 = VECTOR('',#673,1.);
#673 = DIRECTION('',(0.,1.));
#674 = ( GEOMETRIC_REPRESENTATION_CONTEXT(2) 
PARAMETRIC_REPRESENTATION_CONTEXT() REPRESENTATION_CONTEXT('2D SPACE',''
  ) );
#675 = PCURVE('',#446,#676);
#676 = DEFINITIONAL_REPRESENTATION('',(#677),#681);
#677 = LINE('',#678,#679);
#678 = CARTESIAN_POINT('',(0.,1.2));
#679 = VECTOR('',#680,1.);
#680 = DIRECTION('',(1.,0.));
#681 = ( GEOMETRIC_REPRESENTATION_CONTEXT(2) 
PARAMETRIC_REPRESENTATION_CONTEXT() REPRESENTATION_CONTEXT('2D SPACE',''
  ) );
#682 = ORIENTED_EDGE('',*,*,#458,.T.);
#683 = ORIENTED_EDGE('',*,*,#684,.T.);
#684 = EDGE_CURVE('',#459,#569,#685,.T.);
#685 = SURFACE_CURVE('',#686,(#690,#697),.PCURVE_S1.);
#686 = LINE('',#687,#688);
#687 = CARTESIAN_POINT('',(0.,-80.,550.));
#688 = VECTOR('',#689,1.);
#689 = DIRECTION('',(1.,0.,0.));
#690 = PCURVE('',#474,#691);
#691 = DEFINITIONAL_REPRESENTATION('',(#692),#696);
#692 = LINE('',#693,#694);
#693 = CARTESIAN_POINT('',(350.,0.));
#694 = VECTOR('',#695,1.);
#695 = DIRECTION('',(0.,1.));
#696 = ( GEOMETRIC_REPRESENTATION_CONTEXT(2) 
PARAMETRIC_REPRESENTATION_CONTEXT() REPRESENTATION_CONTEXT('2D SPACE',''
  ) );
#697 = PCURVE('',#500,#698);
#698 = DEFINITIONAL_REPRESENTATION('',(#699),#703);
#699 = LINE('',#700,#701);
#700 = CARTESIAN_POINT('',(0.,1.2));
#701 = VECTOR('',#702,1.);
#702 = DIRECTION('',(1.,0.));
#703 = ( GEOMETRIC_REPRESENTATION_CONTEXT(2) 
PARAMETRIC_REPRESENTATION_CONTEXT() REPRESENTATION_CONTEXT('2D SPACE',''
  ) );
#704 = ORIENTED_EDGE('',*,*,#568,.F.);
#705 = ADVANCED_FACE('',(#706),#446,.F.);
#706 = FACE_BOUND('',#707,.F.);
#707 = EDGE_LOOP('',(#708,#709,#710,#711));
#708 = ORIENTED_EDGE('',*,*,#430,.F.);
#709 = ORIENTED_EDGE('',*,*,#615,.T.);
#710 = ORIENTED_EDGE('',*,*,#545,.T.);
#711 = ORIENTED_EDGE('',*,*,#662,.F.);
#712 = ADVANCED_FACE('',(#713),#500,.T.);
#713 = FACE_BOUND('',#714,.T.);
#714 = EDGE_LOOP('',(#715,#716,#717,#718));
#715 = ORIENTED_EDGE('',*,*,#486,.F.);
#716 = ORIENTED_EDGE('',*,*,#637,.T.);
#717 = ORIENTED_EDGE('',*,*,#591,.T.);
#718 = ORIENTED_EDGE('',*,*,#684,.F.);
#719 = ( GEOMETRIC_REPRESENTATION_CONTEXT(3) 
GLOBAL_UNCERTAINTY_ASSIGNED_CONTEXT((#723)) GLOBAL_UNIT_ASSIGNED_CONTEXT
((#720,#721,#722)) REPRESENTATION_CONTEXT('Context #1',
  '3D Context with UNIT and UNCERTAINTY') );
#720 = ( LENGTH_UNIT() NAMED_UNIT(*) SI_UNIT(.MILLI.,.METRE.) );
#721 = ( NAMED_UNIT(*) PLANE_ANGLE_UNIT() SI_UNIT($,.RADIAN.) );
#722 = ( NAMED_UNIT(*) SI_UNIT($,.STERADIAN.) SOLID_ANGLE_UNIT() );
#723 = UNCERTAINTY_MEASURE_WITH_UNIT(LENGTH_MEASURE(1.E-07),#720,
  'distance_accuracy_value','confusion accuracy');
#724 = CONTEXT_DEPENDENT_SHAPE_REPRESENTATION(#725,#727);
#725 = ( REPRESENTATION_RELATIONSHIP('','',#388,#10) 
REPRESENTATION_RELATIONSHIP_WITH_TRANSFORMATION(#726) 
SHAPE_REPRESENTATION_RELATIONSHIP() );
#726 = ITEM_DEFINED_TRANSFORMATION('','',#11,#15);
#727 = PRODUCT_DEFINITION_SHAPE('Placement','Placement of an item',#728
  );
#728 = NEXT_ASSEMBLY_USAGE_OCCURRENCE('91','SILL_OUTER','',#5,#383,$);
#729 = PRODUCT_RELATED_PRODUCT_CATEGORY('part',$,(#385));
#730 = SHAPE_DEFINITION_REPRESENTATION(#731,#737);
#731 = PRODUCT_DEFINITION_SHAPE('','',#732);
#732 = PRODUCT_DEFINITION('design','',#733,#736);
#733 = PRODUCT_DEFINITION_FORMATION('','',#734);
#734 = PRODUCT('SILL_INNER','SILL_INNER','',(#735));
#735 = PRODUCT_CONTEXT('',#2,'mechanical');
#736 = PRODUCT_DEFINITION_CONTEXT('part definition',#2,'design');
#737 = ADVANCED_BREP_SHAPE_REPRESENTATION('',(#11,#738),#1068);
#738 = MANIFOLD_SOLID_BREP('',#739);
#739 = CLOSED_SHELL('',(#740,#860,#960,#1007,#1054,#1061));
#740 = ADVANCED_FACE('',(#741),#755,.F.);
#741 = FACE_BOUND('',#742,.F.);
#742 = EDGE_LOOP('',(#743,#778,#806,#834));
#743 = ORIENTED_EDGE('',*,*,#744,.F.);
#744 = EDGE_CURVE('',#745,#747,#749,.T.);
#745 = VERTEX_POINT('',#746);
#746 = CARTESIAN_POINT('',(0.,80.,200.));
#747 = VERTEX_POINT('',#748);
#748 = CARTESIAN_POINT('',(0.,80.,550.));
#749 = SURFACE_CURVE('',#750,(#754,#766),.PCURVE_S1.);
#750 = LINE('',#751,#752);
#751 = CARTESIAN_POINT('',(0.,80.,200.));
#752 = VECTOR('',#753,1.);
#753 = DIRECTION('',(0.,0.,1.));
#754 = PCURVE('',#755,#760);
#755 = PLANE('',#756);
#756 = AXIS2_PLACEMENT_3D('',#757,#758,#759);
#757 = CARTESIAN_POINT('',(0.,80.,200.));
#758 = DIRECTION('',(1.,0.,0.));
#759 = DIRECTION('',(0.,0.,1.));
#760 = DEFINITIONAL_REPRESENTATION('',(#761),#765);
#761 = LINE('',#762,#763);
#762 = CARTESIAN_POINT('',(0.,0.));
#763 = VECTOR('',#764,1.);
#764 = DIRECTION('',(1.,0.));
#765 = ( GEOMETRIC_REPRESENTATION_CONTEXT(2) 
PARAMETRIC_REPRESENTATION_CONTEXT() REPRESENTATION_CONTEXT('2D SPACE',''
  ) );
#766 = PCURVE('',#767,#772);
#767 = PLANE('',#768);
#768 = AXIS2_PLACEMENT_3D('',#769,#770,#771);
#769 = CARTESIAN_POINT('',(0.,80.,200.));
#770 = DIRECTION('',(0.,1.,0.));
#771 = DIRECTION('',(0.,0.,1.));
#772 = DEFINITIONAL_REPRESENTATION('',(#773),#777);
#773 = LINE('',#774,#775);
#774 = CARTESIAN_POINT('',(0.,0.));
#775 = VECTOR('',#776,1.);
#776 = DIRECTION('',(1.,0.));
#777 = ( GEOMETRIC_REPRESENTATION_CONTEXT(2) 
PARAMETRIC_REPRESENTATION_CONTEXT() REPRESENTATION_CONTEXT('2D SPACE',''
  ) );
#778 = ORIENTED_EDGE('',*,*,#779,.T.);
#779 = EDGE_CURVE('',#745,#780,#782,.T.);
#780 = VERTEX_POINT('',#781);
#781 = CARTESIAN_POINT('',(0.,81.2,200.));
#782 = SURFACE_CURVE('',#783,(#787,#794),.PCURVE_S1.);
#783 = LINE('',#784,#785);
#784 = CARTESIAN_POINT('',(0.,80.,200.));
#785 = VECTOR('',#786,1.);
#786 = DIRECTION('',(0.,1.,0.));
#787 = PCURVE('',#755,#788);
#788 = DEFINITIONAL_REPRESENTATION('',(#789),#793);
#789 = LINE('',#790,#791);
#790 = CARTESIAN_POINT('',(0.,0.));
#791 = VECTOR('',#792,1.);
#792 = DIRECTION('',(0.,-1.));
#793 = ( GEOMETRIC_REPRESENTATION_CONTEXT(2) 
PARAMETRIC_REPRESENTATION_CONTEXT() REPRESENTATION_CONTEXT('2D SPACE',''
  ) );
#794 = PCURVE('',#795,#800);
#795 = PLANE('',#796);
#796 = AXIS2_PLACEMENT_3D('',#797,#798,#799);
#797 = CARTESIAN_POINT('',(0.,80.,200.));
#798 = DIRECTION('',(0.,0.,1.));
#799 = DIRECTION('',(1.,0.,0.));
#800 = DEFINITIONAL_REPRESENTATION('',(#801),#805);
#801 = LINE('',#802,#803);
#802 = CARTESIAN_POINT('',(0.,0.));
#803 = VECTOR('',#804,1.);
#804 = DIRECTION('',(0.,1.));
#805 = ( GEOMETRIC_REPRESENTATION_CONTEXT(2) 
PARAMETRIC_REPRESENTATION_CONTEXT() REPRESENTATION_CONTEXT('2D SPACE',''
  ) );
#806 = ORIENTED_EDGE('',*,*,#807,.T.);
#807 = EDGE_CURVE('',#780,#808,#810,.T.);
#808 = VERTEX_POINT('',#809);
#809 = CARTESIAN_POINT('',(0.,81.2,550.));
#810 = SURFACE_CURVE('',#811,(#815,#822),.PCURVE_S1.);
#811 = LINE('',#812,#813);
#812 = CARTESIAN_POINT('',(0.,81.2,200.));
#813 = VECTOR('',#814,1.);
#814 = DIRECTION('',(0.,0.,1.));
#815 = PCURVE('',#755,#816);
#816 = DEFINITIONAL_REPRESENTATION('',(#817),#821);
#817 = LINE('',#818,#819);
#818 = CARTESIAN_POINT('',(0.,-1.2));
#819 = VECTOR('',#820,1.);
#820 = DIRECTION('',(1.,0.));
#821 = ( GEOMETRIC_REPRESENTATION_CONTEXT(2) 
PARAMETRIC_REPRESENTATION_CONTEXT() REPRESENTATION_CONTEXT('2D SPACE',''
  ) );
#822 = PCURVE('',#823,#828);
#823 = PLANE('',#824);
#824 = AXIS2_PLACEMENT_3D('',#825,#826,#827);
#825 = CARTESIAN_POINT('',(0.,81.2,200.));
#826 = DIRECTION('',(0.,1.,0.));
#827 = DIRECTION('',(0.,0.,1.));
#828 = DEFINITIONAL_REPRESENTATION('',(#829),#833);
#829 = LINE('',#830,#831);
#830 = CARTESIAN_POINT('',(0.,0.));
#831 = VECTOR('',#832,1.);
#832 = DIRECTION('',(1.,0.));
#833 = ( GEOMETRIC_REPRESENTATION_CONTEXT(2) 
PARAMETRIC_REPRESENTATION_CONTEXT() REPRESENTATION_CONTEXT('2D SPACE',''
  ) );
#834 = ORIENTED_EDGE('',*,*,#835,.F.);
#835 = EDGE_CURVE('',#747,#808,#836,.T.);
#836 = SURFACE_CURVE('',#837,(#841,#848),.PCURVE_S1.);
#837 = LINE('',#838,#839);
#838 = CARTESIAN_POINT('',(0.,80.,550.));
#839 = VECTOR('',#840,1.);
#840 = DIRECTION('',(0.,1.,0.));
#841 = PCURVE('',#755,#842);
#842 = DEFINITIONAL_REPRESENTATION('',(#843),#847);
#843 = LINE('',#844,#845);
#844 = CARTESIAN_POINT('',(350.,0.));
#845 = VECTOR('',#846,1.);
#846 = DIRECTION('',(0.,-1.));
#847 = ( GEOMETRIC_REPRESENTATION_CONTEXT(2) 
PARAMETRIC_REPRESENTATION_CONTEXT() REPRESENTATION_CONTEXT('2D SPACE',''
  ) );
#848 = PCURVE('',#849,#854);
#849 = PLANE('',#850);
#850 = AXIS2_PLACEMENT_3D('',#851,#852,#853);
#851 = CARTESIAN_POINT('',(0.,80.,550.));
#852 = DIRECTION('',(0.,0.,1.));
#853 = DIRECTION('',(1.,0.,0.));
#854 = DEFINITIONAL_REPRESENTATION('',(#855),#859);
#855 = LINE('',#856,#857);
#856 = CARTESIAN_POINT('',(0.,0.));
#857 = VECTOR('',#858,1.);
#858 = DIRECTION('',(0.,1.));
#859 = ( GEOMETRIC_REPRESENTATION_CONTEXT(2) 
PARAMETRIC_REPRESENTATION_CONTEXT() REPRESENTATION_CONTEXT('2D SPACE',''
  ) );
#860 = ADVANCED_FACE('',(#861),#875,.T.);
#861 = FACE_BOUND('',#862,.T.);
#862 = EDGE_LOOP('',(#863,#893,#916,#939));
#863 = ORIENTED_EDGE('',*,*,#864,.F.);
#864 = EDGE_CURVE('',#865,#867,#869,.T.);
#865 = VERTEX_POINT('',#866);
#866 = CARTESIAN_POINT('',(2.4E+03,80.,200.));
#867 = VERTEX_POINT('',#868);
#868 = CARTESIAN_POINT('',(2.4E+03,80.,550.));
#869 = SURFACE_CURVE('',#870,(#874,#886),.PCURVE_S1.);
#870 = LINE('',#871,#872);
#871 = CARTESIAN_POINT('',(2.4E+03,80.,200.));
#872 = VECTOR('',#873,1.);
#873 = DIRECTION('',(0.,0.,1.));
#874 = PCURVE('',#875,#880);
#875 = PLANE('',#876);
#876 = AXIS2_PLACEMENT_3D('',#877,#878,#879);
#877 = CARTESIAN_POINT('',(2.4E+03,80.,200.));
#878 = DIRECTION('',(1.,0.,0.));
#879 = DIRECTION('',(0.,0.,1.));
#880 = DEFINITIONAL_REPRESENTATION('',(#881),#885);
#881 = LINE('',#882,#883);
#882 = CARTESIAN_POINT('',(0.,0.));
#883 = VECTOR('',#884,1.);
#884 = DIRECTION('',(1.,0.));
#885 = ( GEOMETRIC_REPRESENTATION_CONTEXT(2) 
PARAMETRIC_REPRESENTATION_CONTEXT() REPRESENTATION_CONTEXT('2D SPACE',''
  ) );
#886 = PCURVE('',#767,#887);
#887 = DEFINITIONAL_REPRESENTATION('',(#888),#892);
#888 = LINE('',#889,#890);
#889 = CARTESIAN_POINT('',(0.,2.4E+03));
#890 = VECTOR('',#891,1.);
#891 = DIRECTION('',(1.,0.));
#892 = ( GEOMETRIC_REPRESENTATION_CONTEXT(2) 
PARAMETRIC_REPRESENTATION_CONTEXT() REPRESENTATION_CONTEXT('2D SPACE',''
  ) );
#893 = ORIENTED_EDGE('',*,*,#894,.T.);
#894 = EDGE_CURVE('',#865,#895,#897,.T.);
#895 = VERTEX_POINT('',#896);
#896 = CARTESIAN_POINT('',(2.4E+03,81.2,200.));
#897 = SURFACE_CURVE('',#898,(#902,#909),.PCURVE_S1.);
#898 = LINE('',#899,#900);
#899 = CARTESIAN_POINT('',(2.4E+03,80.,200.));
#900 = VECTOR('',#901,1.);
#901 = DIRECTION('',(0.,1.,0.));
#902 = PCURVE('',#875,#903);
#903 = DEFINITIONAL_REPRESENTATION('',(#904),#908);
#904 = LINE('',#905,#906);
#905 = CARTESIAN_POINT('',(0.,0.));
#906 = VECTOR('',#907,1.);
#907 = DIRECTION('',(0.,-1.));
#908 = ( GEOMETRIC_REPRESENTATION_CONTEXT(2) 
PARAMETRIC_REPRESENTATION_CONTEXT() REPRESENTATION_CONTEXT('2D SPACE',''
  ) );
#909 = PCURVE('',#795,#910);
#910 = DEFINITIONAL_REPRESENTATION('',(#911),#915);
#911 = LINE('',#912,#913);
#912 = CARTESIAN_POINT('',(2.4E+03,0.));
#913 = VECTOR('',#914,1.);
#914 = DIRECTION('',(0.,1.));
#915 = ( GEOMETRIC_REPRESENTATION_CONTEXT(2) 
PARAMETRIC_REPRESENTATION_CONTEXT() REPRESENTATION_CONTEXT('2D SPACE',''
  ) );
#916 = ORIENTED_EDGE('',*,*,#917,.T.);
#917 = EDGE_CURVE('',#895,#918,#920,.T.);
#918 = VERTEX_POINT('',#919);
#919 = CARTESIAN_POINT('',(2.4E+03,81.2,550.));
#920 = SURFACE_CURVE('',#921,(#925,#932),.PCURVE_S1.);
#921 = LINE('',#922,#923);
#922 = CARTESIAN_POINT('',(2.4E+03,81.2,200.));
#923 = VECTOR('',#924,1.);
#924 = DIRECTION('',(0.,0.,1.));
#925 = PCURVE('',#875,#926);
#926 = DEFINITIONAL_REPRESENTATION('',(#927),#931);
#927 = LINE('',#928,#929);
#928 = CARTESIAN_POINT('',(0.,-1.2));
#929 = VECTOR('',#930,1.);
#930 = DIRECTION('',(1.,0.));
#931 = ( GEOMETRIC_REPRESENTATION_CONTEXT(2) 
PARAMETRIC_REPRESENTATION_CONTEXT() REPRESENTATION_CONTEXT('2D SPACE',''
  ) );
#932 = PCURVE('',#823,#933);
#933 = DEFINITIONAL_REPRESENTATION('',(#934),#938);
#934 = LINE('',#935,#936);
#935 = CARTESIAN_POINT('',(0.,2.4E+03));
#936 = VECTOR('',#937,1.);
#937 = DIRECTION('',(1.,0.));
#938 = ( GEOMETRIC_REPRESENTATION_CONTEXT(2) 
PARAMETRIC_REPRESENTATION_CONTEXT() REPRESENTATION_CONTEXT('2D SPACE',''
  ) );
#939 = ORIENTED_EDGE('',*,*,#940,.F.);
#940 = EDGE_CURVE('',#867,#918,#941,.T.);
#941 = SURFACE_CURVE('',#942,(#946,#953),.PCURVE_S1.);
#942 = LINE('',#943,#944);
#943 = CARTESIAN_POINT('',(2.4E+03,80.,550.));
#944 = VECTOR('',#945,1.);
#945 = DIRECTION('',(0.,1.,0.));
#946 = PCURVE('',#875,#947);
#947 = DEFINITIONAL_REPRESENTATION('',(#948),#952);
#948 = LINE('',#949,#950);
#949 = CARTESIAN_POINT('',(350.,0.));
#950 = VECTOR('',#951,1.);
#951 = DIRECTION('',(0.,-1.));
#952 = ( GEOMETRIC_REPRESENTATION_CONTEXT(2) 
PARAMETRIC_REPRESENTATION_CONTEXT() REPRESENTATION_CONTEXT('2D SPACE',''
  ) );
#953 = PCURVE('',#849,#954);
#954 = DEFINITIONAL_REPRESENTATION('',(#955),#959);
#955 = LINE('',#956,#957);
#956 = CARTESIAN_POINT('',(2.4E+03,0.));
#957 = VECTOR('',#958,1.);
#958 = DIRECTION('',(0.,1.));
#959 = ( GEOMETRIC_REPRESENTATION_CONTEXT(2) 
PARAMETRIC_REPRESENTATION_CONTEXT() REPRESENTATION_CONTEXT('2D SPACE',''
  ) );
#960 = ADVANCED_FACE('',(#961),#767,.F.);
#961 = FACE_BOUND('',#962,.F.);
#962 = EDGE_LOOP('',(#963,#984,#985,#1006));
#963 = ORIENTED_EDGE('',*,*,#964,.F.);
#964 = EDGE_CURVE('',#745,#865,#965,.T.);
#965 = SURFACE_CURVE('',#966,(#970,#977),.PCURVE_S1.);
#966 = LINE('',#967,#968);
#967 = CARTESIAN_POINT('',(0.,80.,200.));
#968 = VECTOR('',#969,1.);
#969 = DIRECTION('',(1.,0.,0.));
#970 = PCURVE('',#767,#971);
#971 = DEFINITIONAL_REPRESENTATION('',(#972),#976);
#972 = LINE('',#973,#974);
#973 = CARTESIAN_POINT('',(0.,0.));
#974 = VECTOR('',#975,1.);
#975 = DIRECTION('',(0.,1.));
#976 = ( GEOMETRIC_REPRESENTATION_CONTEXT(2) 
PARAMETRIC_REPRESENTATION_CONTEXT() REPRESENTATION_CONTEXT('2D SPACE',''
  ) );
#977 = PCURVE('',#795,#978);
#978 = DEFINITIONAL_REPRESENTATION('',(#979),#983);
#979 = LINE('',#980,#981);
#980 = CARTESIAN_POINT('',(0.,0.));
#981 = VECTOR('',#982,1.);
#982 = DIRECTION('',(1.,0.));
#983 = ( GEOMETRIC_REPRESENTATION_CONTEXT(2) 
PARAMETRIC_REPRESENTATION_CONTEXT() REPRESENTATION_CONTEXT('2D SPACE',''
  ) );
#984 = ORIENTED_EDGE('',*,*,#744,.T.);
#985 = ORIENTED_EDGE('',*,*,#986,.T.);
#986 = EDGE_CURVE('',#747,#867,#987,.T.);
#987 = SURFACE_CURVE('',#988,(#992,#999),.PCURVE_S1.);
#988 = LINE('',#989,#990);
#989 = CARTESIAN_POINT('',(0.,80.,550.));
#990 = VECTOR('',#991,1.);
#991 = DIRECTION('',(1.,0.,0.));
#992 = PCURVE('',#767,#993);
#993 = DEFINITIONAL_REPRESENTATION('',(#994),#998);
#994 = LINE('',#995,#996);
#995 = CARTESIAN_POINT('',(350.,0.));
#996 = VECTOR('',#997,1.);
#997 = DIRECTION('',(0.,1.));
#998 = ( GEOMETRIC_REPRESENTATION_CONTEXT(2) 
PARAMETRIC_REPRESENTATION_CONTEXT() REPRESENTATION_CONTEXT('2D SPACE',''
  ) );
#999 = PCURVE('',#849,#1000);
#1000 = DEFINITIONAL_REPRESENTATION('',(#1001),#1005);
#1001 = LINE('',#1002,#1003);
#1002 = CARTESIAN_POINT('',(0.,0.));
#1003 = VECTOR('',#1004,1.);
#1004 = DIRECTION('',(1.,0.));
#1005 = ( GEOMETRIC_REPRESENTATION_CONTEXT(2) 
PARAMETRIC_REPRESENTATION_CONTEXT() REPRESENTATION_CONTEXT('2D SPACE',''
  ) );
#1006 = ORIENTED_EDGE('',*,*,#864,.F.);
#1007 = ADVANCED_FACE('',(#1008),#823,.T.);
#1008 = FACE_BOUND('',#1009,.T.);
#1009 = EDGE_LOOP('',(#1010,#1031,#1032,#1053));
#1010 = ORIENTED_EDGE('',*,*,#1011,.F.);
#1011 = EDGE_CURVE('',#780,#895,#1012,.T.);
#1012 = SURFACE_CURVE('',#1013,(#1017,#1024),.PCURVE_S1.);
#1013 = LINE('',#1014,#1015);
#1014 = CARTESIAN_POINT('',(0.,81.2,200.));
#1015 = VECTOR('',#1016,1.);
#1016 = DIRECTION('',(1.,0.,0.));
#1017 = PCURVE('',#823,#1018);
#1018 = DEFINITIONAL_REPRESENTATION('',(#1019),#1023);
#1019 = LINE('',#1020,#1021);
#1020 = CARTESIAN_POINT('',(0.,0.));
#1021 = VECTOR('',#1022,1.);
#1022 = DIRECTION('',(0.,1.));
#1023 = ( GEOMETRIC_REPRESENTATION_CONTEXT(2) 
PARAMETRIC_REPRESENTATION_CONTEXT() REPRESENTATION_CONTEXT('2D SPACE',''
  ) );
#1024 = PCURVE('',#795,#1025);
#1025 = DEFINITIONAL_REPRESENTATION('',(#1026),#1030);
#1026 = LINE('',#1027,#1028);
#1027 = CARTESIAN_POINT('',(0.,1.2));
#1028 = VECTOR('',#1029,1.);
#1029 = DIRECTION('',(1.,0.));
#1030 = ( GEOMETRIC_REPRESENTATION_CONTEXT(2) 
PARAMETRIC_REPRESENTATION_CONTEXT() REPRESENTATION_CONTEXT('2D SPACE',''
  ) );
#1031 = ORIENTED_EDGE('',*,*,#807,.T.);
#1032 = ORIENTED_EDGE('',*,*,#1033,.T.);
#1033 = EDGE_CURVE('',#808,#918,#1034,.T.);
#1034 = SURFACE_CURVE('',#1035,(#1039,#1046),.PCURVE_S1.);
#1035 = LINE('',#1036,#1037);
#1036 = CARTESIAN_POINT('',(0.,81.2,550.));
#1037 = VECTOR('',#1038,1.);
#1038 = DIRECTION('',(1.,0.,0.));
#1039 = PCURVE('',#823,#1040);
#1040 = DEFINITIONAL_REPRESENTATION('',(#1041),#1045);
#1041 = LINE('',#1042,#1043);
#1042 = CARTESIAN_POINT('',(350.,0.));
#1043 = VECTOR('',#1044,1.);
#1044 = DIRECTION('',(0.,1.));
#1045 = ( GEOMETRIC_REPRESENTATION_CONTEXT(2) 
PARAMETRIC_REPRESENTATION_CONTEXT() REPRESENTATION_CONTEXT('2D SPACE',''
  ) );
#1046 = PCURVE('',#849,#1047);
#1047 = DEFINITIONAL_REPRESENTATION('',(#1048),#1052);
#1048 = LINE('',#1049,#1050);
#1049 = CARTESIAN_POINT('',(0.,1.2));
#1050 = VECTOR('',#1051,1.);
#1051 = DIRECTION('',(1.,0.));
#1052 = ( GEOMETRIC_REPRESENTATION_CONTEXT(2) 
PARAMETRIC_REPRESENTATION_CONTEXT() REPRESENTATION_CONTEXT('2D SPACE',''
  ) );
#1053 = ORIENTED_EDGE('',*,*,#917,.F.);
#1054 = ADVANCED_FACE('',(#1055),#795,.F.);
#1055 = FACE_BOUND('',#1056,.F.);
#1056 = EDGE_LOOP('',(#1057,#1058,#1059,#1060));
#1057 = ORIENTED_EDGE('',*,*,#779,.F.);
#1058 = ORIENTED_EDGE('',*,*,#964,.T.);
#1059 = ORIENTED_EDGE('',*,*,#894,.T.);
#1060 = ORIENTED_EDGE('',*,*,#1011,.F.);
#1061 = ADVANCED_FACE('',(#1062),#849,.T.);
#1062 = FACE_BOUND('',#1063,.T.);
#1063 = EDGE_LOOP('',(#1064,#1065,#1066,#1067));
#1064 = ORIENTED_EDGE('',*,*,#835,.F.);
#1065 = ORIENTED_EDGE('',*,*,#986,.T.);
#1066 = ORIENTED_EDGE('',*,*,#940,.T.);
#1067 = ORIENTED_EDGE('',*,*,#1033,.F.);
#1068 = ( GEOMETRIC_REPRESENTATION_CONTEXT(3) 
GLOBAL_UNCERTAINTY_ASSIGNED_CONTEXT((#1072)) 
GLOBAL_UNIT_ASSIGNED_CONTEXT((#1069,#1070,#1071)) REPRESENTATION_CONTEXT
('Context #1','3D Context with UNIT and UNCERTAINTY') );
#1069 = ( LENGTH_UNIT() NAMED_UNIT(*) SI_UNIT(.MILLI.,.METRE.) );
#1070 = ( NAMED_UNIT(*) PLANE_ANGLE_UNIT() SI_UNIT($,.RADIAN.) );
#1071 = ( NAMED_UNIT(*) SI_UNIT($,.STERADIAN.) SOLID_ANGLE_UNIT() );
#1072 = UNCERTAINTY_MEASURE_WITH_UNIT(LENGTH_MEASURE(1.E-07),#1069,
  'distance_accuracy_value','confusion accuracy');
#1073 = CONTEXT_DEPENDENT_SHAPE_REPRESENTATION(#1074,#1076);
#1074 = ( REPRESENTATION_RELATIONSHIP('','',#737,#10) 
REPRESENTATION_RELATIONSHIP_WITH_TRANSFORMATION(#1075) 
SHAPE_REPRESENTATION_RELATIONSHIP() );
#1075 = ITEM_DEFINED_TRANSFORMATION('','',#11,#19);
#1076 = PRODUCT_DEFINITION_SHAPE('Placement','Placement of an item',
  #1077);
#1077 = NEXT_ASSEMBLY_USAGE_OCCURRENCE('92','SILL_INNER','',#5,#732,$);
#1078 = PRODUCT_RELATED_PRODUCT_CATEGORY('part',$,(#734));
#1079 = SHAPE_DEFINITION_REPRESENTATION(#1080,#1086);
#1080 = PRODUCT_DEFINITION_SHAPE('','',#1081);
#1081 = PRODUCT_DEFINITION('design','',#1082,#1085);
#1082 = PRODUCT_DEFINITION_FORMATION('','',#1083);
#1083 = PRODUCT('SILL_TOP','SILL_TOP','',(#1084));
#1084 = PRODUCT_CONTEXT('',#2,'mechanical');
#1085 = PRODUCT_DEFINITION_CONTEXT('part definition',#2,'design');
#1086 = ADVANCED_BREP_SHAPE_REPRESENTATION('',(#11,#1087),#1417);
#1087 = MANIFOLD_SOLID_BREP('',#1088);
#1088 = CLOSED_SHELL('',(#1089,#1209,#1309,#1356,#1403,#1410));
#1089 = ADVANCED_FACE('',(#1090),#1104,.F.);
#1090 = FACE_BOUND('',#1091,.F.);
#1091 = EDGE_LOOP('',(#1092,#1127,#1155,#1183));
#1092 = ORIENTED_EDGE('',*,*,#1093,.F.);
#1093 = EDGE_CURVE('',#1094,#1096,#1098,.T.);
#1094 = VERTEX_POINT('',#1095);
#1095 = CARTESIAN_POINT('',(0.,-80.,548.8));
#1096 = VERTEX_POINT('',#1097);
#1097 = CARTESIAN_POINT('',(0.,-80.,550.));
#1098 = SURFACE_CURVE('',#1099,(#1103,#1115),.PCURVE_S1.);
#1099 = LINE('',#1100,#1101);
#1100 = CARTESIAN_POINT('',(0.,-80.,548.8));
#1101 = VECTOR('',#1102,1.);
#1102 = DIRECTION('',(0.,0.,1.));
#1103 = PCURVE('',#1104,#1109);
#1104 = PLANE('',#1105);
#1105 = AXIS2_PLACEMENT_3D('',#1106,#1107,#1108);
#1106 = CARTESIAN_POINT('',(0.,-80.,548.8));
#1107 = DIRECTION('',(1.,0.,0.));
#1108 = DIRECTION('',(0.,0.,1.));
#1109 = DEFINITIONAL_REPRESENTATION('',(#1110),#1114);
#1110 = LINE('',#1111,#1112);
#1111 = CARTESIAN_POINT('',(0.,0.));
#1112 = VECTOR('',#1113,1.);
#1113 = DIRECTION('',(1.,0.));
#1114 = ( GEOMETRIC_REPRESENTATION_CONTEXT(2) 
PARAMETRIC_REPRESENTATION_CONTEXT() REPRESENTATION_CONTEXT('2D SPACE',''
  ) );
#1115 = PCURVE('',#1116,#1121);
#1116 = PLANE('',#1117);
#1117 = AXIS2_PLACEMENT_3D('',#1118,#1119,#1120);
#1118 = CARTESIAN_POINT('',(0.,-80.,548.8));
#1119 = DIRECTION('',(0.,1.,0.));
#1120 = DIRECTION('',(0.,0.,1.));
#1121 = DEFINITIONAL_REPRESENTATION('',(#1122),#1126);
#1122 = LINE('',#1123,#1124);
#1123 = CARTESIAN_POINT('',(0.,0.));
#1124 = VECTOR('',#1125,1.);
#1125 = DIRECTION('',(1.,0.));
#1126 = ( GEOMETRIC_REPRESENTATION_CONTEXT(2) 
PARAMETRIC_REPRESENTATION_CONTEXT() REPRESENTATION_CONTEXT('2D SPACE',''
  ) );
#1127 = ORIENTED_EDGE('',*,*,#1128,.T.);
#1128 = EDGE_CURVE('',#1094,#1129,#1131,.T.);
#1129 = VERTEX_POINT('',#1130);
#1130 = CARTESIAN_POINT('',(0.,80.,548.8));
#1131 = SURFACE_CURVE('',#1132,(#1136,#1143),.PCURVE_S1.);
#1132 = LINE('',#1133,#1134);
#1133 = CARTESIAN_POINT('',(0.,-80.,548.8));
#1134 = VECTOR('',#1135,1.);
#1135 = DIRECTION('',(0.,1.,0.));
#1136 = PCURVE('',#1104,#1137);
#1137 = DEFINITIONAL_REPRESENTATION('',(#1138),#1142);
#1138 = LINE('',#1139,#1140);
#1139 = CARTESIAN_POINT('',(0.,0.));
#1140 = VECTOR('',#1141,1.);
#1141 = DIRECTION('',(0.,-1.));
#1142 = ( GEOMETRIC_REPRESENTATION_CONTEXT(2) 
PARAMETRIC_REPRESENTATION_CONTEXT() REPRESENTATION_CONTEXT('2D SPACE',''
  ) );
#1143 = PCURVE('',#1144,#1149);
#1144 = PLANE('',#1145);
#1145 = AXIS2_PLACEMENT_3D('',#1146,#1147,#1148);
#1146 = CARTESIAN_POINT('',(0.,-80.,548.8));
#1147 = DIRECTION('',(0.,0.,1.));
#1148 = DIRECTION('',(1.,0.,0.));
#1149 = DEFINITIONAL_REPRESENTATION('',(#1150),#1154);
#1150 = LINE('',#1151,#1152);
#1151 = CARTESIAN_POINT('',(0.,0.));
#1152 = VECTOR('',#1153,1.);
#1153 = DIRECTION('',(0.,1.));
#1154 = ( GEOMETRIC_REPRESENTATION_CONTEXT(2) 
PARAMETRIC_REPRESENTATION_CONTEXT() REPRESENTATION_CONTEXT('2D SPACE',''
  ) );
#1155 = ORIENTED_EDGE('',*,*,#1156,.T.);
#1156 = EDGE_CURVE('',#1129,#1157,#1159,.T.);
#1157 = VERTEX_POINT('',#1158);
#1158 = CARTESIAN_POINT('',(0.,80.,550.));
#1159 = SURFACE_CURVE('',#1160,(#1164,#1171),.PCURVE_S1.);
#1160 = LINE('',#1161,#1162);
#1161 = CARTESIAN_POINT('',(0.,80.,548.8));
#1162 = VECTOR('',#1163,1.);
#1163 = DIRECTION('',(0.,0.,1.));
#1164 = PCURVE('',#1104,#1165);
#1165 = DEFINITIONAL_REPRESENTATION('',(#1166),#1170);
#1166 = LINE('',#1167,#1168);
#1167 = CARTESIAN_POINT('',(0.,-160.));
#1168 = VECTOR('',#1169,1.);
#1169 = DIRECTION('',(1.,0.));
#1170 = ( GEOMETRIC_REPRESENTATION_CONTEXT(2) 
PARAMETRIC_REPRESENTATION_CONTEXT() REPRESENTATION_CONTEXT('2D SPACE',''
  ) );
#1171 = PCURVE('',#1172,#1177);
#1172 = PLANE('',#1173);
#1173 = AXIS2_PLACEMENT_3D('',#1174,#1175,#1176);
#1174 = CARTESIAN_POINT('',(0.,80.,548.8));
#1175 = DIRECTION('',(0.,1.,0.));
#1176 = DIRECTION('',(0.,0.,1.));
#1177 = DEFINITIONAL_REPRESENTATION('',(#1178),#1182);
#1178 = LINE('',#1179,#1180);
#1179 = CARTESIAN_POINT('',(0.,0.));
#1180 = VECTOR('',#1181,1.);
#1181 = DIRECTION('',(1.,0.));
#1182 = ( GEOMETRIC_REPRESENTATION_CONTEXT(2) 
PARAMETRIC_REPRESENTATION_CONTEXT() REPRESENTATION_CONTEXT('2D SPACE',''
  ) );
#1183 = ORIENTED_EDGE('',*,*,#1184,.F.);
#1184 = EDGE_CURVE('',#1096,#1157,#1185,.T.);
#1185 = SURFACE_CURVE('',#1186,(#1190,#1197),.PCURVE_S1.);
#1186 = LINE('',#1187,#1188);
#1187 = CARTESIAN_POINT('',(0.,-80.,550.));
#1188 = VECTOR('',#1189,1.);
#1189 = DIRECTION('',(0.,1.,0.));
#1190 = PCURVE('',#1104,#1191);
#1191 = DEFINITIONAL_REPRESENTATION('',(#1192),#1196);
#1192 = LINE('',#1193,#1194);
#1193 = CARTESIAN_POINT('',(1.2,0.));
#1194 = VECTOR('',#1195,1.);
#1195 = DIRECTION('',(0.,-1.));
#1196 = ( GEOMETRIC_REPRESENTATION_CONTEXT(2) 
PARAMETRIC_REPRESENTATION_CONTEXT() REPRESENTATION_CONTEXT('2D SPACE',''
  ) );
#1197 = PCURVE('',#1198,#1203);
#1198 = PLANE('',#1199);
#1199 = AXIS2_PLACEMENT_3D('',#1200,#1201,#1202);
#1200 = CARTESIAN_POINT('',(0.,-80.,550.));
#1201 = DIRECTION('',(0.,0.,1.));
#1202 = DIRECTION('',(1.,0.,0.));
#1203 = DEFINITIONAL_REPRESENTATION('',(#1204),#1208);
#1204 = LINE('',#1205,#1206);
#1205 = CARTESIAN_POINT('',(0.,0.));
#1206 = VECTOR('',#1207,1.);
#1207 = DIRECTION('',(0.,1.));
#1208 = ( GEOMETRIC_REPRESENTATION_CONTEXT(2) 
PARAMETRIC_REPRESENTATION_CONTEXT() REPRESENTATION_CONTEXT('2D SPACE',''
  ) );
#1209 = ADVANCED_FACE('',(#1210),#1224,.T.);
#1210 = FACE_BOUND('',#1211,.T.);
#1211 = EDGE_LOOP('',(#1212,#1242,#1265,#1288));
#1212 = ORIENTED_EDGE('',*,*,#1213,.F.);
#1213 = EDGE_CURVE('',#1214,#1216,#1218,.T.);
#1214 = VERTEX_POINT('',#1215);
#1215 = CARTESIAN_POINT('',(2.4E+03,-80.,548.8));
#1216 = VERTEX_POINT('',#1217);
#1217 = CARTESIAN_POINT('',(2.4E+03,-80.,550.));
#1218 = SURFACE_CURVE('',#1219,(#1223,#1235),.PCURVE_S1.);
#1219 = LINE('',#1220,#1221);
#1220 = CARTESIAN_POINT('',(2.4E+03,-80.,548.8));
#1221 = VECTOR('',#1222,1.);
#1222 = DIRECTION('',(0.,0.,1.));
#1223 = PCURVE('',#1224,#1229);
#1224 = PLANE('',#1225);
#1225 = AXIS2_PLACEMENT_3D('',#1226,#1227,#1228);
#1226 = CARTESIAN_POINT('',(2.4E+03,-80.,548.8));
#1227 = DIRECTION('',(1.,0.,0.));
#1228 = DIRECTION('',(0.,0.,1.));
#1229 = DEFINITIONAL_REPRESENTATION('',(#1230),#1234);
#1230 = LINE('',#1231,#1232);
#1231 = CARTESIAN_POINT('',(0.,0.));
#1232 = VECTOR('',#1233,1.);
#1233 = DIRECTION('',(1.,0.));
#1234 = ( GEOMETRIC_REPRESENTATION_CONTEXT(2) 
PARAMETRIC_REPRESENTATION_CONTEXT() REPRESENTATION_CONTEXT('2D SPACE',''
  ) );
#1235 = PCURVE('',#1116,#1236);
#1236 = DEFINITIONAL_REPRESENTATION('',(#1237),#1241);
#1237 = LINE('',#1238,#1239);
#1238 = CARTESIAN_POINT('',(0.,2.4E+03));
#1239 = VECTOR('',#1240,1.);
#1240 = DIRECTION('',(1.,0.));
#1241 = ( GEOMETRIC_REPRESENTATION_CONTEXT(2) 
PARAMETRIC_REPRESENTATION_CONTEXT() REPRESENTATION_CONTEXT('2D SPACE',''
  ) );
#1242 = ORIENTED_EDGE('',*,*,#1243,.T.);
#1243 = EDGE_CURVE('',#1214,#1244,#1246,.T.);
#1244 = VERTEX_POINT('',#1245);
#1245 = CARTESIAN_POINT('',(2.4E+03,80.,548.8));
#1246 = SURFACE_CURVE('',#1247,(#1251,#1258),.PCURVE_S1.);
#1247 = LINE('',#1248,#1249);
#1248 = CARTESIAN_POINT('',(2.4E+03,-80.,548.8));
#1249 = VECTOR('',#1250,1.);
#1250 = DIRECTION('',(0.,1.,0.));
#1251 = PCURVE('',#1224,#1252);
#1252 = DEFINITIONAL_REPRESENTATION('',(#1253),#1257);
#1253 = LINE('',#1254,#1255);
#1254 = CARTESIAN_POINT('',(0.,0.));
#1255 = VECTOR('',#1256,1.);
#1256 = DIRECTION('',(0.,-1.));
#1257 = ( GEOMETRIC_REPRESENTATION_CONTEXT(2) 
PARAMETRIC_REPRESENTATION_CONTEXT() REPRESENTATION_CONTEXT('2D SPACE',''
  ) );
#1258 = PCURVE('',#1144,#1259);
#1259 = DEFINITIONAL_REPRESENTATION('',(#1260),#1264);
#1260 = LINE('',#1261,#1262);
#1261 = CARTESIAN_POINT('',(2.4E+03,0.));
#1262 = VECTOR('',#1263,1.);
#1263 = DIRECTION('',(0.,1.));
#1264 = ( GEOMETRIC_REPRESENTATION_CONTEXT(2) 
PARAMETRIC_REPRESENTATION_CONTEXT() REPRESENTATION_CONTEXT('2D SPACE',''
  ) );
#1265 = ORIENTED_EDGE('',*,*,#1266,.T.);
#1266 = EDGE_CURVE('',#1244,#1267,#1269,.T.);
#1267 = VERTEX_POINT('',#1268);
#1268 = CARTESIAN_POINT('',(2.4E+03,80.,550.));
#1269 = SURFACE_CURVE('',#1270,(#1274,#1281),.PCURVE_S1.);
#1270 = LINE('',#1271,#1272);
#1271 = CARTESIAN_POINT('',(2.4E+03,80.,548.8));
#1272 = VECTOR('',#1273,1.);
#1273 = DIRECTION('',(0.,0.,1.));
#1274 = PCURVE('',#1224,#1275);
#1275 = DEFINITIONAL_REPRESENTATION('',(#1276),#1280);
#1276 = LINE('',#1277,#1278);
#1277 = CARTESIAN_POINT('',(0.,-160.));
#1278 = VECTOR('',#1279,1.);
#1279 = DIRECTION('',(1.,0.));
#1280 = ( GEOMETRIC_REPRESENTATION_CONTEXT(2) 
PARAMETRIC_REPRESENTATION_CONTEXT() REPRESENTATION_CONTEXT('2D SPACE',''
  ) );
#1281 = PCURVE('',#1172,#1282);
#1282 = DEFINITIONAL_REPRESENTATION('',(#1283),#1287);
#1283 = LINE('',#1284,#1285);
#1284 = CARTESIAN_POINT('',(0.,2.4E+03));
#1285 = VECTOR('',#1286,1.);
#1286 = DIRECTION('',(1.,0.));
#1287 = ( GEOMETRIC_REPRESENTATION_CONTEXT(2) 
PARAMETRIC_REPRESENTATION_CONTEXT() REPRESENTATION_CONTEXT('2D SPACE',''
  ) );
#1288 = ORIENTED_EDGE('',*,*,#1289,.F.);
#1289 = EDGE_CURVE('',#1216,#1267,#1290,.T.);
#1290 = SURFACE_CURVE('',#1291,(#1295,#1302),.PCURVE_S1.);
#1291 = LINE('',#1292,#1293);
#1292 = CARTESIAN_POINT('',(2.4E+03,-80.,550.));
#1293 = VECTOR('',#1294,1.);
#1294 = DIRECTION('',(0.,1.,0.));
#1295 = PCURVE('',#1224,#1296);
#1296 = DEFINITIONAL_REPRESENTATION('',(#1297),#1301);
#1297 = LINE('',#1298,#1299);
#1298 = CARTESIAN_POINT('',(1.2,0.));
#1299 = VECTOR('',#1300,1.);
#1300 = DIRECTION('',(0.,-1.));
#1301 = ( GEOMETRIC_REPRESENTATION_CONTEXT(2) 
PARAMETRIC_REPRESENTATION_CONTEXT() REPRESENTATION_CONTEXT('2D SPACE',''
  ) );
#1302 = PCURVE('',#1198,#1303);
#1303 = DEFINITIONAL_REPRESENTATION('',(#1304),#1308);
#1304 = LINE('',#1305,#1306);
#1305 = CARTESIAN_POINT('',(2.4E+03,0.));
#1306 = VECTOR('',#1307,1.);
#1307 = DIRECTION('',(0.,1.));
#1308 = ( GEOMETRIC_REPRESENTATION_CONTEXT(2) 
PARAMETRIC_REPRESENTATION_CONTEXT() REPRESENTATION_CONTEXT('2D SPACE',''
  ) );
#1309 = ADVANCED_FACE('',(#1310),#1116,.F.);
#1310 = FACE_BOUND('',#1311,.F.);
#1311 = EDGE_LOOP('',(#1312,#1333,#1334,#1355));
#1312 = ORIENTED_EDGE('',*,*,#1313,.F.);
#1313 = EDGE_CURVE('',#1094,#1214,#1314,.T.);
#1314 = SURFACE_CURVE('',#1315,(#1319,#1326),.PCURVE_S1.);
#1315 = LINE('',#1316,#1317);
#1316 = CARTESIAN_POINT('',(0.,-80.,548.8));
#1317 = VECTOR('',#1318,1.);
#1318 = DIRECTION('',(1.,0.,0.));
#1319 = PCURVE('',#1116,#1320);
#1320 = DEFINITIONAL_REPRESENTATION('',(#1321),#1325);
#1321 = LINE('',#1322,#1323);
#1322 = CARTESIAN_POINT('',(0.,0.));
#1323 = VECTOR('',#1324,1.);
#1324 = DIRECTION('',(0.,1.));
#1325 = ( GEOMETRIC_REPRESENTATION_CONTEXT(2) 
PARAMETRIC_REPRESENTATION_CONTEXT() REPRESENTATION_CONTEXT('2D SPACE',''
  ) );
#1326 = PCURVE('',#1144,#1327);
#1327 = DEFINITIONAL_REPRESENTATION('',(#1328),#1332);
#1328 = LINE('',#1329,#1330);
#1329 = CARTESIAN_POINT('',(0.,0.));
#1330 = VECTOR('',#1331,1.);
#1331 = DIRECTION('',(1.,0.));
#1332 = ( GEOMETRIC_REPRESENTATION_CONTEXT(2) 
PARAMETRIC_REPRESENTATION_CONTEXT() REPRESENTATION_CONTEXT('2D SPACE',''
  ) );
#1333 = ORIENTED_EDGE('',*,*,#1093,.T.);
#1334 = ORIENTED_EDGE('',*,*,#1335,.T.);
#1335 = EDGE_CURVE('',#1096,#1216,#1336,.T.);
#1336 = SURFACE_CURVE('',#1337,(#1341,#1348),.PCURVE_S1.);
#1337 = LINE('',#1338,#1339);
#1338 = CARTESIAN_POINT('',(0.,-80.,550.));
#1339 = VECTOR('',#1340,1.);
#1340 = DIRECTION('',(1.,0.,0.));
#1341 = PCURVE('',#1116,#1342);
#1342 = DEFINITIONAL_REPRESENTATION('',(#1343),#1347);
#1343 = LINE('',#1344,#1345);
#1344 = CARTESIAN_POINT('',(1.2,0.));
#1345 = VECTOR('',#1346,1.);
#1346 = DIRECTION('',(0.,1.));
#1347 = ( GEOMETRIC_REPRESENTATION_CONTEXT(2) 
PARAMETRIC_REPRESENTATION_CONTEXT() REPRESENTATION_CONTEXT('2D SPACE',''
  ) );
#1348 = PCURVE('',#1198,#1349);
#1349 = DEFINITIONAL_REPRESENTATION('',(#1350),#1354);
#1350 = LINE('',#1351,#1352);
#1351 = CARTESIAN_POINT('',(0.,0.));
#1352 = VECTOR('',#1353,1.);
#1353 = DIRECTION('',(1.,0.));
#1354 = ( GEOMETRIC_REPRESENTATION_CONTEXT(2) 
PARAMETRIC_REPRESENTATION_CONTEXT() REPRESENTATION_CONTEXT('2D SPACE',''
  ) );
#1355 = ORIENTED_EDGE('',*,*,#1213,.F.);
#1356 = ADVANCED_FACE('',(#1357),#1172,.T.);
#1357 = FACE_BOUND('',#1358,.T.);
#1358 = EDGE_LOOP('',(#1359,#1380,#1381,#1402));
#1359 = ORIENTED_EDGE('',*,*,#1360,.F.);
#1360 = EDGE_CURVE('',#1129,#1244,#1361,.T.);
#1361 = SURFACE_CURVE('',#1362,(#1366,#1373),.PCURVE_S1.);
#1362 = LINE('',#1363,#1364);
#1363 = CARTESIAN_POINT('',(0.,80.,548.8));
#1364 = VECTOR('',#1365,1.);
#1365 = DIRECTION('',(1.,0.,0.));
#1366 = PCURVE('',#1172,#1367);
#1367 = DEFINITIONAL_REPRESENTATION('',(#1368),#1372);
#1368 = LINE('',#1369,#1370);
#1369 = CARTESIAN_POINT('',(0.,0.));
#1370 = VECTOR('',#1371,1.);
#1371 = DIRECTION('',(0.,1.));
#1372 = ( GEOMETRIC_REPRESENTATION_CONTEXT(2) 
PARAMETRIC_REPRESENTATION_CONTEXT() REPRESENTATION_CONTEXT('2D SPACE',''
  ) );
#1373 = PCURVE('',#1144,#1374);
#1374 = DEFINITIONAL_REPRESENTATION('',(#1375),#1379);
#1375 = LINE('',#1376,#1377);
#1376 = CARTESIAN_POINT('',(0.,160.));
#1377 = VECTOR('',#1378,1.);
#1378 = DIRECTION('',(1.,0.));
#1379 = ( GEOMETRIC_REPRESENTATION_CONTEXT(2) 
PARAMETRIC_REPRESENTATION_CONTEXT() REPRESENTATION_CONTEXT('2D SPACE',''
  ) );
#1380 = ORIENTED_EDGE('',*,*,#1156,.T.);
#1381 = ORIENTED_EDGE('',*,*,#1382,.T.);
#1382 = EDGE_CURVE('',#1157,#1267,#1383,.T.);
#1383 = SURFACE_CURVE('',#1384,(#1388,#1395),.PCURVE_S1.);
#1384 = LINE('',#1385,#1386);
#1385 = CARTESIAN_POINT('',(0.,80.,550.));
#1386 = VECTOR('',#1387,1.);
#1387 = DIRECTION('',(1.,0.,0.));
#1388 = PCURVE('',#1172,#1389);
#1389 = DEFINITIONAL_REPRESENTATION('',(#1390),#1394);
#1390 = LINE('',#1391,#1392);
#1391 = CARTESIAN_POINT('',(1.2,0.));
#1392 = VECTOR('',#1393,1.);
#1393 = DIRECTION('',(0.,1.));
#1394 = ( GEOMETRIC_REPRESENTATION_CONTEXT(2) 
PARAMETRIC_REPRESENTATION_CONTEXT() REPRESENTATION_CONTEXT('2D SPACE',''
  ) );
#1395 = PCURVE('',#1198,#1396);
#1396 = DEFINITIONAL_REPRESENTATION('',(#1397),#1401);
#1397 = LINE('',#1398,#1399);
#1398 = CARTESIAN_POINT('',(0.,160.));
#1399 = VECTOR('',#1400,1.);
#1400 = DIRECTION('',(1.,0.));
#1401 = ( GEOMETRIC_REPRESENTATION_CONTEXT(2) 
PARAMETRIC_REPRESENTATION_CONTEXT() REPRESENTATION_CONTEXT('2D SPACE',''
  ) );
#1402 = ORIENTED_EDGE('',*,*,#1266,.F.);
#1403 = ADVANCED_FACE('',(#1404),#1144,.F.);
#1404 = FACE_BOUND('',#1405,.F.);
#1405 = EDGE_LOOP('',(#1406,#1407,#1408,#1409));
#1406 = ORIENTED_EDGE('',*,*,#1128,.F.);
#1407 = ORIENTED_EDGE('',*,*,#1313,.T.);
#1408 = ORIENTED_EDGE('',*,*,#1243,.T.);
#1409 = ORIENTED_EDGE('',*,*,#1360,.F.);
#1410 = ADVANCED_FACE('',(#1411),#1198,.T.);
#1411 = FACE_BOUND('',#1412,.T.);
#1412 = EDGE_LOOP('',(#1413,#1414,#1415,#1416));
#1413 = ORIENTED_EDGE('',*,*,#1184,.F.);
#1414 = ORIENTED_EDGE('',*,*,#1335,.T.);
#1415 = ORIENTED_EDGE('',*,*,#1289,.T.);
#1416 = ORIENTED_EDGE('',*,*,#1382,.F.);
#1417 = ( GEOMETRIC_REPRESENTATION_CONTEXT(3) 
GLOBAL_UNCERTAINTY_ASSIGNED_CONTEXT((#1421)) 
GLOBAL_UNIT_ASSIGNED_CONTEXT((#1418,#1419,#1420)) REPRESENTATION_CONTEXT
('Context #1','3D Context with UNIT and UNCERTAINTY') );
#1418 = ( LENGTH_UNIT() NAMED_UNIT(*) SI_UNIT(.MILLI.,.METRE.) );
#1419 = ( NAMED_UNIT(*) PLANE_ANGLE_UNIT() SI_UNIT($,.RADIAN.) );
#1420 = ( NAMED_UNIT(*) SI_UNIT($,.STERADIAN.) SOLID_ANGLE_UNIT() );
#1421 = UNCERTAINTY_MEASURE_WITH_UNIT(LENGTH_MEASURE(1.E-07),#1418,
  'distance_accuracy_value','confusion accuracy');
#1422 = CONTEXT_DEPENDENT_SHAPE_REPRESENTATION(#1423,#1425);
#1423 = ( REPRESENTATION_RELATIONSHIP('','',#1086,#10) 
REPRESENTATION_RELATIONSHIP_WITH_TRANSFORMATION(#1424) 
SHAPE_REPRESENTATION_RELATIONSHIP() );
#1424 = ITEM_DEFINED_TRANSFORMATION('','',#11,#23);
#1425 = PRODUCT_DEFINITION_SHAPE('Placement','Placement of an item',
  #1426);
#1426 = NEXT_ASSEMBLY_USAGE_OCCURRENCE('93','SILL_TOP','',#5,#1081,$);
#1427 = PRODUCT_RELATED_PRODUCT_CATEGORY('part',$,(#1083));
#1428 = SHAPE_DEFINITION_REPRESENTATION(#1429,#1435);
#1429 = PRODUCT_DEFINITION_SHAPE('','',#1430);
#1430 = PRODUCT_DEFINITION('design','',#1431,#1434);
#1431 = PRODUCT_DEFINITION_FORMATION('','',#1432);
#1432 = PRODUCT('SILL_BOTTOM','SILL_BOTTOM','',(#1433));
#1433 = PRODUCT_CONTEXT('',#2,'mechanical');
#1434 = PRODUCT_DEFINITION_CONTEXT('part definition',#2,'design');
#1435 = ADVANCED_BREP_SHAPE_REPRESENTATION('',(#11,#1436),#1766);
#1436 = MANIFOLD_SOLID_BREP('',#1437);
#1437 = CLOSED_SHELL('',(#1438,#1558,#1658,#1705,#1752,#1759));
#1438 = ADVANCED_FACE('',(#1439),#1453,.F.);
#1439 = FACE_BOUND('',#1440,.F.);
#1440 = EDGE_LOOP('',(#1441,#1476,#1504,#1532));
#1441 = ORIENTED_EDGE('',*,*,#1442,.F.);
#1442 = EDGE_CURVE('',#1443,#1445,#1447,.T.);
#1443 = VERTEX_POINT('',#1444);
#1444 = CARTESIAN_POINT('',(0.,-80.,200.));
#1445 = VERTEX_POINT('',#1446);
#1446 = CARTESIAN_POINT('',(0.,-80.,201.2));
#1447 = SURFACE_CURVE('',#1448,(#1452,#1464),.PCURVE_S1.);
#1448 = LINE('',#1449,#1450);
#1449 = CARTESIAN_POINT('',(0.,-80.,200.));
#1450 = VECTOR('',#1451,1.);
#1451 = DIRECTION('',(0.,0.,1.));
#1452 = PCURVE('',#1453,#1458);
#1453 = PLANE('',#1454);
#1454 = AXIS2_PLACEMENT_3D('',#1455,#1456,#1457);
#1455 = CARTESIAN_POINT('',(0.,-80.,200.));
#1456 = DIRECTION('',(1.,0.,0.));
#1457 = DIRECTION('',(0.,0.,1.));
#1458 = DEFINITIONAL_REPRESENTATION('',(#1459),#1463);
#1459 = LINE('',#1460,#1461);
#1460 = CARTESIAN_POINT('',(0.,0.));
#1461 = VECTOR('',#1462,1.);
#1462 = DIRECTION('',(1.,0.));
#1463 = ( GEOMETRIC_REPRESENTATION_CONTEXT(2) 
PARAMETRIC_REPRESENTATION_CONTEXT() REPRESENTATION_CONTEXT('2D SPACE',''
  ) );
#1464 = PCURVE('',#1465,#1470);
#1465 = PLANE('',#1466);
#1466 = AXIS2_PLACEMENT_3D('',#1467,#1468,#1469);
#1467 = CARTESIAN_POINT('',(0.,-80.,200.));
#1468 = DIRECTION('',(0.,1.,0.));
#1469 = DIRECTION('',(0.,0.,1.));
#1470 = DEFINITIONAL_REPRESENTATION('',(#1471),#1475);
#1471 = LINE('',#1472,#1473);
#1472 = CARTESIAN_POINT('',(0.,0.));
#1473 = VECTOR('',#1474,1.);
#1474 = DIRECTION('',(1.,0.));
#1475 = ( GEOMETRIC_REPRESENTATION_CONTEXT(2) 
PARAMETRIC_REPRESENTATION_CONTEXT() REPRESENTATION_CONTEXT('2D SPACE',''
  ) );
#1476 = ORIENTED_EDGE('',*,*,#1477,.T.);
#1477 = EDGE_CURVE('',#1443,#1478,#1480,.T.);
#1478 = VERTEX_POINT('',#1479);
#1479 = CARTESIAN_POINT('',(0.,80.,200.));
#1480 = SURFACE_CURVE('',#1481,(#1485,#1492),.PCURVE_S1.);
#1481 = LINE('',#1482,#1483);
#1482 = CARTESIAN_POINT('',(0.,-80.,200.));
#1483 = VECTOR('',#1484,1.);
#1484 = DIRECTION('',(0.,1.,0.));
#1485 = PCURVE('',#1453,#1486);
#1486 = DEFINITIONAL_REPRESENTATION('',(#1487),#1491);
#1487 = LINE('',#1488,#1489);
#1488 = CARTESIAN_POINT('',(0.,0.));
#1489 = VECTOR('',#1490,1.);
#1490 = DIRECTION('',(0.,-1.));
#1491 = ( GEOMETRIC_REPRESENTATION_CONTEXT(2) 
PARAMETRIC_REPRESENTATION_CONTEXT() REPRESENTATION_CONTEXT('2D SPACE',''
  ) );
#1492 = PCURVE('',#1493,#1498);
#1493 = PLANE('',#1494);
#1494 = AXIS2_PLACEMENT_3D('',#1495,#1496,#1497);
#1495 = CARTESIAN_POINT('',(0.,-80.,200.));
#1496 = DIRECTION('',(0.,0.,1.));
#1497 = DIRECTION('',(1.,0.,0.));
#1498 = DEFINITIONAL_REPRESENTATION('',(#1499),#1503);
#1499 = LINE('',#1500,#1501);
#1500 = CARTESIAN_POINT('',(0.,0.));
#1501 = VECTOR('',#1502,1.);
#1502 = DIRECTION('',(0.,1.));
#1503 = ( GEOMETRIC_REPRESENTATION_CONTEXT(2) 
PARAMETRIC_REPRESENTATION_CONTEXT() REPRESENTATION_CONTEXT('2D SPACE',''
  ) );
#1504 = ORIENTED_EDGE('',*,*,#1505,.T.);
#1505 = EDGE_CURVE('',#1478,#1506,#1508,.T.);
#1506 = VERTEX_POINT('',#1507);
#1507 = CARTESIAN_POINT('',(0.,80.,201.2));
#1508 = SURFACE_CURVE('',#1509,(#1513,#1520),.PCURVE_S1.);
#1509 = LINE('',#1510,#1511);
#1510 = CARTESIAN_POINT('',(0.,80.,200.));
#1511 = VECTOR('',#1512,1.);
#1512 = DIRECTION('',(0.,0.,1.));
#1513 = PCURVE('',#1453,#1514);
#1514 = DEFINITIONAL_REPRESENTATION('',(#1515),#1519);
#1515 = LINE('',#1516,#1517);
#1516 = CARTESIAN_POINT('',(0.,-160.));
#1517 = VECTOR('',#1518,1.);
#1518 = DIRECTION('',(1.,0.));
#1519 = ( GEOMETRIC_REPRESENTATION_CONTEXT(2) 
PARAMETRIC_REPRESENTATION_CONTEXT() REPRESENTATION_CONTEXT('2D SPACE',''
  ) );
#1520 = PCURVE('',#1521,#1526);
#1521 = PLANE('',#1522);
#1522 = AXIS2_PLACEMENT_3D('',#1523,#1524,#1525);
#1523 = CARTESIAN_POINT('',(0.,80.,200.));
#1524 = DIRECTION('',(0.,1.,0.));
#1525 = DIRECTION('',(0.,0.,1.));
#1526 = DEFINITIONAL_REPRESENTATION('',(#1527),#1531);
#1527 = LINE('',#1528,#1529);
#1528 = CARTESIAN_POINT('',(0.,0.));
#1529 = VECTOR('',#1530,1.);
#1530 = DIRECTION('',(1.,0.));
#1531 = ( GEOMETRIC_REPRESENTATION_CONTEXT(2) 
PARAMETRIC_REPRESENTATION_CONTEXT() REPRESENTATION_CONTEXT('2D SPACE',''
  ) );
#1532 = ORIENTED_EDGE('',*,*,#1533,.F.);
#1533 = EDGE_CURVE('',#1445,#1506,#1534,.T.);
#1534 = SURFACE_CURVE('',#1535,(#1539,#1546),.PCURVE_S1.);
#1535 = LINE('',#1536,#1537);
#1536 = CARTESIAN_POINT('',(0.,-80.,201.2));
#1537 = VECTOR('',#1538,1.);
#1538 = DIRECTION('',(0.,1.,0.));
#1539 = PCURVE('',#1453,#1540);
#1540 = DEFINITIONAL_REPRESENTATION('',(#1541),#1545);
#1541 = LINE('',#1542,#1543);
#1542 = CARTESIAN_POINT('',(1.2,0.));
#1543 = VECTOR('',#1544,1.);
#1544 = DIRECTION('',(0.,-1.));
#1545 = ( GEOMETRIC_REPRESENTATION_CONTEXT(2) 
PARAMETRIC_REPRESENTATION_CONTEXT() REPRESENTATION_CONTEXT('2D SPACE',''
  ) );
#1546 = PCURVE('',#1547,#1552);
#1547 = PLANE('',#1548);
#1548 = AXIS2_PLACEMENT_3D('',#1549,#1550,#1551);
#1549 = CARTESIAN_POINT('',(0.,-80.,201.2));
#1550 = DIRECTION('',(0.,0.,1.));
#1551 = DIRECTION('',(1.,0.,0.));
#1552 = DEFINITIONAL_REPRESENTATION('',(#1553),#1557);
#1553 = LINE('',#1554,#1555);
#1554 = CARTESIAN_POINT('',(0.,0.));
#1555 = VECTOR('',#1556,1.);
#1556 = DIRECTION('',(0.,1.));
#1557 = ( GEOMETRIC_REPRESENTATION_CONTEXT(2) 
PARAMETRIC_REPRESENTATION_CONTEXT() REPRESENTATION_CONTEXT('2D SPACE',''
  ) );
#1558 = ADVANCED_FACE('',(#1559),#1573,.T.);
#1559 = FACE_BOUND('',#1560,.T.);
#1560 = EDGE_LOOP('',(#1561,#1591,#1614,#1637));
#1561 = ORIENTED_EDGE('',*,*,#1562,.F.);
#1562 = EDGE_CURVE('',#1563,#1565,#1567,.T.);
#1563 = VERTEX_POINT('',#1564);
#1564 = CARTESIAN_POINT('',(2.4E+03,-80.,200.));
#1565 = VERTEX_POINT('',#1566);
#1566 = CARTESIAN_POINT('',(2.4E+03,-80.,201.2));
#1567 = SURFACE_CURVE('',#1568,(#1572,#1584),.PCURVE_S1.);
#1568 = LINE('',#1569,#1570);
#1569 = CARTESIAN_POINT('',(2.4E+03,-80.,200.));
#1570 = VECTOR('',#1571,1.);
#1571 = DIRECTION('',(0.,0.,1.));
#1572 = PCURVE('',#1573,#1578);
#1573 = PLANE('',#1574);
#1574 = AXIS2_PLACEMENT_3D('',#1575,#1576,#1577);
#1575 = CARTESIAN_POINT('',(2.4E+03,-80.,200.));
#1576 = DIRECTION('',(1.,0.,0.));
#1577 = DIRECTION('',(0.,0.,1.));
#1578 = DEFINITIONAL_REPRESENTATION('',(#1579),#1583);
#1579 = LINE('',#1580,#1581);
#1580 = CARTESIAN_POINT('',(0.,0.));
#1581 = VECTOR('',#1582,1.);
#1582 = DIRECTION('',(1.,0.));
#1583 = ( GEOMETRIC_REPRESENTATION_CONTEXT(2) 
PARAMETRIC_REPRESENTATION_CONTEXT() REPRESENTATION_CONTEXT('2D SPACE',''
  ) );
#1584 = PCURVE('',#1465,#1585);
#1585 = DEFINITIONAL_REPRESENTATION('',(#1586),#1590);
#1586 = LINE('',#1587,#1588);
#1587 = CARTESIAN_POINT('',(0.,2.4E+03));
#1588 = VECTOR('',#1589,1.);
#1589 = DIRECTION('',(1.,0.));
#1590 = ( GEOMETRIC_REPRESENTATION_CONTEXT(2) 
PARAMETRIC_REPRESENTATION_CONTEXT() REPRESENTATION_CONTEXT('2D SPACE',''
  ) );
#1591 = ORIENTED_EDGE('',*,*,#1592,.T.);
#1592 = EDGE_CURVE('',#1563,#1593,#1595,.T.);
#1593 = VERTEX_POINT('',#1594);
#1594 = CARTESIAN_POINT('',(2.4E+03,80.,200.));
#1595 = SURFACE_CURVE('',#1596,(#1600,#1607),.PCURVE_S1.);
#1596 = LINE('',#1597,#1598);
#1597 = CARTESIAN_POINT('',(2.4E+03,-80.,200.));
#1598 = VECTOR('',#1599,1.);
#1599 = DIRECTION('',(0.,1.,0.));
#1600 = PCURVE('',#1573,#1601);
#1601 = DEFINITIONAL_REPRESENTATION('',(#1602),#1606);
#1602 = LINE('',#1603,#1604);
#1603 = CARTESIAN_POINT('',(0.,0.));
#1604 = VECTOR('',#1605,1.);
#1605 = DIRECTION('',(0.,-1.));
#1606 = ( GEOMETRIC_REPRESENTATION_CONTEXT(2) 
PARAMETRIC_REPRESENTATION_CONTEXT() REPRESENTATION_CONTEXT('2D SPACE',''
  ) );
#1607 = PCURVE('',#1493,#1608);
#1608 = DEFINITIONAL_REPRESENTATION('',(#1609),#1613);
#1609 = LINE('',#1610,#1611);
#1610 = CARTESIAN_POINT('',(2.4E+03,0.));
#1611 = VECTOR('',#1612,1.);
#1612 = DIRECTION('',(0.,1.));
#1613 = ( GEOMETRIC_REPRESENTATION_CONTEXT(2) 
PARAMETRIC_REPRESENTATION_CONTEXT() REPRESENTATION_CONTEXT('2D SPACE',''
  ) );
#1614 = ORIENTED_EDGE('',*,*,#1615,.T.);
#1615 = EDGE_CURVE('',#1593,#1616,#1618,.T.);
#1616 = VERTEX_POINT('',#1617);
#1617 = CARTESIAN_POINT('',(2.4E+03,80.,201.2));
#1618 = SURFACE_CURVE('',#1619,(#1623,#1630),.PCURVE_S1.);
#1619 = LINE('',#1620,#1621);
#1620 = CARTESIAN_POINT('',(2.4E+03,80.,200.));
#1621 = VECTOR('',#1622,1.);
#1622 = DIRECTION('',(0.,0.,1.));
#1623 = PCURVE('',#1573,#1624);
#1624 = DEFINITIONAL_REPRESENTATION('',(#1625),#1629);
#1625 = LINE('',#1626,#1627);
#1626 = CARTESIAN_POINT('',(0.,-160.));
#1627 = VECTOR('',#1628,1.);
#1628 = DIRECTION('',(1.,0.));
#1629 = ( GEOMETRIC_REPRESENTATION_CONTEXT(2) 
PARAMETRIC_REPRESENTATION_CONTEXT() REPRESENTATION_CONTEXT('2D SPACE',''
  ) );
#1630 = PCURVE('',#1521,#1631);
#1631 = DEFINITIONAL_REPRESENTATION('',(#1632),#1636);
#1632 = LINE('',#1633,#1634);
#1633 = CARTESIAN_POINT('',(0.,2.4E+03));
#1634 = VECTOR('',#1635,1.);
#1635 = DIRECTION('',(1.,0.));
#1636 = ( GEOMETRIC_REPRESENTATION_CONTEXT(2) 
PARAMETRIC_REPRESENTATION_CONTEXT() REPRESENTATION_CONTEXT('2D SPACE',''
  ) );
#1637 = ORIENTED_EDGE('',*,*,#1638,.F.);
#1638 = EDGE_CURVE('',#1565,#1616,#1639,.T.);
#1639 = SURFACE_CURVE('',#1640,(#1644,#1651),.PCURVE_S1.);
#1640 = LINE('',#1641,#1642);
#1641 = CARTESIAN_POINT('',(2.4E+03,-80.,201.2));
#1642 = VECTOR('',#1643,1.);
#1643 = DIRECTION('',(0.,1.,0.));
#1644 = PCURVE('',#1573,#1645);
#1645 = DEFINITIONAL_REPRESENTATION('',(#1646),#1650);
#1646 = LINE('',#1647,#1648);
#1647 = CARTESIAN_POINT('',(1.2,0.));
#1648 = VECTOR('',#1649,1.);
#1649 = DIRECTION('',(0.,-1.));
#1650 = ( GEOMETRIC_REPRESENTATION_CONTEXT(2) 
PARAMETRIC_REPRESENTATION_CONTEXT() REPRESENTATION_CONTEXT('2D SPACE',''
  ) );
#1651 = PCURVE('',#1547,#1652);
#1652 = DEFINITIONAL_REPRESENTATION('',(#1653),#1657);
#1653 = LINE('',#1654,#1655);
#1654 = CARTESIAN_POINT('',(2.4E+03,0.));
#1655 = VECTOR('',#1656,1.);
#1656 = DIRECTION('',(0.,1.));
#1657 = ( GEOMETRIC_REPRESENTATION_CONTEXT(2) 
PARAMETRIC_REPRESENTATION_CONTEXT() REPRESENTATION_CONTEXT('2D SPACE',''
  ) );
#1658 = ADVANCED_FACE('',(#1659),#1465,.F.);
#1659 = FACE_BOUND('',#1660,.F.);
#1660 = EDGE_LOOP('',(#1661,#1682,#1683,#1704));
#1661 = ORIENTED_EDGE('',*,*,#1662,.F.);
#1662 = EDGE_CURVE('',#1443,#1563,#1663,.T.);
#1663 = SURFACE_CURVE('',#1664,(#1668,#1675),.PCURVE_S1.);
#1664 = LINE('',#1665,#1666);
#1665 = CARTESIAN_POINT('',(0.,-80.,200.));
#1666 = VECTOR('',#1667,1.);
#1667 = DIRECTION('',(1.,0.,0.));
#1668 = PCURVE('',#1465,#1669);
#1669 = DEFINITIONAL_REPRESENTATION('',(#1670),#1674);
#1670 = LINE('',#1671,#1672);
#1671 = CARTESIAN_POINT('',(0.,0.));
#1672 = VECTOR('',#1673,1.);
#1673 = DIRECTION('',(0.,1.));
#1674 = ( GEOMETRIC_REPRESENTATION_CONTEXT(2) 
PARAMETRIC_REPRESENTATION_CONTEXT() REPRESENTATION_CONTEXT('2D SPACE',''
  ) );
#1675 = PCURVE('',#1493,#1676);
#1676 = DEFINITIONAL_REPRESENTATION('',(#1677),#1681);
#1677 = LINE('',#1678,#1679);
#1678 = CARTESIAN_POINT('',(0.,0.));
#1679 = VECTOR('',#1680,1.);
#1680 = DIRECTION('',(1.,0.));
#1681 = ( GEOMETRIC_REPRESENTATION_CONTEXT(2) 
PARAMETRIC_REPRESENTATION_CONTEXT() REPRESENTATION_CONTEXT('2D SPACE',''
  ) );
#1682 = ORIENTED_EDGE('',*,*,#1442,.T.);
#1683 = ORIENTED_EDGE('',*,*,#1684,.T.);
#1684 = EDGE_CURVE('',#1445,#1565,#1685,.T.);
#1685 = SURFACE_CURVE('',#1686,(#1690,#1697),.PCURVE_S1.);
#1686 = LINE('',#1687,#1688);
#1687 = CARTESIAN_POINT('',(0.,-80.,201.2));
#1688 = VECTOR('',#1689,1.);
#1689 = DIRECTION('',(1.,0.,0.));
#1690 = PCURVE('',#1465,#1691);
#1691 = DEFINITIONAL_REPRESENTATION('',(#1692),#1696);
#1692 = LINE('',#1693,#1694);
#1693 = CARTESIAN_POINT('',(1.2,0.));
#1694 = VECTOR('',#1695,1.);
#1695 = DIRECTION('',(0.,1.));
#1696 = ( GEOMETRIC_REPRESENTATION_CONTEXT(2) 
PARAMETRIC_REPRESENTATION_CONTEXT() REPRESENTATION_CONTEXT('2D SPACE',''
  ) );
#1697 = PCURVE('',#1547,#1698);
#1698 = DEFINITIONAL_REPRESENTATION('',(#1699),#1703);
#1699 = LINE('',#1700,#1701);
#1700 = CARTESIAN_POINT('',(0.,0.));
#1701 = VECTOR('',#1702,1.);
#1702 = DIRECTION('',(1.,0.));
#1703 = ( GEOMETRIC_REPRESENTATION_CONTEXT(2) 
PARAMETRIC_REPRESENTATION_CONTEXT() REPRESENTATION_CONTEXT('2D SPACE',''
  ) );
#1704 = ORIENTED_EDGE('',*,*,#1562,.F.);
#1705 = ADVANCED_FACE('',(#1706),#1521,.T.);
#1706 = FACE_BOUND('',#1707,.T.);
#1707 = EDGE_LOOP('',(#1708,#1729,#1730,#1751));
#1708 = ORIENTED_EDGE('',*,*,#1709,.F.);
#1709 = EDGE_CURVE('',#1478,#1593,#1710,.T.);
#1710 = SURFACE_CURVE('',#1711,(#1715,#1722),.PCURVE_S1.);
#1711 = LINE('',#1712,#1713);
#1712 = CARTESIAN_POINT('',(0.,80.,200.));
#1713 = VECTOR('',#1714,1.);
#1714 = DIRECTION('',(1.,0.,0.));
#1715 = PCURVE('',#1521,#1716);
#1716 = DEFINITIONAL_REPRESENTATION('',(#1717),#1721);
#1717 = LINE('',#1718,#1719);
#1718 = CARTESIAN_POINT('',(0.,0.));
#1719 = VECTOR('',#1720,1.);
#1720 = DIRECTION('',(0.,1.));
#1721 = ( GEOMETRIC_REPRESENTATION_CONTEXT(2) 
PARAMETRIC_REPRESENTATION_CONTEXT() REPRESENTATION_CONTEXT('2D SPACE',''
  ) );
#1722 = PCURVE('',#1493,#1723);
#1723 = DEFINITIONAL_REPRESENTATION('',(#1724),#1728);
#1724 = LINE('',#1725,#1726);
#1725 = CARTESIAN_POINT('',(0.,160.));
#1726 = VECTOR('',#1727,1.);
#1727 = DIRECTION('',(1.,0.));
#1728 = ( GEOMETRIC_REPRESENTATION_CONTEXT(2) 
PARAMETRIC_REPRESENTATION_CONTEXT() REPRESENTATION_CONTEXT('2D SPACE',''
  ) );
#1729 = ORIENTED_EDGE('',*,*,#1505,.T.);
#1730 = ORIENTED_EDGE('',*,*,#1731,.T.);
#1731 = EDGE_CURVE('',#1506,#1616,#1732,.T.);
#1732 = SURFACE_CURVE('',#1733,(#1737,#1744),.PCURVE_S1.);
#1733 = LINE('',#1734,#1735);
#1734 = CARTESIAN_POINT('',(0.,80.,201.2));
#1735 = VECTOR('',#1736,1.);
#1736 = DIRECTION('',(1.,0.,0.));
#1737 = PCURVE('',#1521,#1738);
#1738 = DEFINITIONAL_REPRESENTATION('',(#1739),#1743);
#1739 = LINE('',#1740,#1741);
#1740 = CARTESIAN_POINT('',(1.2,0.));
#1741 = VECTOR('',#1742,1.);
#1742 = DIRECTION('',(0.,1.));
#1743 = ( GEOMETRIC_REPRESENTATION_CONTEXT(2) 
PARAMETRIC_REPRESENTATION_CONTEXT() REPRESENTATION_CONTEXT('2D SPACE',''
  ) );
#1744 = PCURVE('',#1547,#1745);
#1745 = DEFINITIONAL_REPRESENTATION('',(#1746),#1750);
#1746 = LINE('',#1747,#1748);
#1747 = CARTESIAN_POINT('',(0.,160.));
#1748 = VECTOR('',#1749,1.);
#1749 = DIRECTION('',(1.,0.));
#1750 = ( GEOMETRIC_REPRESENTATION_CONTEXT(2) 
PARAMETRIC_REPRESENTATION_CONTEXT() REPRESENTATION_CONTEXT('2D SPACE',''
  ) );
#1751 = ORIENTED_EDGE('',*,*,#1615,.F.);
#1752 = ADVANCED_FACE('',(#1753),#1493,.F.);
#1753 = FACE_BOUND('',#1754,.F.);
#1754 = EDGE_LOOP('',(#1755,#1756,#1757,#1758));
#1755 = ORIENTED_EDGE('',*,*,#1477,.F.);
#1756 = ORIENTED_EDGE('',*,*,#1662,.T.);
#1757 = ORIENTED_EDGE('',*,*,#1592,.T.);
#1758 = ORIENTED_EDGE('',*,*,#1709,.F.);
#1759 = ADVANCED_FACE('',(#1760),#1547,.T.);
#1760 = FACE_BOUND('',#1761,.T.);
#1761 = EDGE_LOOP('',(#1762,#1763,#1764,#1765));
#1762 = ORIENTED_EDGE('',*,*,#1533,.F.);
#1763 = ORIENTED_EDGE('',*,*,#1684,.T.);
#1764 = ORIENTED_EDGE('',*,*,#1638,.T.);
#1765 = ORIENTED_EDGE('',*,*,#1731,.F.);
#1766 = ( GEOMETRIC_REPRESENTATION_CONTEXT(3) 
GLOBAL_UNCERTAINTY_ASSIGNED_CONTEXT((#1770)) 
GLOBAL_UNIT_ASSIGNED_CONTEXT((#1767,#1768,#1769)) REPRESENTATION_CONTEXT
('Context #1','3D Context with UNIT and UNCERTAINTY') );
#1767 = ( LENGTH_UNIT() NAMED_UNIT(*) SI_UNIT(.MILLI.,.METRE.) );
#1768 = ( NAMED_UNIT(*) PLANE_ANGLE_UNIT() SI_UNIT($,.RADIAN.) );
#1769 = ( NAMED_UNIT(*) SI_UNIT($,.STERADIAN.) SOLID_ANGLE_UNIT() );
#1770 = UNCERTAINTY_MEASURE_WITH_UNIT(LENGTH_MEASURE(1.E-07),#1767,
  'distance_accuracy_value','confusion accuracy');
#1771 = CONTEXT_DEPENDENT_SHAPE_REPRESENTATION(#1772,#1774);
#1772 = ( REPRESENTATION_RELATIONSHIP('','',#1435,#10) 
REPRESENTATION_RELATIONSHIP_WITH_TRANSFORMATION(#1773) 
SHAPE_REPRESENTATION_RELATIONSHIP() );
#1773 = ITEM_DEFINED_TRANSFORMATION('','',#11,#27);
#1774 = PRODUCT_DEFINITION_SHAPE('Placement','Placement of an item',
  #1775);
#1775 = NEXT_ASSEMBLY_USAGE_OCCURRENCE('94','SILL_BOTTOM','',#5,#1430,$
  );
#1776 = PRODUCT_RELATED_PRODUCT_CATEGORY('part',$,(#1432));
#1777 = SHAPE_DEFINITION_REPRESENTATION(#1778,#1784);
#1778 = PRODUCT_DEFINITION_SHAPE('','',#1779);
#1779 = PRODUCT_DEFINITION('design','',#1780,#1783);
#1780 = PRODUCT_DEFINITION_FORMATION('','',#1781);
#1781 = PRODUCT('SILL_FLANGE','SILL_FLANGE','',(#1782));
#1782 = PRODUCT_CONTEXT('',#2,'mechanical');
#1783 = PRODUCT_DEFINITION_CONTEXT('part definition',#2,'design');
#1784 = ADVANCED_BREP_SHAPE_REPRESENTATION('',(#11,#1785),#2115);
#1785 = MANIFOLD_SOLID_BREP('',#1786);
#1786 = CLOSED_SHELL('',(#1787,#1907,#2007,#2054,#2101,#2108));
#1787 = ADVANCED_FACE('',(#1788),#1802,.F.);
#1788 = FACE_BOUND('',#1789,.F.);
#1789 = EDGE_LOOP('',(#1790,#1825,#1853,#1881));
#1790 = ORIENTED_EDGE('',*,*,#1791,.F.);
#1791 = EDGE_CURVE('',#1792,#1794,#1796,.T.);
#1792 = VERTEX_POINT('',#1793);
#1793 = CARTESIAN_POINT('',(0.,-1.2,550.));
#1794 = VERTEX_POINT('',#1795);
#1795 = CARTESIAN_POINT('',(0.,-1.2,575.));
#1796 = SURFACE_CURVE('',#1797,(#1801,#1813),.PCURVE_S1.);
#1797 = LINE('',#1798,#1799);
#1798 = CARTESIAN_POINT('',(0.,-1.2,550.));
#1799 = VECTOR('',#1800,1.);
#1800 = DIRECTION('',(0.,0.,1.));
#1801 = PCURVE('',#1802,#1807);
#1802 = PLANE('',#1803);
#1803 = AXIS2_PLACEMENT_3D('',#1804,#1805,#1806);
#1804 = CARTESIAN_POINT('',(0.,-1.2,550.));
#1805 = DIRECTION('',(1.,0.,0.));
#1806 = DIRECTION('',(0.,0.,1.));
#1807 = DEFINITIONAL_REPRESENTATION('',(#1808),#1812);
#1808 = LINE('',#1809,#1810);
#1809 = CARTESIAN_POINT('',(0.,0.));
#1810 = VECTOR('',#1811,1.);
#1811 = DIRECTION('',(1.,0.));
#1812 = ( GEOMETRIC_REPRESENTATION_CONTEXT(2) 
PARAMETRIC_REPRESENTATION_CONTEXT() REPRESENTATION_CONTEXT('2D SPACE',''
  ) );
#1813 = PCURVE('',#1814,#1819);
#1814 = PLANE('',#1815);
#1815 = AXIS2_PLACEMENT_3D('',#1816,#1817,#1818);
#1816 = CARTESIAN_POINT('',(0.,-1.2,550.));
#1817 = DIRECTION('',(0.,1.,0.));
#1818 = DIRECTION('',(0.,0.,1.));
#1819 = DEFINITIONAL_REPRESENTATION('',(#1820),#1824);
#1820 = LINE('',#1821,#1822);
#1821 = CARTESIAN_POINT('',(0.,0.));
#1822 = VECTOR('',#1823,1.);
#1823 = DIRECTION('',(1.,0.));
#1824 = ( GEOMETRIC_REPRESENTATION_CONTEXT(2) 
PARAMETRIC_REPRESENTATION_CONTEXT() REPRESENTATION_CONTEXT('2D SPACE',''
  ) );
#1825 = ORIENTED_EDGE('',*,*,#1826,.T.);
#1826 = EDGE_CURVE('',#1792,#1827,#1829,.T.);
#1827 = VERTEX_POINT('',#1828);
#1828 = CARTESIAN_POINT('',(0.,1.2,550.));
#1829 = SURFACE_CURVE('',#1830,(#1834,#1841),.PCURVE_S1.);
#1830 = LINE('',#1831,#1832);
#1831 = CARTESIAN_POINT('',(0.,-1.2,550.));
#1832 = VECTOR('',#1833,1.);
#1833 = DIRECTION('',(0.,1.,0.));
#1834 = PCURVE('',#1802,#1835);
#1835 = DEFINITIONAL_REPRESENTATION('',(#1836),#1840);
#1836 = LINE('',#1837,#1838);
#1837 = CARTESIAN_POINT('',(0.,0.));
#1838 = VECTOR('',#1839,1.);
#1839 = DIRECTION('',(0.,-1.));
#1840 = ( GEOMETRIC_REPRESENTATION_CONTEXT(2) 
PARAMETRIC_REPRESENTATION_CONTEXT() REPRESENTATION_CONTEXT('2D SPACE',''
  ) );
#1841 = PCURVE('',#1842,#1847);
#1842 = PLANE('',#1843);
#1843 = AXIS2_PLACEMENT_3D('',#1844,#1845,#1846);
#1844 = CARTESIAN_POINT('',(0.,-1.2,550.));
#1845 = DIRECTION('',(0.,0.,1.));
#1846 = DIRECTION('',(1.,0.,0.));
#1847 = DEFINITIONAL_REPRESENTATION('',(#1848),#1852);
#1848 = LINE('',#1849,#1850);
#1849 = CARTESIAN_POINT('',(0.,0.));
#1850 = VECTOR('',#1851,1.);
#1851 = DIRECTION('',(0.,1.));
#1852 = ( GEOMETRIC_REPRESENTATION_CONTEXT(2) 
PARAMETRIC_REPRESENTATION_CONTEXT() REPRESENTATION_CONTEXT('2D SPACE',''
  ) );
#1853 = ORIENTED_EDGE('',*,*,#1854,.T.);
#1854 = EDGE_CURVE('',#1827,#1855,#1857,.T.);
#1855 = VERTEX_POINT('',#1856);
#1856 = CARTESIAN_POINT('',(0.,1.2,575.));
#1857 = SURFACE_CURVE('',#1858,(#1862,#1869),.PCURVE_S1.);
#1858 = LINE('',#1859,#1860);
#1859 = CARTESIAN_POINT('',(0.,1.2,550.));
#1860 = VECTOR('',#1861,1.);
#1861 = DIRECTION('',(0.,0.,1.));
#1862 = PCURVE('',#1802,#1863);
#1863 = DEFINITIONAL_REPRESENTATION('',(#1864),#1868);
#1864 = LINE('',#1865,#1866);
#1865 = CARTESIAN_POINT('',(0.,-2.4));
#1866 = VECTOR('',#1867,1.);
#1867 = DIRECTION('',(1.,0.));
#1868 = ( GEOMETRIC_REPRESENTATION_CONTEXT(2) 
PARAMETRIC_REPRESENTATION_CONTEXT() REPRESENTATION_CONTEXT('2D SPACE',''
  ) );
#1869 = PCURVE('',#1870,#1875);
#1870 = PLANE('',#1871);
#1871 = AXIS2_PLACEMENT_3D('',#1872,#1873,#1874);
#1872 = CARTESIAN_POINT('',(0.,1.2,550.));
#1873 = DIRECTION('',(0.,1.,0.));
#1874 = DIRECTION('',(0.,0.,1.));
#1875 = DEFINITIONAL_REPRESENTATION('',(#1876),#1880);
#1876 = LINE('',#1877,#1878);
#1877 = CARTESIAN_POINT('',(0.,0.));
#1878 = VECTOR('',#1879,1.);
#1879 = DIRECTION('',(1.,0.));
#1880 = ( GEOMETRIC_REPRESENTATION_CONTEXT(2) 
PARAMETRIC_REPRESENTATION_CONTEXT() REPRESENTATION_CONTEXT('2D SPACE',''
  ) );
#1881 = ORIENTED_EDGE('',*,*,#1882,.F.);
#1882 = EDGE_CURVE('',#1794,#1855,#1883,.T.);
#1883 = SURFACE_CURVE('',#1884,(#1888,#1895),.PCURVE_S1.);
#1884 = LINE('',#1885,#1886);
#1885 = CARTESIAN_POINT('',(0.,-1.2,575.));
#1886 = VECTOR('',#1887,1.);
#1887 = DIRECTION('',(0.,1.,0.));
#1888 = PCURVE('',#1802,#1889);
#1889 = DEFINITIONAL_REPRESENTATION('',(#1890),#1894);
#1890 = LINE('',#1891,#1892);
#1891 = CARTESIAN_POINT('',(25.,0.));
#1892 = VECTOR('',#1893,1.);
#1893 = DIRECTION('',(0.,-1.));
#1894 = ( GEOMETRIC_REPRESENTATION_CONTEXT(2) 
PARAMETRIC_REPRESENTATION_CONTEXT() REPRESENTATION_CONTEXT('2D SPACE',''
  ) );
#1895 = PCURVE('',#1896,#1901);
#1896 = PLANE('',#1897);
#1897 = AXIS2_PLACEMENT_3D('',#1898,#1899,#1900);
#1898 = CARTESIAN_POINT('',(0.,-1.2,575.));
#1899 = DIRECTION('',(0.,0.,1.));
#1900 = DIRECTION('',(1.,0.,0.));
#1901 = DEFINITIONAL_REPRESENTATION('',(#1902),#1906);
#1902 = LINE('',#1903,#1904);
#1903 = CARTESIAN_POINT('',(0.,0.));
#1904 = VECTOR('',#1905,1.);
#1905 = DIRECTION('',(0.,1.));
#1906 = ( GEOMETRIC_REPRESENTATION_CONTEXT(2) 
PARAMETRIC_REPRESENTATION_CONTEXT() REPRESENTATION_CONTEXT('2D SPACE',''
  ) );
#1907 = ADVANCED_FACE('',(#1908),#1922,.T.);
#1908 = FACE_BOUND('',#1909,.T.);
#1909 = EDGE_LOOP('',(#1910,#1940,#1963,#1986));
#1910 = ORIENTED_EDGE('',*,*,#1911,.F.);
#1911 = EDGE_CURVE('',#1912,#1914,#1916,.T.);
#1912 = VERTEX_POINT('',#1913);
#1913 = CARTESIAN_POINT('',(2.4E+03,-1.2,550.));
#1914 = VERTEX_POINT('',#1915);
#1915 = CARTESIAN_POINT('',(2.4E+03,-1.2,575.));
#1916 = SURFACE_CURVE('',#1917,(#1921,#1933),.PCURVE_S1.);
#1917 = LINE('',#1918,#1919);
#1918 = CARTESIAN_POINT('',(2.4E+03,-1.2,550.));
#1919 = VECTOR('',#1920,1.);
#1920 = DIRECTION('',(0.,0.,1.));
#1921 = PCURVE('',#1922,#1927);
#1922 = PLANE('',#1923);
#1923 = AXIS2_PLACEMENT_3D('',#1924,#1925,#1926);
#1924 = CARTESIAN_POINT('',(2.4E+03,-1.2,550.));
#1925 = DIRECTION('',(1.,0.,0.));
#1926 = DIRECTION('',(0.,0.,1.));
#1927 = DEFINITIONAL_REPRESENTATION('',(#1928),#1932);
#1928 = LINE('',#1929,#1930);
#1929 = CARTESIAN_POINT('',(0.,0.));
#1930 = VECTOR('',#1931,1.);
#1931 = DIRECTION('',(1.,0.));
#1932 = ( GEOMETRIC_REPRESENTATION_CONTEXT(2) 
PARAMETRIC_REPRESENTATION_CONTEXT() REPRESENTATION_CONTEXT('2D SPACE',''
  ) );
#1933 = PCURVE('',#1814,#1934);
#1934 = DEFINITIONAL_REPRESENTATION('',(#1935),#1939);
#1935 = LINE('',#1936,#1937);
#1936 = CARTESIAN_POINT('',(0.,2.4E+03));
#1937 = VECTOR('',#1938,1.);
#1938 = DIRECTION('',(1.,0.));
#1939 = ( GEOMETRIC_REPRESENTATION_CONTEXT(2) 
PARAMETRIC_REPRESENTATION_CONTEXT() REPRESENTATION_CONTEXT('2D SPACE',''
  ) );
#1940 = ORIENTED_EDGE('',*,*,#1941,.T.);
#1941 = EDGE_CURVE('',#1912,#1942,#1944,.T.);
#1942 = VERTEX_POINT('',#1943);
#1943 = CARTESIAN_POINT('',(2.4E+03,1.2,550.));
#1944 = SURFACE_CURVE('',#1945,(#1949,#1956),.PCURVE_S1.);
#1945 = LINE('',#1946,#1947);
#1946 = CARTESIAN_POINT('',(2.4E+03,-1.2,550.));
#1947 = VECTOR('',#1948,1.);
#1948 = DIRECTION('',(0.,1.,0.));
#1949 = PCURVE('',#1922,#1950);
#1950 = DEFINITIONAL_REPRESENTATION('',(#1951),#1955);
#1951 = LINE('',#1952,#1953);
#1952 = CARTESIAN_POINT('',(0.,0.));
#1953 = VECTOR('',#1954,1.);
#1954 = DIRECTION('',(0.,-1.));
#1955 = ( GEOMETRIC_REPRESENTATION_CONTEXT(2) 
PARAMETRIC_REPRESENTATION_CONTEXT() REPRESENTATION_CONTEXT('2D SPACE',''
  ) );
#1956 = PCURVE('',#1842,#1957);
#1957 = DEFINITIONAL_REPRESENTATION('',(#1958),#1962);
#1958 = LINE('',#1959,#1960);
#1959 = CARTESIAN_POINT('',(2.4E+03,0.));
#1960 = VECTOR('',#1961,1.);
#1961 = DIRECTION('',(0.,1.));
#1962 = ( GEOMETRIC_REPRESENTATION_CONTEXT(2) 
PARAMETRIC_REPRESENTATION_CONTEXT() REPRESENTATION_CONTEXT('2D SPACE',''
  ) );
#1963 = ORIENTED_EDGE('',*,*,#1964,.T.);
#1964 = EDGE_CURVE('',#1942,#1965,#1967,.T.);
#1965 = VERTEX_POINT('',#1966);
#1966 = CARTESIAN_POINT('',(2.4E+03,1.2,575.));
#1967 = SURFACE_CURVE('',#1968,(#1972,#1979),.PCURVE_S1.);
#1968 = LINE('',#1969,#1970);
#1969 = CARTESIAN_POINT('',(2.4E+03,1.2,550.));
#1970 = VECTOR('',#1971,1.);
#1971 = DIRECTION('',(0.,0.,1.));
#1972 = PCURVE('',#1922,#1973);
#1973 = DEFINITIONAL_REPRESENTATION('',(#1974),#1978);
#1974 = LINE('',#1975,#1976);
#1975 = CARTESIAN_POINT('',(0.,-2.4));
#1976 = VECTOR('',#1977,1.);
#1977 = DIRECTION('',(1.,0.));
#1978 = ( GEOMETRIC_REPRESENTATION_CONTEXT(2) 
PARAMETRIC_REPRESENTATION_CONTEXT() REPRESENTATION_CONTEXT('2D SPACE',''
  ) );
#1979 = PCURVE('',#1870,#1980);
#1980 = DEFINITIONAL_REPRESENTATION('',(#1981),#1985);
#1981 = LINE('',#1982,#1983);
#1982 = CARTESIAN_POINT('',(0.,2.4E+03));
#1983 = VECTOR('',#1984,1.);
#1984 = DIRECTION('',(1.,0.));
#1985 = ( GEOMETRIC_REPRESENTATION_CONTEXT(2) 
PARAMETRIC_REPRESENTATION_CONTEXT() REPRESENTATION_CONTEXT('2D SPACE',''
  ) );
#1986 = ORIENTED_EDGE('',*,*,#1987,.F.);
#1987 = EDGE_CURVE('',#1914,#1965,#1988,.T.);
#1988 = SURFACE_CURVE('',#1989,(#1993,#2000),.PCURVE_S1.);
#1989 = LINE('',#1990,#1991);
#1990 = CARTESIAN_POINT('',(2.4E+03,-1.2,575.));
#1991 = VECTOR('',#1992,1.);
#1992 = DIRECTION('',(0.,1.,0.));
#1993 = PCURVE('',#1922,#1994);
#1994 = DEFINITIONAL_REPRESENTATION('',(#1995),#1999);
#1995 = LINE('',#1996,#1997);
#1996 = CARTESIAN_POINT('',(25.,0.));
#1997 = VECTOR('',#1998,1.);
#1998 = DIRECTION('',(0.,-1.));
#1999 = ( GEOMETRIC_REPRESENTATION_CONTEXT(2) 
PARAMETRIC_REPRESENTATION_CONTEXT() REPRESENTATION_CONTEXT('2D SPACE',''
  ) );
#2000 = PCURVE('',#1896,#2001);
#2001 = DEFINITIONAL_REPRESENTATION('',(#2002),#2006);
#2002 = LINE('',#2003,#2004);
#2003 = CARTESIAN_POINT('',(2.4E+03,0.));
#2004 = VECTOR('',#2005,1.);
#2005 = DIRECTION('',(0.,1.));
#2006 = ( GEOMETRIC_REPRESENTATION_CONTEXT(2) 
PARAMETRIC_REPRESENTATION_CONTEXT() REPRESENTATION_CONTEXT('2D SPACE',''
  ) );
#2007 = ADVANCED_FACE('',(#2008),#1814,.F.);
#2008 = FACE_BOUND('',#2009,.F.);
#2009 = EDGE_LOOP('',(#2010,#2031,#2032,#2053));
#2010 = ORIENTED_EDGE('',*,*,#2011,.F.);
#2011 = EDGE_CURVE('',#1792,#1912,#2012,.T.);
#2012 = SURFACE_CURVE('',#2013,(#2017,#2024),.PCURVE_S1.);
#2013 = LINE('',#2014,#2015);
#2014 = CARTESIAN_POINT('',(0.,-1.2,550.));
#2015 = VECTOR('',#2016,1.);
#2016 = DIRECTION('',(1.,0.,0.));
#2017 = PCURVE('',#1814,#2018);
#2018 = DEFINITIONAL_REPRESENTATION('',(#2019),#2023);
#2019 = LINE('',#2020,#2021);
#2020 = CARTESIAN_POINT('',(0.,0.));
#2021 = VECTOR('',#2022,1.);
#2022 = DIRECTION('',(0.,1.));
#2023 = ( GEOMETRIC_REPRESENTATION_CONTEXT(2) 
PARAMETRIC_REPRESENTATION_CONTEXT() REPRESENTATION_CONTEXT('2D SPACE',''
  ) );
#2024 = PCURVE('',#1842,#2025);
#2025 = DEFINITIONAL_REPRESENTATION('',(#2026),#2030);
#2026 = LINE('',#2027,#2028);
#2027 = CARTESIAN_POINT('',(0.,0.));
#2028 = VECTOR('',#2029,1.);
#2029 = DIRECTION('',(1.,0.));
#2030 = ( GEOMETRIC_REPRESENTATION_CONTEXT(2) 
PARAMETRIC_REPRESENTATION_CONTEXT() REPRESENTATION_CONTEXT('2D SPACE',''
  ) );
#2031 = ORIENTED_EDGE('',*,*,#1791,.T.);
#2032 = ORIENTED_EDGE('',*,*,#2033,.T.);
#2033 = EDGE_CURVE('',#1794,#1914,#2034,.T.);
#2034 = SURFACE_CURVE('',#2035,(#2039,#2046),.PCURVE_S1.);
#2035 = LINE('',#2036,#2037);
#2036 = CARTESIAN_POINT('',(0.,-1.2,575.));
#2037 = VECTOR('',#2038,1.);
#2038 = DIRECTION('',(1.,0.,0.));
#2039 = PCURVE('',#1814,#2040);
#2040 = DEFINITIONAL_REPRESENTATION('',(#2041),#2045);
#2041 = LINE('',#2042,#2043);
#2042 = CARTESIAN_POINT('',(25.,0.));
#2043 = VECTOR('',#2044,1.);
#2044 = DIRECTION('',(0.,1.));
#2045 = ( GEOMETRIC_REPRESENTATION_CONTEXT(2) 
PARAMETRIC_REPRESENTATION_CONTEXT() REPRESENTATION_CONTEXT('2D SPACE',''
  ) );
#2046 = PCURVE('',#1896,#2047);
#2047 = DEFINITIONAL_REPRESENTATION('',(#2048),#2052);
#2048 = LINE('',#2049,#2050);
#2049 = CARTESIAN_POINT('',(0.,0.));
#2050 = VECTOR('',#2051,1.);
#2051 = DIRECTION('',(1.,0.));
#2052 = ( GEOMETRIC_REPRESENTATION_CONTEXT(2) 
PARAMETRIC_REPRESENTATION_CONTEXT() REPRESENTATION_CONTEXT('2D SPACE',''
  ) );
#2053 = ORIENTED_EDGE('',*,*,#1911,.F.);
#2054 = ADVANCED_FACE('',(#2055),#1870,.T.);
#2055 = FACE_BOUND('',#2056,.T.);
#2056 = EDGE_LOOP('',(#2057,#2078,#2079,#2100));
#2057 = ORIENTED_EDGE('',*,*,#2058,.F.);
#2058 = EDGE_CURVE('',#1827,#1942,#2059,.T.);
#2059 = SURFACE_CURVE('',#2060,(#2064,#2071),.PCURVE_S1.);
#2060 = LINE('',#2061,#2062);
#2061 = CARTESIAN_POINT('',(0.,1.2,550.));
#2062 = VECTOR('',#2063,1.);
#2063 = DIRECTION('',(1.,0.,0.));
#2064 = PCURVE('',#1870,#2065);
#2065 = DEFINITIONAL_REPRESENTATION('',(#2066),#2070);
#2066 = LINE('',#2067,#2068);
#2067 = CARTESIAN_POINT('',(0.,0.));
#2068 = VECTOR('',#2069,1.);
#2069 = DIRECTION('',(0.,1.));
#2070 = ( GEOMETRIC_REPRESENTATION_CONTEXT(2) 
PARAMETRIC_REPRESENTATION_CONTEXT() REPRESENTATION_CONTEXT('2D SPACE',''
  ) );
#2071 = PCURVE('',#1842,#2072);
#2072 = DEFINITIONAL_REPRESENTATION('',(#2073),#2077);
#2073 = LINE('',#2074,#2075);
#2074 = CARTESIAN_POINT('',(0.,2.4));
#2075 = VECTOR('',#2076,1.);
#2076 = DIRECTION('',(1.,0.));
#2077 = ( GEOMETRIC_REPRESENTATION_CONTEXT(2) 
PARAMETRIC_REPRESENTATION_CONTEXT() REPRESENTATION_CONTEXT('2D SPACE',''
  ) );
#2078 = ORIENTED_EDGE('',*,*,#1854,.T.);
#2079 = ORIENTED_EDGE('',*,*,#2080,.T.);
#2080 = EDGE_CURVE('',#1855,#1965,#2081,.T.);
#2081 = SURFACE_CURVE('',#2082,(#2086,#2093),.PCURVE_S1.);
#2082 = LINE('',#2083,#2084);
#2083 = CARTESIAN_POINT('',(0.,1.2,575.));
#2084 = VECTOR('',#2085,1.);
#2085 = DIRECTION('',(1.,0.,0.));
#2086 = PCURVE('',#1870,#2087);
#2087 = DEFINITIONAL_REPRESENTATION('',(#2088),#2092);
#2088 = LINE('',#2089,#2090);
#2089 = CARTESIAN_POINT('',(25.,0.));
#2090 = VECTOR('',#2091,1.);
#2091 = DIRECTION('',(0.,1.));
#2092 = ( GEOMETRIC_REPRESENTATION_CONTEXT(2) 
PARAMETRIC_REPRESENTATION_CONTEXT() REPRESENTATION_CONTEXT('2D SPACE',''
  ) );
#2093 = PCURVE('',#1896,#2094);
#2094 = DEFINITIONAL_REPRESENTATION('',(#2095),#2099);
#2095 = LINE('',#2096,#2097);
#2096 = CARTESIAN_POINT('',(0.,2.4));
#2097 = VECTOR('',#2098,1.);
#2098 = DIRECTION('',(1.,0.));
#2099 = ( GEOMETRIC_REPRESENTATION_CONTEXT(2) 
PARAMETRIC_REPRESENTATION_CONTEXT() REPRESENTATION_CONTEXT('2D SPACE',''
  ) );
#2100 = ORIENTED_EDGE('',*,*,#1964,.F.);
#2101 = ADVANCED_FACE('',(#2102),#1842,.F.);
#2102 = FACE_BOUND('',#2103,.F.);
#2103 = EDGE_LOOP('',(#2104,#2105,#2106,#2107));
#2104 = ORIENTED_EDGE('',*,*,#1826,.F.);
#2105 = ORIENTED_EDGE('',*,*,#2011,.T.);
#2106 = ORIENTED_EDGE('',*,*,#1941,.T.);
#2107 = ORIENTED_EDGE('',*,*,#2058,.F.);
#2108 = ADVANCED_FACE('',(#2109),#1896,.T.);
#2109 = FACE_BOUND('',#2110,.T.);
#2110 = EDGE_LOOP('',(#2111,#2112,#2113,#2114));
#2111 = ORIENTED_EDGE('',*,*,#1882,.F.);
#2112 = ORIENTED_EDGE('',*,*,#2033,.T.);
#2113 = ORIENTED_EDGE('',*,*,#1987,.T.);
#2114 = ORIENTED_EDGE('',*,*,#2080,.F.);
#2115 = ( GEOMETRIC_REPRESENTATION_CONTEXT(3) 
GLOBAL_UNCERTAINTY_ASSIGNED_CONTEXT((#2119)) 
GLOBAL_UNIT_ASSIGNED_CONTEXT((#2116,#2117,#2118)) REPRESENTATION_CONTEXT
('Context #1','3D Context with UNIT and UNCERTAINTY') );
#2116 = ( LENGTH_UNIT() NAMED_UNIT(*) SI_UNIT(.MILLI.,.METRE.) );
#2117 = ( NAMED_UNIT(*) PLANE_ANGLE_UNIT() SI_UNIT($,.RADIAN.) );
#2118 = ( NAMED_UNIT(*) SI_UNIT($,.STERADIAN.) SOLID_ANGLE_UNIT() );
#2119 = UNCERTAINTY_MEASURE_WITH_UNIT(LENGTH_MEASURE(1.E-07),#2116,
  'distance_accuracy_value','confusion accuracy');
#2120 = CONTEXT_DEPENDENT_SHAPE_REPRESENTATION(#2121,#2123);
#2121 = ( REPRESENTATION_RELATIONSHIP('','',#1784,#10) 
REPRESENTATION_RELATIONSHIP_WITH_TRANSFORMATION(#2122) 
SHAPE_REPRESENTATION_RELATIONSHIP() );
#2122 = ITEM_DEFINED_TRANSFORMATION('','',#11,#31);
#2123 = PRODUCT_DEFINITION_SHAPE('Placement','Placement of an item',
  #2124);
#2124 = NEXT_ASSEMBLY_USAGE_OCCURRENCE('95','SILL_FLANGE','',#5,#1779,$
  );
#2125 = PRODUCT_RELATED_PRODUCT_CATEGORY('part',$,(#1781));
#2126 = SHAPE_DEFINITION_REPRESENTATION(#2127,#2133);
#2127 = PRODUCT_DEFINITION_SHAPE('','',#2128);
#2128 = PRODUCT_DEFINITION('design','',#2129,#2132);
#2129 = PRODUCT_DEFINITION_FORMATION('','',#2130);
#2130 = PRODUCT('PILLAR_OUTER','PILLAR_OUTER','',(#2131));
#2131 = PRODUCT_CONTEXT('',#2,'mechanical');
#2132 = PRODUCT_DEFINITION_CONTEXT('part definition',#2,'design');
#2133 = ADVANCED_BREP_SHAPE_REPRESENTATION('',(#11,#2134),#2464);
#2134 = MANIFOLD_SOLID_BREP('',#2135);
#2135 = CLOSED_SHELL('',(#2136,#2256,#2356,#2403,#2450,#2457));
#2136 = ADVANCED_FACE('',(#2137),#2151,.F.);
#2137 = FACE_BOUND('',#2138,.F.);
#2138 = EDGE_LOOP('',(#2139,#2174,#2202,#2230));
#2139 = ORIENTED_EDGE('',*,*,#2140,.F.);
#2140 = EDGE_CURVE('',#2141,#2143,#2145,.T.);
#2141 = VERTEX_POINT('',#2142);
#2142 = CARTESIAN_POINT('',(1.12E+03,-61.2,550.));
#2143 = VERTEX_POINT('',#2144);
#2144 = CARTESIAN_POINT('',(1.12E+03,-61.2,1.45E+03));
#2145 = SURFACE_CURVE('',#2146,(#2150,#2162),.PCURVE_S1.);
#2146 = LINE('',#2147,#2148);
#2147 = CARTESIAN_POINT('',(1.12E+03,-61.2,550.));
#2148 = VECTOR('',#2149,1.);
#2149 = DIRECTION('',(0.,0.,1.));
#2150 = PCURVE('',#2151,#2156);
#2151 = PLANE('',#2152);
#2152 = AXIS2_PLACEMENT_3D('',#2153,#2154,#2155);
#2153 = CARTESIAN_POINT('',(1.12E+03,-61.2,550.));
#2154 = DIRECTION('',(1.,0.,0.));
#2155 = DIRECTION('',(0.,0.,1.));
#2156 = DEFINITIONAL_REPRESENTATION('',(#2157),#2161);
#2157 = LINE('',#2158,#2159);
#2158 = CARTESIAN_POINT('',(0.,0.));
#2159 = VECTOR('',#2160,1.);
#2160 = DIRECTION('',(1.,0.));
#2161 = ( GEOMETRIC_REPRESENTATION_CONTEXT(2) 
PARAMETRIC_REPRESENTATION_CONTEXT() REPRESENTATION_CONTEXT('2D SPACE',''
  ) );
#2162 = PCURVE('',#2163,#2168);
#2163 = PLANE('',#2164);
#2164 = AXIS2_PLACEMENT_3D('',#2165,#2166,#2167);
#2165 = CARTESIAN_POINT('',(1.12E+03,-61.2,550.));
#2166 = DIRECTION('',(0.,1.,0.));
#2167 = DIRECTION('',(0.,0.,1.));
#2168 = DEFINITIONAL_REPRESENTATION('',(#2169),#2173);
#2169 = LINE('',#2170,#2171);
#2170 = CARTESIAN_POINT('',(0.,0.));
#2171 = VECTOR('',#2172,1.);
#2172 = DIRECTION('',(1.,0.));
#2173 = ( GEOMETRIC_REPRESENTATION_CONTEXT(2) 
PARAMETRIC_REPRESENTATION_CONTEXT() REPRESENTATION_CONTEXT('2D SPACE',''
  ) );
#2174 = ORIENTED_EDGE('',*,*,#2175,.T.);
#2175 = EDGE_CURVE('',#2141,#2176,#2178,.T.);
#2176 = VERTEX_POINT('',#2177);
#2177 = CARTESIAN_POINT('',(1.12E+03,-60.,550.));
#2178 = SURFACE_CURVE('',#2179,(#2183,#2190),.PCURVE_S1.);
#2179 = LINE('',#2180,#2181);
#2180 = CARTESIAN_POINT('',(1.12E+03,-61.2,550.));
#2181 = VECTOR('',#2182,1.);
#2182 = DIRECTION('',(0.,1.,0.));
#2183 = PCURVE('',#2151,#2184);
#2184 = DEFINITIONAL_REPRESENTATION('',(#2185),#2189);
#2185 = LINE('',#2186,#2187);
#2186 = CARTESIAN_POINT('',(0.,0.));
#2187 = VECTOR('',#2188,1.);
#2188 = DIRECTION('',(0.,-1.));
#2189 = ( GEOMETRIC_REPRESENTATION_CONTEXT(2) 
PARAMETRIC_REPRESENTATION_CONTEXT() REPRESENTATION_CONTEXT('2D SPACE',''
  ) );
#2190 = PCURVE('',#2191,#2196);
#2191 = PLANE('',#2192);
#2192 = AXIS2_PLACEMENT_3D('',#2193,#2194,#2195);
#2193 = CARTESIAN_POINT('',(1.12E+03,-61.2,550.));
#2194 = DIRECTION('',(0.,0.,1.));
#2195 = DIRECTION('',(1.,0.,0.));
#2196 = DEFINITIONAL_REPRESENTATION('',(#2197),#2201);
#2197 = LINE('',#2198,#2199);
#2198 = CARTESIAN_POINT('',(0.,0.));
#2199 = VECTOR('',#2200,1.);
#2200 = DIRECTION('',(0.,1.));
#2201 = ( GEOMETRIC_REPRESENTATION_CONTEXT(2) 
PARAMETRIC_REPRESENTATION_CONTEXT() REPRESENTATION_CONTEXT('2D SPACE',''
  ) );
#2202 = ORIENTED_EDGE('',*,*,#2203,.T.);
#2203 = EDGE_CURVE('',#2176,#2204,#2206,.T.);
#2204 = VERTEX_POINT('',#2205);
#2205 = CARTESIAN_POINT('',(1.12E+03,-60.,1.45E+03));
#2206 = SURFACE_CURVE('',#2207,(#2211,#2218),.PCURVE_S1.);
#2207 = LINE('',#2208,#2209);
#2208 = CARTESIAN_POINT('',(1.12E+03,-60.,550.));
#2209 = VECTOR('',#2210,1.);
#2210 = DIRECTION('',(0.,0.,1.));
#2211 = PCURVE('',#2151,#2212);
#2212 = DEFINITIONAL_REPRESENTATION('',(#2213),#2217);
#2213 = LINE('',#2214,#2215);
#2214 = CARTESIAN_POINT('',(0.,-1.2));
#2215 = VECTOR('',#2216,1.);
#2216 = DIRECTION('',(1.,0.));
#2217 = ( GEOMETRIC_REPRESENTATION_CONTEXT(2) 
PARAMETRIC_REPRESENTATION_CONTEXT() REPRESENTATION_CONTEXT('2D SPACE',''
  ) );
#2218 = PCURVE('',#2219,#2224);
#2219 = PLANE('',#2220);
#2220 = AXIS2_PLACEMENT_3D('',#2221,#2222,#2223);
#2221 = CARTESIAN_POINT('',(1.12E+03,-60.,550.));
#2222 = DIRECTION('',(0.,1.,0.));
#2223 = DIRECTION('',(0.,0.,1.));
#2224 = DEFINITIONAL_REPRESENTATION('',(#2225),#2229);
#2225 = LINE('',#2226,#2227);
#2226 = CARTESIAN_POINT('',(0.,0.));
#2227 = VECTOR('',#2228,1.);
#2228 = DIRECTION('',(1.,0.));
#2229 = ( GEOMETRIC_REPRESENTATION_CONTEXT(2) 
PARAMETRIC_REPRESENTATION_CONTEXT() REPRESENTATION_CONTEXT('2D SPACE',''
  ) );
#2230 = ORIENTED_EDGE('',*,*,#2231,.F.);
#2231 = EDGE_CURVE('',#2143,#2204,#2232,.T.);
#2232 = SURFACE_CURVE('',#2233,(#2237,#2244),.PCURVE_S1.);
#2233 = LINE('',#2234,#2235);
#2234 = CARTESIAN_POINT('',(1.12E+03,-61.2,1.45E+03));
#2235 = VECTOR('',#2236,1.);
#2236 = DIRECTION('',(0.,1.,0.));
#2237 = PCURVE('',#2151,#2238);
#2238 = DEFINITIONAL_REPRESENTATION('',(#2239),#2243);
#2239 = LINE('',#2240,#2241);
#2240 = CARTESIAN_POINT('',(900.,0.));
#2241 = VECTOR('',#2242,1.);
#2242 = DIRECTION('',(0.,-1.));
#2243 = ( GEOMETRIC_REPRESENTATION_CONTEXT(2) 
PARAMETRIC_REPRESENTATION_CONTEXT() REPRESENTATION_CONTEXT('2D SPACE',''
  ) );
#2244 = PCURVE('',#2245,#2250);
#2245 = PLANE('',#2246);
#2246 = AXIS2_PLACEMENT_3D('',#2247,#2248,#2249);
#2247 = CARTESIAN_POINT('',(1.12E+03,-61.2,1.45E+03));
#2248 = DIRECTION('',(0.,0.,1.));
#2249 = DIRECTION('',(1.,0.,0.));
#2250 = DEFINITIONAL_REPRESENTATION('',(#2251),#2255);
#2251 = LINE('',#2252,#2253);
#2252 = CARTESIAN_POINT('',(0.,0.));
#2253 = VECTOR('',#2254,1.);
#2254 = DIRECTION('',(0.,1.));
#2255 = ( GEOMETRIC_REPRESENTATION_CONTEXT(2) 
PARAMETRIC_REPRESENTATION_CONTEXT() REPRESENTATION_CONTEXT('2D SPACE',''
  ) );
#2256 = ADVANCED_FACE('',(#2257),#2271,.T.);
#2257 = FACE_BOUND('',#2258,.T.);
#2258 = EDGE_LOOP('',(#2259,#2289,#2312,#2335));
#2259 = ORIENTED_EDGE('',*,*,#2260,.F.);
#2260 = EDGE_CURVE('',#2261,#2263,#2265,.T.);
#2261 = VERTEX_POINT('',#2262);
#2262 = CARTESIAN_POINT('',(1.28E+03,-61.2,550.));
#2263 = VERTEX_POINT('',#2264);
#2264 = CARTESIAN_POINT('',(1.28E+03,-61.2,1.45E+03));
#2265 = SURFACE_CURVE('',#2266,(#2270,#2282),.PCURVE_S1.);
#2266 = LINE('',#2267,#2268);
#2267 = CARTESIAN_POINT('',(1.28E+03,-61.2,550.));
#2268 = VECTOR('',#2269,1.);
#2269 = DIRECTION('',(0.,0.,1.));
#2270 = PCURVE('',#2271,#2276);
#2271 = PLANE('',#2272);
#2272 = AXIS2_PLACEMENT_3D('',#2273,#2274,#2275);
#2273 = CARTESIAN_POINT('',(1.28E+03,-61.2,550.));
#2274 = DIRECTION('',(1.,0.,0.));
#2275 = DIRECTION('',(0.,0.,1.));
#2276 = DEFINITIONAL_REPRESENTATION('',(#2277),#2281);
#2277 = LINE('',#2278,#2279);
#2278 = CARTESIAN_POINT('',(0.,0.));
#2279 = VECTOR('',#2280,1.);
#2280 = DIRECTION('',(1.,0.));
#2281 = ( GEOMETRIC_REPRESENTATION_CONTEXT(2) 
PARAMETRIC_REPRESENTATION_CONTEXT() REPRESENTATION_CONTEXT('2D SPACE',''
  ) );
#2282 = PCURVE('',#2163,#2283);
#2283 = DEFINITIONAL_REPRESENTATION('',(#2284),#2288);
#2284 = LINE('',#2285,#2286);
#2285 = CARTESIAN_POINT('',(0.,160.));
#2286 = VECTOR('',#2287,1.);
#2287 = DIRECTION('',(1.,0.));
#2288 = ( GEOMETRIC_REPRESENTATION_CONTEXT(2) 
PARAMETRIC_REPRESENTATION_CONTEXT() REPRESENTATION_CONTEXT('2D SPACE',''
  ) );
#2289 = ORIENTED_EDGE('',*,*,#2290,.T.);
#2290 = EDGE_CURVE('',#2261,#2291,#2293,.T.);
#2291 = VERTEX_POINT('',#2292);
#2292 = CARTESIAN_POINT('',(1.28E+03,-60.,550.));
#2293 = SURFACE_CURVE('',#2294,(#2298,#2305),.PCURVE_S1.);
#2294 = LINE('',#2295,#2296);
#2295 = CARTESIAN_POINT('',(1.28E+03,-61.2,550.));
#2296 = VECTOR('',#2297,1.);
#2297 = DIRECTION('',(0.,1.,0.));
#2298 = PCURVE('',#2271,#2299);
#2299 = DEFINITIONAL_REPRESENTATION('',(#2300),#2304);
#2300 = LINE('',#2301,#2302);
#2301 = CARTESIAN_POINT('',(0.,0.));
#2302 = VECTOR('',#2303,1.);
#2303 = DIRECTION('',(0.,-1.));
#2304 = ( GEOMETRIC_REPRESENTATION_CONTEXT(2) 
PARAMETRIC_REPRESENTATION_CONTEXT() REPRESENTATION_CONTEXT('2D SPACE',''
  ) );
#2305 = PCURVE('',#2191,#2306);
#2306 = DEFINITIONAL_REPRESENTATION('',(#2307),#2311);
#2307 = LINE('',#2308,#2309);
#2308 = CARTESIAN_POINT('',(160.,0.));
#2309 = VECTOR('',#2310,1.);
#2310 = DIRECTION('',(0.,1.));
#2311 = ( GEOMETRIC_REPRESENTATION_CONTEXT(2) 
PARAMETRIC_REPRESENTATION_CONTEXT() REPRESENTATION_CONTEXT('2D SPACE',''
  ) );
#2312 = ORIENTED_EDGE('',*,*,#2313,.T.);
#2313 = EDGE_CURVE('',#2291,#2314,#2316,.T.);
#2314 = VERTEX_POINT('',#2315);
#2315 = CARTESIAN_POINT('',(1.28E+03,-60.,1.45E+03));
#2316 = SURFACE_CURVE('',#2317,(#2321,#2328),.PCURVE_S1.);
#2317 = LINE('',#2318,#2319);
#2318 = CARTESIAN_POINT('',(1.28E+03,-60.,550.));
#2319 = VECTOR('',#2320,1.);
#2320 = DIRECTION('',(0.,0.,1.));
#2321 = PCURVE('',#2271,#2322);
#2322 = DEFINITIONAL_REPRESENTATION('',(#2323),#2327);
#2323 = LINE('',#2324,#2325);
#2324 = CARTESIAN_POINT('',(0.,-1.2));
#2325 = VECTOR('',#2326,1.);
#2326 = DIRECTION('',(1.,0.));
#2327 = ( GEOMETRIC_REPRESENTATION_CONTEXT(2) 
PARAMETRIC_REPRESENTATION_CONTEXT() REPRESENTATION_CONTEXT('2D SPACE',''
  ) );
#2328 = PCURVE('',#2219,#2329);
#2329 = DEFINITIONAL_REPRESENTATION('',(#2330),#2334);
#2330 = LINE('',#2331,#2332);
#2331 = CARTESIAN_POINT('',(0.,160.));
#2332 = VECTOR('',#2333,1.);
#2333 = DIRECTION('',(1.,0.));
#2334 = ( GEOMETRIC_REPRESENTATION_CONTEXT(2) 
PARAMETRIC_REPRESENTATION_CONTEXT() REPRESENTATION_CONTEXT('2D SPACE',''
  ) );
#2335 = ORIENTED_EDGE('',*,*,#2336,.F.);
#2336 = EDGE_CURVE('',#2263,#2314,#2337,.T.);
#2337 = SURFACE_CURVE('',#2338,(#2342,#2349),.PCURVE_S1.);
#2338 = LINE('',#2339,#2340);
#2339 = CARTESIAN_POINT('',(1.28E+03,-61.2,1.45E+03));
#2340 = VECTOR('',#2341,1.);
#2341 = DIRECTION('',(0.,1.,0.));
#2342 = PCURVE('',#2271,#2343);
#2343 = DEFINITIONAL_REPRESENTATION('',(#2344),#2348);
#2344 = LINE('',#2345,#2346);
#2345 = CARTESIAN_POINT('',(900.,0.));
#2346 = VECTOR('',#2347,1.);
#2347 = DIRECTION('',(0.,-1.));
#2348 = ( GEOMETRIC_REPRESENTATION_CONTEXT(2) 
PARAMETRIC_REPRESENTATION_CONTEXT() REPRESENTATION_CONTEXT('2D SPACE',''
  ) );
#2349 = PCURVE('',#2245,#2350);
#2350 = DEFINITIONAL_REPRESENTATION('',(#2351),#2355);
#2351 = LINE('',#2352,#2353);
#2352 = CARTESIAN_POINT('',(160.,0.));
#2353 = VECTOR('',#2354,1.);
#2354 = DIRECTION('',(0.,1.));
#2355 = ( GEOMETRIC_REPRESENTATION_CONTEXT(2) 
PARAMETRIC_REPRESENTATION_CONTEXT() REPRESENTATION_CONTEXT('2D SPACE',''
  ) );
#2356 = ADVANCED_FACE('',(#2357),#2163,.F.);
#2357 = FACE_BOUND('',#2358,.F.);
#2358 = EDGE_LOOP('',(#2359,#2380,#2381,#2402));
#2359 = ORIENTED_EDGE('',*,*,#2360,.F.);
#2360 = EDGE_CURVE('',#2141,#2261,#2361,.T.);
#2361 = SURFACE_CURVE('',#2362,(#2366,#2373),.PCURVE_S1.);
#2362 = LINE('',#2363,#2364);
#2363 = CARTESIAN_POINT('',(1.12E+03,-61.2,550.));
#2364 = VECTOR('',#2365,1.);
#2365 = DIRECTION('',(1.,0.,0.));
#2366 = PCURVE('',#2163,#2367);
#2367 = DEFINITIONAL_REPRESENTATION('',(#2368),#2372);
#2368 = LINE('',#2369,#2370);
#2369 = CARTESIAN_POINT('',(0.,0.));
#2370 = VECTOR('',#2371,1.);
#2371 = DIRECTION('',(0.,1.));
#2372 = ( GEOMETRIC_REPRESENTATION_CONTEXT(2) 
PARAMETRIC_REPRESENTATION_CONTEXT() REPRESENTATION_CONTEXT('2D SPACE',''
  ) );
#2373 = PCURVE('',#2191,#2374);
#2374 = DEFINITIONAL_REPRESENTATION('',(#2375),#2379);
#2375 = LINE('',#2376,#2377);
#2376 = CARTESIAN_POINT('',(0.,0.));
#2377 = VECTOR('',#2378,1.);
#2378 = DIRECTION('',(1.,0.));
#2379 = ( GEOMETRIC_REPRESENTATION_CONTEXT(2) 
PARAMETRIC_REPRESENTATION_CONTEXT() REPRESENTATION_CONTEXT('2D SPACE',''
  ) );
#2380 = ORIENTED_EDGE('',*,*,#2140,.T.);
#2381 = ORIENTED_EDGE('',*,*,#2382,.T.);
#2382 = EDGE_CURVE('',#2143,#2263,#2383,.T.);
#2383 = SURFACE_CURVE('',#2384,(#2388,#2395),.PCURVE_S1.);
#2384 = LINE('',#2385,#2386);
#2385 = CARTESIAN_POINT('',(1.12E+03,-61.2,1.45E+03));
#2386 = VECTOR('',#2387,1.);
#2387 = DIRECTION('',(1.,0.,0.));
#2388 = PCURVE('',#2163,#2389);
#2389 = DEFINITIONAL_REPRESENTATION('',(#2390),#2394);
#2390 = LINE('',#2391,#2392);
#2391 = CARTESIAN_POINT('',(900.,0.));
#2392 = VECTOR('',#2393,1.);
#2393 = DIRECTION('',(0.,1.));
#2394 = ( GEOMETRIC_REPRESENTATION_CONTEXT(2) 
PARAMETRIC_REPRESENTATION_CONTEXT() REPRESENTATION_CONTEXT('2D SPACE',''
  ) );
#2395 = PCURVE('',#2245,#2396);
#2396 = DEFINITIONAL_REPRESENTATION('',(#2397),#2401);
#2397 = LINE('',#2398,#2399);
#2398 = CARTESIAN_POINT('',(0.,0.));
#2399 = VECTOR('',#2400,1.);
#2400 = DIRECTION('',(1.,0.));
#2401 = ( GEOMETRIC_REPRESENTATION_CONTEXT(2) 
PARAMETRIC_REPRESENTATION_CONTEXT() REPRESENTATION_CONTEXT('2D SPACE',''
  ) );
#2402 = ORIENTED_EDGE('',*,*,#2260,.F.);
#2403 = ADVANCED_FACE('',(#2404),#2219,.T.);
#2404 = FACE_BOUND('',#2405,.T.);
#2405 = EDGE_LOOP('',(#2406,#2427,#2428,#2449));
#2406 = ORIENTED_EDGE('',*,*,#2407,.F.);
#2407 = EDGE_CURVE('',#2176,#2291,#2408,.T.);
#2408 = SURFACE_CURVE('',#2409,(#2413,#2420),.PCURVE_S1.);
#2409 = LINE('',#2410,#2411);
#2410 = CARTESIAN_POINT('',(1.12E+03,-60.,550.));
#2411 = VECTOR('',#2412,1.);
#2412 = DIRECTION('',(1.,0.,0.));
#2413 = PCURVE('',#2219,#2414);
#2414 = DEFINITIONAL_REPRESENTATION('',(#2415),#2419);
#2415 = LINE('',#2416,#2417);
#2416 = CARTESIAN_POINT('',(0.,0.));
#2417 = VECTOR('',#2418,1.);
#2418 = DIRECTION('',(0.,1.));
#2419 = ( GEOMETRIC_REPRESENTATION_CONTEXT(2) 
PARAMETRIC_REPRESENTATION_CONTEXT() REPRESENTATION_CONTEXT('2D SPACE',''
  ) );
#2420 = PCURVE('',#2191,#2421);
#2421 = DEFINITIONAL_REPRESENTATION('',(#2422),#2426);
#2422 = LINE('',#2423,#2424);
#2423 = CARTESIAN_POINT('',(0.,1.2));
#2424 = VECTOR('',#2425,1.);
#2425 = DIRECTION('',(1.,0.));
#2426 = ( GEOMETRIC_REPRESENTATION_CONTEXT(2) 
PARAMETRIC_REPRESENTATION_CONTEXT() REPRESENTATION_CONTEXT('2D SPACE',''
  ) );
#2427 = ORIENTED_EDGE('',*,*,#2203,.T.);
#2428 = ORIENTED_EDGE('',*,*,#2429,.T.);
#2429 = EDGE_CURVE('',#2204,#2314,#2430,.T.);
#2430 = SURFACE_CURVE('',#2431,(#2435,#2442),.PCURVE_S1.);
#2431 = LINE('',#2432,#2433);
#2432 = CARTESIAN_POINT('',(1.12E+03,-60.,1.45E+03));
#2433 = VECTOR('',#2434,1.);
#2434 = DIRECTION('',(1.,0.,0.));
#2435 = PCURVE('',#2219,#2436);
#2436 = DEFINITIONAL_REPRESENTATION('',(#2437),#2441);
#2437 = LINE('',#2438,#2439);
#2438 = CARTESIAN_POINT('',(900.,0.));
#2439 = VECTOR('',#2440,1.);
#2440 = DIRECTION('',(0.,1.));
#2441 = ( GEOMETRIC_REPRESENTATION_CONTEXT(2) 
PARAMETRIC_REPRESENTATION_CONTEXT() REPRESENTATION_CONTEXT('2D SPACE',''
  ) );
#2442 = PCURVE('',#2245,#2443);
#2443 = DEFINITIONAL_REPRESENTATION('',(#2444),#2448);
#2444 = LINE('',#2445,#2446);
#2445 = CARTESIAN_POINT('',(0.,1.2));
#2446 = VECTOR('',#2447,1.);
#2447 = DIRECTION('',(1.,0.));
#2448 = ( GEOMETRIC_REPRESENTATION_CONTEXT(2) 
PARAMETRIC_REPRESENTATION_CONTEXT() REPRESENTATION_CONTEXT('2D SPACE',''
  ) );
#2449 = ORIENTED_EDGE('',*,*,#2313,.F.);
#2450 = ADVANCED_FACE('',(#2451),#2191,.F.);
#2451 = FACE_BOUND('',#2452,.F.);
#2452 = EDGE_LOOP('',(#2453,#2454,#2455,#2456));
#2453 = ORIENTED_EDGE('',*,*,#2175,.F.);
#2454 = ORIENTED_EDGE('',*,*,#2360,.T.);
#2455 = ORIENTED_EDGE('',*,*,#2290,.T.);
#2456 = ORIENTED_EDGE('',*,*,#2407,.F.);
#2457 = ADVANCED_FACE('',(#2458),#2245,.T.);
#2458 = FACE_BOUND('',#2459,.T.);
#2459 = EDGE_LOOP('',(#2460,#2461,#2462,#2463));
#2460 = ORIENTED_EDGE('',*,*,#2231,.F.);
#2461 = ORIENTED_EDGE('',*,*,#2382,.T.);
#2462 = ORIENTED_EDGE('',*,*,#2336,.T.);
#2463 = ORIENTED_EDGE('',*,*,#2429,.F.);
#2464 = ( GEOMETRIC_REPRESENTATION_CONTEXT(3) 
GLOBAL_UNCERTAINTY_ASSIGNED_CONTEXT((#2468)) 
GLOBAL_UNIT_ASSIGNED_CONTEXT((#2465,#2466,#2467)) REPRESENTATION_CONTEXT
('Context #1','3D Context with UNIT and UNCERTAINTY') );
#2465 = ( LENGTH_UNIT() NAMED_UNIT(*) SI_UNIT(.MILLI.,.METRE.) );
#2466 = ( NAMED_UNIT(*) PLANE_ANGLE_UNIT() SI_UNIT($,.RADIAN.) );
#2467 = ( NAMED_UNIT(*) SI_UNIT($,.STERADIAN.) SOLID_ANGLE_UNIT() );
#2468 = UNCERTAINTY_MEASURE_WITH_UNIT(LENGTH_MEASURE(1.E-07),#2465,
  'distance_accuracy_value','confusion accuracy');
#2469 = CONTEXT_DEPENDENT_SHAPE_REPRESENTATION(#2470,#2472);
#2470 = ( REPRESENTATION_RELATIONSHIP('','',#2133,#10) 
REPRESENTATION_RELATIONSHIP_WITH_TRANSFORMATION(#2471) 
SHAPE_REPRESENTATION_RELATIONSHIP() );
#2471 = ITEM_DEFINED_TRANSFORMATION('','',#11,#35);
#2472 = PRODUCT_DEFINITION_SHAPE('Placement','Placement of an item',
  #2473);
#2473 = NEXT_ASSEMBLY_USAGE_OCCURRENCE('96','PILLAR_OUTER','',#5,#2128,$
  );
#2474 = PRODUCT_RELATED_PRODUCT_CATEGORY('part',$,(#2130));
#2475 = SHAPE_DEFINITION_REPRESENTATION(#2476,#2482);
#2476 = PRODUCT_DEFINITION_SHAPE('','',#2477);
#2477 = PRODUCT_DEFINITION('design','',#2478,#2481);
#2478 = PRODUCT_DEFINITION_FORMATION('','',#2479);
#2479 = PRODUCT('PILLAR_FRONT','PILLAR_FRONT','',(#2480));
#2480 = PRODUCT_CONTEXT('',#2,'mechanical');
#2481 = PRODUCT_DEFINITION_CONTEXT('part definition',#2,'design');
#2482 = ADVANCED_BREP_SHAPE_REPRESENTATION('',(#11,#2483),#2813);
#2483 = MANIFOLD_SOLID_BREP('',#2484);
#2484 = CLOSED_SHELL('',(#2485,#2605,#2705,#2752,#2799,#2806));
#2485 = ADVANCED_FACE('',(#2486),#2500,.F.);
#2486 = FACE_BOUND('',#2487,.F.);
#2487 = EDGE_LOOP('',(#2488,#2523,#2551,#2579));
#2488 = ORIENTED_EDGE('',*,*,#2489,.F.);
#2489 = EDGE_CURVE('',#2490,#2492,#2494,.T.);
#2490 = VERTEX_POINT('',#2491);
#2491 = CARTESIAN_POINT('',(1.12E+03,-60.,550.));
#2492 = VERTEX_POINT('',#2493);
#2493 = CARTESIAN_POINT('',(1.12E+03,-60.,1.45E+03));
#2494 = SURFACE_CURVE('',#2495,(#2499,#2511),.PCURVE_S1.);
#2495 = LINE('',#2496,#2497);
#2496 = CARTESIAN_POINT('',(1.12E+03,-60.,550.));
#2497 = VECTOR('',#2498,1.);
#2498 = DIRECTION('',(0.,0.,1.));
#2499 = PCURVE('',#2500,#2505);
#2500 = PLANE('',#2501);
#2501 = AXIS2_PLACEMENT_3D('',#2502,#2503,#2504);
#2502 = CARTESIAN_POINT('',(1.12E+03,-60.,550.));
#2503 = DIRECTION('',(1.,0.,0.));
#2504 = DIRECTION('',(0.,0.,1.));
#2505 = DEFINITIONAL_REPRESENTATION('',(#2506),#2510);
#2506 = LINE('',#2507,#2508);
#2507 = CARTESIAN_POINT('',(0.,0.));
#2508 = VECTOR('',#2509,1.);
#2509 = DIRECTION('',(1.,0.));
#2510 = ( GEOMETRIC_REPRESENTATION_CONTEXT(2) 
PARAMETRIC_REPRESENTATION_CONTEXT() REPRESENTATION_CONTEXT('2D SPACE',''
  ) );
#2511 = PCURVE('',#2512,#2517);
#2512 = PLANE('',#2513);
#2513 = AXIS2_PLACEMENT_3D('',#2514,#2515,#2516);
#2514 = CARTESIAN_POINT('',(1.12E+03,-60.,550.));
#2515 = DIRECTION('',(0.,1.,0.));
#2516 = DIRECTION('',(0.,0.,1.));
#2517 = DEFINITIONAL_REPRESENTATION('',(#2518),#2522);
#2518 = LINE('',#2519,#2520);
#2519 = CARTESIAN_POINT('',(0.,0.));
#2520 = VECTOR('',#2521,1.);
#2521 = DIRECTION('',(1.,0.));
#2522 = ( GEOMETRIC_REPRESENTATION_CONTEXT(2) 
PARAMETRIC_REPRESENTATION_CONTEXT() REPRESENTATION_CONTEXT('2D SPACE',''
  ) );
#2523 = ORIENTED_EDGE('',*,*,#2524,.T.);
#2524 = EDGE_CURVE('',#2490,#2525,#2527,.T.);
#2525 = VERTEX_POINT('',#2526);
#2526 = CARTESIAN_POINT('',(1.12E+03,60.,550.));
#2527 = SURFACE_CURVE('',#2528,(#2532,#2539),.PCURVE_S1.);
#2528 = LINE('',#2529,#2530);
#2529 = CARTESIAN_POINT('',(1.12E+03,-60.,550.));
#2530 = VECTOR('',#2531,1.);
#2531 = DIRECTION('',(0.,1.,0.));
#2532 = PCURVE('',#2500,#2533);
#2533 = DEFINITIONAL_REPRESENTATION('',(#2534),#2538);
#2534 = LINE('',#2535,#2536);
#2535 = CARTESIAN_POINT('',(0.,0.));
#2536 = VECTOR('',#2537,1.);
#2537 = DIRECTION('',(0.,-1.));
#2538 = ( GEOMETRIC_REPRESENTATION_CONTEXT(2) 
PARAMETRIC_REPRESENTATION_CONTEXT() REPRESENTATION_CONTEXT('2D SPACE',''
  ) );
#2539 = PCURVE('',#2540,#2545);
#2540 = PLANE('',#2541);
#2541 = AXIS2_PLACEMENT_3D('',#2542,#2543,#2544);
#2542 = CARTESIAN_POINT('',(1.12E+03,-60.,550.));
#2543 = DIRECTION('',(0.,0.,1.));
#2544 = DIRECTION('',(1.,0.,0.));
#2545 = DEFINITIONAL_REPRESENTATION('',(#2546),#2550);
#2546 = LINE('',#2547,#2548);
#2547 = CARTESIAN_POINT('',(0.,0.));
#2548 = VECTOR('',#2549,1.);
#2549 = DIRECTION('',(0.,1.));
#2550 = ( GEOMETRIC_REPRESENTATION_CONTEXT(2) 
PARAMETRIC_REPRESENTATION_CONTEXT() REPRESENTATION_CONTEXT('2D SPACE',''
  ) );
#2551 = ORIENTED_EDGE('',*,*,#2552,.T.);
#2552 = EDGE_CURVE('',#2525,#2553,#2555,.T.);
#2553 = VERTEX_POINT('',#2554);
#2554 = CARTESIAN_POINT('',(1.12E+03,60.,1.45E+03));
#2555 = SURFACE_CURVE('',#2556,(#2560,#2567),.PCURVE_S1.);
#2556 = LINE('',#2557,#2558);
#2557 = CARTESIAN_POINT('',(1.12E+03,60.,550.));
#2558 = VECTOR('',#2559,1.);
#2559 = DIRECTION('',(0.,0.,1.));
#2560 = PCURVE('',#2500,#2561);
#2561 = DEFINITIONAL_REPRESENTATION('',(#2562),#2566);
#2562 = LINE('',#2563,#2564);
#2563 = CARTESIAN_POINT('',(0.,-120.));
#2564 = VECTOR('',#2565,1.);
#2565 = DIRECTION('',(1.,0.));
#2566 = ( GEOMETRIC_REPRESENTATION_CONTEXT(2) 
PARAMETRIC_REPRESENTATION_CONTEXT() REPRESENTATION_CONTEXT('2D SPACE',''
  ) );
#2567 = PCURVE('',#2568,#2573);
#2568 = PLANE('',#2569);
#2569 = AXIS2_PLACEMENT_3D('',#2570,#2571,#2572);
#2570 = CARTESIAN_POINT('',(1.12E+03,60.,550.));
#2571 = DIRECTION('',(0.,1.,0.));
#2572 = DIRECTION('',(0.,0.,1.));
#2573 = DEFINITIONAL_REPRESENTATION('',(#2574),#2578);
#2574 = LINE('',#2575,#2576);
#2575 = CARTESIAN_POINT('',(0.,0.));
#2576 = VECTOR('',#2577,1.);
#2577 = DIRECTION('',(1.,0.));
#2578 = ( GEOMETRIC_REPRESENTATION_CONTEXT(2) 
PARAMETRIC_REPRESENTATION_CONTEXT() REPRESENTATION_CONTEXT('2D SPACE',''
  ) );
#2579 = ORIENTED_EDGE('',*,*,#2580,.F.);
#2580 = EDGE_CURVE('',#2492,#2553,#2581,.T.);
#2581 = SURFACE_CURVE('',#2582,(#2586,#2593),.PCURVE_S1.);
#2582 = LINE('',#2583,#2584);
#2583 = CARTESIAN_POINT('',(1.12E+03,-60.,1.45E+03));
#2584 = VECTOR('',#2585,1.);
#2585 = DIRECTION('',(0.,1.,0.));
#2586 = PCURVE('',#2500,#2587);
#2587 = DEFINITIONAL_REPRESENTATION('',(#2588),#2592);
#2588 = LINE('',#2589,#2590);
#2589 = CARTESIAN_POINT('',(900.,0.));
#2590 = VECTOR('',#2591,1.);
#2591 = DIRECTION('',(0.,-1.));
#2592 = ( GEOMETRIC_REPRESENTATION_CONTEXT(2) 
PARAMETRIC_REPRESENTATION_CONTEXT() REPRESENTATION_CONTEXT('2D SPACE',''
  ) );
#2593 = PCURVE('',#2594,#2599);
#2594 = PLANE('',#2595);
#2595 = AXIS2_PLACEMENT_3D('',#2596,#2597,#2598);
#2596 = CARTESIAN_POINT('',(1.12E+03,-60.,1.45E+03));
#2597 = DIRECTION('',(0.,0.,1.));
#2598 = DIRECTION('',(1.,0.,0.));
#2599 = DEFINITIONAL_REPRESENTATION('',(#2600),#2604);
#2600 = LINE('',#2601,#2602);
#2601 = CARTESIAN_POINT('',(0.,0.));
#2602 = VECTOR('',#2603,1.);
#2603 = DIRECTION('',(0.,1.));
#2604 = ( GEOMETRIC_REPRESENTATION_CONTEXT(2) 
PARAMETRIC_REPRESENTATION_CONTEXT() REPRESENTATION_CONTEXT('2D SPACE',''
  ) );
#2605 = ADVANCED_FACE('',(#2606),#2620,.T.);
#2606 = FACE_BOUND('',#2607,.T.);
#2607 = EDGE_LOOP('',(#2608,#2638,#2661,#2684));
#2608 = ORIENTED_EDGE('',*,*,#2609,.F.);
#2609 = EDGE_CURVE('',#2610,#2612,#2614,.T.);
#2610 = VERTEX_POINT('',#2611);
#2611 = CARTESIAN_POINT('',(1.1212E+03,-60.,550.));
#2612 = VERTEX_POINT('',#2613);
#2613 = CARTESIAN_POINT('',(1.1212E+03,-60.,1.45E+03));
#2614 = SURFACE_CURVE('',#2615,(#2619,#2631),.PCURVE_S1.);
#2615 = LINE('',#2616,#2617);
#2616 = CARTESIAN_POINT('',(1.1212E+03,-60.,550.));
#2617 = VECTOR('',#2618,1.);
#2618 = DIRECTION('',(0.,0.,1.));
#2619 = PCURVE('',#2620,#2625);
#2620 = PLANE('',#2621);
#2621 = AXIS2_PLACEMENT_3D('',#2622,#2623,#2624);
#2622 = CARTESIAN_POINT('',(1.1212E+03,-60.,550.));
#2623 = DIRECTION('',(1.,0.,0.));
#2624 = DIRECTION('',(0.,0.,1.));
#2625 = DEFINITIONAL_REPRESENTATION('',(#2626),#2630);
#2626 = LINE('',#2627,#2628);
#2627 = CARTESIAN_POINT('',(0.,0.));
#2628 = VECTOR('',#2629,1.);
#2629 = DIRECTION('',(1.,0.));
#2630 = ( GEOMETRIC_REPRESENTATION_CONTEXT(2) 
PARAMETRIC_REPRESENTATION_CONTEXT() REPRESENTATION_CONTEXT('2D SPACE',''
  ) );
#2631 = PCURVE('',#2512,#2632);
#2632 = DEFINITIONAL_REPRESENTATION('',(#2633),#2637);
#2633 = LINE('',#2634,#2635);
#2634 = CARTESIAN_POINT('',(0.,1.2));
#2635 = VECTOR('',#2636,1.);
#2636 = DIRECTION('',(1.,0.));
#2637 = ( GEOMETRIC_REPRESENTATION_CONTEXT(2) 
PARAMETRIC_REPRESENTATION_CONTEXT() REPRESENTATION_CONTEXT('2D SPACE',''
  ) );
#2638 = ORIENTED_EDGE('',*,*,#2639,.T.);
#2639 = EDGE_CURVE('',#2610,#2640,#2642,.T.);
#2640 = VERTEX_POINT('',#2641);
#2641 = CARTESIAN_POINT('',(1.1212E+03,60.,550.));
#2642 = SURFACE_CURVE('',#2643,(#2647,#2654),.PCURVE_S1.);
#2643 = LINE('',#2644,#2645);
#2644 = CARTESIAN_POINT('',(1.1212E+03,-60.,550.));
#2645 = VECTOR('',#2646,1.);
#2646 = DIRECTION('',(0.,1.,0.));
#2647 = PCURVE('',#2620,#2648);
#2648 = DEFINITIONAL_REPRESENTATION('',(#2649),#2653);
#2649 = LINE('',#2650,#2651);
#2650 = CARTESIAN_POINT('',(0.,0.));
#2651 = VECTOR('',#2652,1.);
#2652 = DIRECTION('',(0.,-1.));
#2653 = ( GEOMETRIC_REPRESENTATION_CONTEXT(2) 
PARAMETRIC_REPRESENTATION_CONTEXT() REPRESENTATION_CONTEXT('2D SPACE',''
  ) );
#2654 = PCURVE('',#2540,#2655);
#2655 = DEFINITIONAL_REPRESENTATION('',(#2656),#2660);
#2656 = LINE('',#2657,#2658);
#2657 = CARTESIAN_POINT('',(1.2,0.));
#2658 = VECTOR('',#2659,1.);
#2659 = DIRECTION('',(0.,1.));
#2660 = ( GEOMETRIC_REPRESENTATION_CONTEXT(2) 
PARAMETRIC_REPRESENTATION_CONTEXT() REPRESENTATION_CONTEXT('2D SPACE',''
  ) );
#2661 = ORIENTED_EDGE('',*,*,#2662,.T.);
#2662 = EDGE_CURVE('',#2640,#2663,#2665,.T.);
#2663 = VERTEX_POINT('',#2664);
#2664 = CARTESIAN_POINT('',(1.1212E+03,60.,1.45E+03));
#2665 = SURFACE_CURVE('',#2666,(#2670,#2677),.PCURVE_S1.);
#2666 = LINE('',#2667,#2668);
#2667 = CARTESIAN_POINT('',(1.1212E+03,60.,550.));
#2668 = VECTOR('',#2669,1.);
#2669 = DIRECTION('',(0.,0.,1.));
#2670 = PCURVE('',#2620,#2671);
#2671 = DEFINITIONAL_REPRESENTATION('',(#2672),#2676);
#2672 = LINE('',#2673,#2674);
#2673 = CARTESIAN_POINT('',(0.,-120.));
#2674 = VECTOR('',#2675,1.);
#2675 = DIRECTION('',(1.,0.));
#2676 = ( GEOMETRIC_REPRESENTATION_CONTEXT(2) 
PARAMETRIC_REPRESENTATION_CONTEXT() REPRESENTATION_CONTEXT('2D SPACE',''
  ) );
#2677 = PCURVE('',#2568,#2678);
#2678 = DEFINITIONAL_REPRESENTATION('',(#2679),#2683);
#2679 = LINE('',#2680,#2681);
#2680 = CARTESIAN_POINT('',(0.,1.2));
#2681 = VECTOR('',#2682,1.);
#2682 = DIRECTION('',(1.,0.));
#2683 = ( GEOMETRIC_REPRESENTATION_CONTEXT(2) 
PARAMETRIC_REPRESENTATION_CONTEXT() REPRESENTATION_CONTEXT('2D SPACE',''
  ) );
#2684 = ORIENTED_EDGE('',*,*,#2685,.F.);
#2685 = EDGE_CURVE('',#2612,#2663,#2686,.T.);
#2686 = SURFACE_CURVE('',#2687,(#2691,#2698),.PCURVE_S1.);
#2687 = LINE('',#2688,#2689);
#2688 = CARTESIAN_POINT('',(1.1212E+03,-60.,1.45E+03));
#2689 = VECTOR('',#2690,1.);
#2690 = DIRECTION('',(0.,1.,0.));
#2691 = PCURVE('',#2620,#2692);
#2692 = DEFINITIONAL_REPRESENTATION('',(#2693),#2697);
#2693 = LINE('',#2694,#2695);
#2694 = CARTESIAN_POINT('',(900.,0.));
#2695 = VECTOR('',#2696,1.);
#2696 = DIRECTION('',(0.,-1.));
#2697 = ( GEOMETRIC_REPRESENTATION_CONTEXT(2) 
PARAMETRIC_REPRESENTATION_CONTEXT() REPRESENTATION_CONTEXT('2D SPACE',''
  ) );
#2698 = PCURVE('',#2594,#2699);
#2699 = DEFINITIONAL_REPRESENTATION('',(#2700),#2704);
#2700 = LINE('',#2701,#2702);
#2701 = CARTESIAN_POINT('',(1.2,0.));
#2702 = VECTOR('',#2703,1.);
#2703 = DIRECTION('',(0.,1.));
#2704 = ( GEOMETRIC_REPRESENTATION_CONTEXT(2) 
PARAMETRIC_REPRESENTATION_CONTEXT() REPRESENTATION_CONTEXT('2D SPACE',''
  ) );
#2705 = ADVANCED_FACE('',(#2706),#2512,.F.);
#2706 = FACE_BOUND('',#2707,.F.);
#2707 = EDGE_LOOP('',(#2708,#2729,#2730,#2751));
#2708 = ORIENTED_EDGE('',*,*,#2709,.F.);
#2709 = EDGE_CURVE('',#2490,#2610,#2710,.T.);
#2710 = SURFACE_CURVE('',#2711,(#2715,#2722),.PCURVE_S1.);
#2711 = LINE('',#2712,#2713);
#2712 = CARTESIAN_POINT('',(1.12E+03,-60.,550.));
#2713 = VECTOR('',#2714,1.);
#2714 = DIRECTION('',(1.,0.,0.));
#2715 = PCURVE('',#2512,#2716);
#2716 = DEFINITIONAL_REPRESENTATION('',(#2717),#2721);
#2717 = LINE('',#2718,#2719);
#2718 = CARTESIAN_POINT('',(0.,0.));
#2719 = VECTOR('',#2720,1.);
#2720 = DIRECTION('',(0.,1.));
#2721 = ( GEOMETRIC_REPRESENTATION_CONTEXT(2) 
PARAMETRIC_REPRESENTATION_CONTEXT() REPRESENTATION_CONTEXT('2D SPACE',''
  ) );
#2722 = PCURVE('',#2540,#2723);
#2723 = DEFINITIONAL_REPRESENTATION('',(#2724),#2728);
#2724 = LINE('',#2725,#2726);
#2725 = CARTESIAN_POINT('',(0.,0.));
#2726 = VECTOR('',#2727,1.);
#2727 = DIRECTION('',(1.,0.));
#2728 = ( GEOMETRIC_REPRESENTATION_CONTEXT(2) 
PARAMETRIC_REPRESENTATION_CONTEXT() REPRESENTATION_CONTEXT('2D SPACE',''
  ) );
#2729 = ORIENTED_EDGE('',*,*,#2489,.T.);
#2730 = ORIENTED_EDGE('',*,*,#2731,.T.);
#2731 = EDGE_CURVE('',#2492,#2612,#2732,.T.);
#2732 = SURFACE_CURVE('',#2733,(#2737,#2744),.PCURVE_S1.);
#2733 = LINE('',#2734,#2735);
#2734 = CARTESIAN_POINT('',(1.12E+03,-60.,1.45E+03));
#2735 = VECTOR('',#2736,1.);
#2736 = DIRECTION('',(1.,0.,0.));
#2737 = PCURVE('',#2512,#2738);
#2738 = DEFINITIONAL_REPRESENTATION('',(#2739),#2743);
#2739 = LINE('',#2740,#2741);
#2740 = CARTESIAN_POINT('',(900.,0.));
#2741 = VECTOR('',#2742,1.);
#2742 = DIRECTION('',(0.,1.));
#2743 = ( GEOMETRIC_REPRESENTATION_CONTEXT(2) 
PARAMETRIC_REPRESENTATION_CONTEXT() REPRESENTATION_CONTEXT('2D SPACE',''
  ) );
#2744 = PCURVE('',#2594,#2745);
#2745 = DEFINITIONAL_REPRESENTATION('',(#2746),#2750);
#2746 = LINE('',#2747,#2748);
#2747 = CARTESIAN_POINT('',(0.,0.));
#2748 = VECTOR('',#2749,1.);
#2749 = DIRECTION('',(1.,0.));
#2750 = ( GEOMETRIC_REPRESENTATION_CONTEXT(2) 
PARAMETRIC_REPRESENTATION_CONTEXT() REPRESENTATION_CONTEXT('2D SPACE',''
  ) );
#2751 = ORIENTED_EDGE('',*,*,#2609,.F.);
#2752 = ADVANCED_FACE('',(#2753),#2568,.T.);
#2753 = FACE_BOUND('',#2754,.T.);
#2754 = EDGE_LOOP('',(#2755,#2776,#2777,#2798));
#2755 = ORIENTED_EDGE('',*,*,#2756,.F.);
#2756 = EDGE_CURVE('',#2525,#2640,#2757,.T.);
#2757 = SURFACE_CURVE('',#2758,(#2762,#2769),.PCURVE_S1.);
#2758 = LINE('',#2759,#2760);
#2759 = CARTESIAN_POINT('',(1.12E+03,60.,550.));
#2760 = VECTOR('',#2761,1.);
#2761 = DIRECTION('',(1.,0.,0.));
#2762 = PCURVE('',#2568,#2763);
#2763 = DEFINITIONAL_REPRESENTATION('',(#2764),#2768);
#2764 = LINE('',#2765,#2766);
#2765 = CARTESIAN_POINT('',(0.,0.));
#2766 = VECTOR('',#2767,1.);
#2767 = DIRECTION('',(0.,1.));
#2768 = ( GEOMETRIC_REPRESENTATION_CONTEXT(2) 
PARAMETRIC_REPRESENTATION_CONTEXT() REPRESENTATION_CONTEXT('2D SPACE',''
  ) );
#2769 = PCURVE('',#2540,#2770);
#2770 = DEFINITIONAL_REPRESENTATION('',(#2771),#2775);
#2771 = LINE('',#2772,#2773);
#2772 = CARTESIAN_POINT('',(0.,120.));
#2773 = VECTOR('',#2774,1.);
#2774 = DIRECTION('',(1.,0.));
#2775 = ( GEOMETRIC_REPRESENTATION_CONTEXT(2) 
PARAMETRIC_REPRESENTATION_CONTEXT() REPRESENTATION_CONTEXT('2D SPACE',''
  ) );
#2776 = ORIENTED_EDGE('',*,*,#2552,.T.);
#2777 = ORIENTED_EDGE('',*,*,#2778,.T.);
#2778 = EDGE_CURVE('',#2553,#2663,#2779,.T.);
#2779 = SURFACE_CURVE('',#2780,(#2784,#2791),.PCURVE_S1.);
#2780 = LINE('',#2781,#2782);
#2781 = CARTESIAN_POINT('',(1.12E+03,60.,1.45E+03));
#2782 = VECTOR('',#2783,1.);
#2783 = DIRECTION('',(1.,0.,0.));
#2784 = PCURVE('',#2568,#2785);
#2785 = DEFINITIONAL_REPRESENTATION('',(#2786),#2790);
#2786 = LINE('',#2787,#2788);
#2787 = CARTESIAN_POINT('',(900.,0.));
#2788 = VECTOR('',#2789,1.);
#2789 = DIRECTION('',(0.,1.));
#2790 = ( GEOMETRIC_REPRESENTATION_CONTEXT(2) 
PARAMETRIC_REPRESENTATION_CONTEXT() REPRESENTATION_CONTEXT('2D SPACE',''
  ) );
#2791 = PCURVE('',#2594,#2792);
#2792 = DEFINITIONAL_REPRESENTATION('',(#2793),#2797);
#2793 = LINE('',#2794,#2795);
#2794 = CARTESIAN_POINT('',(0.,120.));
#2795 = VECTOR('',#2796,1.);
#2796 = DIRECTION('',(1.,0.));
#2797 = ( GEOMETRIC_REPRESENTATION_CONTEXT(2) 
PARAMETRIC_REPRESENTATION_CONTEXT() REPRESENTATION_CONTEXT('2D SPACE',''
  ) );
#2798 = ORIENTED_EDGE('',*,*,#2662,.F.);
#2799 = ADVANCED_FACE('',(#2800),#2540,.F.);
#2800 = FACE_BOUND('',#2801,.F.);
#2801 = EDGE_LOOP('',(#2802,#2803,#2804,#2805));
#2802 = ORIENTED_EDGE('',*,*,#2524,.F.);
#2803 = ORIENTED_EDGE('',*,*,#2709,.T.);
#2804 = ORIENTED_EDGE('',*,*,#2639,.T.);
#2805 = ORIENTED_EDGE('',*,*,#2756,.F.);
#2806 = ADVANCED_FACE('',(#2807),#2594,.T.);
#2807 = FACE_BOUND('',#2808,.T.);
#2808 = EDGE_LOOP('',(#2809,#2810,#2811,#2812));
#2809 = ORIENTED_EDGE('',*,*,#2580,.F.);
#2810 = ORIENTED_EDGE('',*,*,#2731,.T.);
#2811 = ORIENTED_EDGE('',*,*,#2685,.T.);
#2812 = ORIENTED_EDGE('',*,*,#2778,.F.);
#2813 = ( GEOMETRIC_REPRESENTATION_CONTEXT(3) 
GLOBAL_UNCERTAINTY_ASSIGNED_CONTEXT((#2817)) 
GLOBAL_UNIT_ASSIGNED_CONTEXT((#2814,#2815,#2816)) REPRESENTATION_CONTEXT
('Context #1','3D Context with UNIT and UNCERTAINTY') );
#2814 = ( LENGTH_UNIT() NAMED_UNIT(*) SI_UNIT(.MILLI.,.METRE.) );
#2815 = ( NAMED_UNIT(*) PLANE_ANGLE_UNIT() SI_UNIT($,.RADIAN.) );
#2816 = ( NAMED_UNIT(*) SI_UNIT($,.STERADIAN.) SOLID_ANGLE_UNIT() );
#2817 = UNCERTAINTY_MEASURE_WITH_UNIT(LENGTH_MEASURE(1.E-07),#2814,
  'distance_accuracy_value','confusion accuracy');
#2818 = CONTEXT_DEPENDENT_SHAPE_REPRESENTATION(#2819,#2821);
#2819 = ( REPRESENTATION_RELATIONSHIP('','',#2482,#10) 
REPRESENTATION_RELATIONSHIP_WITH_TRANSFORMATION(#2820) 
SHAPE_REPRESENTATION_RELATIONSHIP() );
#2820 = ITEM_DEFINED_TRANSFORMATION('','',#11,#39);
#2821 = PRODUCT_DEFINITION_SHAPE('Placement','Placement of an item',
  #2822);
#2822 = NEXT_ASSEMBLY_USAGE_OCCURRENCE('97','PILLAR_FRONT','',#5,#2477,$
  );
#2823 = PRODUCT_RELATED_PRODUCT_CATEGORY('part',$,(#2479));
#2824 = SHAPE_DEFINITION_REPRESENTATION(#2825,#2831);
#2825 = PRODUCT_DEFINITION_SHAPE('','',#2826);
#2826 = PRODUCT_DEFINITION('design','',#2827,#2830);
#2827 = PRODUCT_DEFINITION_FORMATION('','',#2828);
#2828 = PRODUCT('PILLAR_REAR','PILLAR_REAR','',(#2829));
#2829 = PRODUCT_CONTEXT('',#2,'mechanical');
#2830 = PRODUCT_DEFINITION_CONTEXT('part definition',#2,'design');
#2831 = ADVANCED_BREP_SHAPE_REPRESENTATION('',(#11,#2832),#3162);
#2832 = MANIFOLD_SOLID_BREP('',#2833);
#2833 = CLOSED_SHELL('',(#2834,#2954,#3054,#3101,#3148,#3155));
#2834 = ADVANCED_FACE('',(#2835),#2849,.F.);
#2835 = FACE_BOUND('',#2836,.F.);
#2836 = EDGE_LOOP('',(#2837,#2872,#2900,#2928));
#2837 = ORIENTED_EDGE('',*,*,#2838,.F.);
#2838 = EDGE_CURVE('',#2839,#2841,#2843,.T.);
#2839 = VERTEX_POINT('',#2840);
#2840 = CARTESIAN_POINT('',(1.2788E+03,-60.,550.));
#2841 = VERTEX_POINT('',#2842);
#2842 = CARTESIAN_POINT('',(1.2788E+03,-60.,1.45E+03));
#2843 = SURFACE_CURVE('',#2844,(#2848,#2860),.PCURVE_S1.);
#2844 = LINE('',#2845,#2846);
#2845 = CARTESIAN_POINT('',(1.2788E+03,-60.,550.));
#2846 = VECTOR('',#2847,1.);
#2847 = DIRECTION('',(0.,0.,1.));
#2848 = PCURVE('',#2849,#2854);
#2849 = PLANE('',#2850);
#2850 = AXIS2_PLACEMENT_3D('',#2851,#2852,#2853);
#2851 = CARTESIAN_POINT('',(1.2788E+03,-60.,550.));
#2852 = DIRECTION('',(1.,0.,0.));
#2853 = DIRECTION('',(0.,0.,1.));
#2854 = DEFINITIONAL_REPRESENTATION('',(#2855),#2859);
#2855 = LINE('',#2856,#2857);
#2856 = CARTESIAN_POINT('',(0.,0.));
#2857 = VECTOR('',#2858,1.);
#2858 = DIRECTION('',(1.,0.));
#2859 = ( GEOMETRIC_REPRESENTATION_CONTEXT(2) 
PARAMETRIC_REPRESENTATION_CONTEXT() REPRESENTATION_CONTEXT('2D SPACE',''
  ) );
#2860 = PCURVE('',#2861,#2866);
#2861 = PLANE('',#2862);
#2862 = AXIS2_PLACEMENT_3D('',#2863,#2864,#2865);
#2863 = CARTESIAN_POINT('',(1.2788E+03,-60.,550.));
#2864 = DIRECTION('',(0.,1.,0.));
#2865 = DIRECTION('',(0.,0.,1.));
#2866 = DEFINITIONAL_REPRESENTATION('',(#2867),#2871);
#2867 = LINE('',#2868,#2869);
#2868 = CARTESIAN_POINT('',(0.,0.));
#2869 = VECTOR('',#2870,1.);
#2870 = DIRECTION('',(1.,0.));
#2871 = ( GEOMETRIC_REPRESENTATION_CONTEXT(2) 
PARAMETRIC_REPRESENTATION_CONTEXT() REPRESENTATION_CONTEXT('2D SPACE',''
  ) );
#2872 = ORIENTED_EDGE('',*,*,#2873,.T.);
#2873 = EDGE_CURVE('',#2839,#2874,#2876,.T.);
#2874 = VERTEX_POINT('',#2875);
#2875 = CARTESIAN_POINT('',(1.2788E+03,60.,550.));
#2876 = SURFACE_CURVE('',#2877,(#2881,#2888),.PCURVE_S1.);
#2877 = LINE('',#2878,#2879);
#2878 = CARTESIAN_POINT('',(1.2788E+03,-60.,550.));
#2879 = VECTOR('',#2880,1.);
#2880 = DIRECTION('',(0.,1.,0.));
#2881 = PCURVE('',#2849,#2882);
#2882 = DEFINITIONAL_REPRESENTATION('',(#2883),#2887);
#2883 = LINE('',#2884,#2885);
#2884 = CARTESIAN_POINT('',(0.,0.));
#2885 = VECTOR('',#2886,1.);
#2886 = DIRECTION('',(0.,-1.));
#2887 = ( GEOMETRIC_REPRESENTATION_CONTEXT(2) 
PARAMETRIC_REPRESENTATION_CONTEXT() REPRESENTATION_CONTEXT('2D SPACE',''
  ) );
#2888 = PCURVE('',#2889,#2894);
#2889 = PLANE('',#2890);
#2890 = AXIS2_PLACEMENT_3D('',#2891,#2892,#2893);
#2891 = CARTESIAN_POINT('',(1.2788E+03,-60.,550.));
#2892 = DIRECTION('',(0.,0.,1.));
#2893 = DIRECTION('',(1.,0.,0.));
#2894 = DEFINITIONAL_REPRESENTATION('',(#2895),#2899);
#2895 = LINE('',#2896,#2897);
#2896 = CARTESIAN_POINT('',(0.,0.));
#2897 = VECTOR('',#2898,1.);
#2898 = DIRECTION('',(0.,1.));
#2899 = ( GEOMETRIC_REPRESENTATION_CONTEXT(2) 
PARAMETRIC_REPRESENTATION_CONTEXT() REPRESENTATION_CONTEXT('2D SPACE',''
  ) );
#2900 = ORIENTED_EDGE('',*,*,#2901,.T.);
#2901 = EDGE_CURVE('',#2874,#2902,#2904,.T.);
#2902 = VERTEX_POINT('',#2903);
#2903 = CARTESIAN_POINT('',(1.2788E+03,60.,1.45E+03));
#2904 = SURFACE_CURVE('',#2905,(#2909,#2916),.PCURVE_S1.);
#2905 = LINE('',#2906,#2907);
#2906 = CARTESIAN_POINT('',(1.2788E+03,60.,550.));
#2907 = VECTOR('',#2908,1.);
#2908 = DIRECTION('',(0.,0.,1.));
#2909 = PCURVE('',#2849,#2910);
#2910 = DEFINITIONAL_REPRESENTATION('',(#2911),#2915);
#2911 = LINE('',#2912,#2913);
#2912 = CARTESIAN_POINT('',(0.,-120.));
#2913 = VECTOR('',#2914,1.);
#2914 = DIRECTION('',(1.,0.));
#2915 = ( GEOMETRIC_REPRESENTATION_CONTEXT(2) 
PARAMETRIC_REPRESENTATION_CONTEXT() REPRESENTATION_CONTEXT('2D SPACE',''
  ) );
#2916 = PCURVE('',#2917,#2922);
#2917 = PLANE('',#2918);
#2918 = AXIS2_PLACEMENT_3D('',#2919,#2920,#2921);
#2919 = CARTESIAN_POINT('',(1.2788E+03,60.,550.));
#2920 = DIRECTION('',(0.,1.,0.));
#2921 = DIRECTION('',(0.,0.,1.));
#2922 = DEFINITIONAL_REPRESENTATION('',(#2923),#2927);
#2923 = LINE('',#2924,#2925);
#2924 = CARTESIAN_POINT('',(0.,0.));
#2925 = VECTOR('',#2926,1.);
#2926 = DIRECTION('',(1.,0.));
#2927 = ( GEOMETRIC_REPRESENTATION_CONTEXT(2) 
PARAMETRIC_REPRESENTATION_CONTEXT() REPRESENTATION_CONTEXT('2D SPACE',''
  ) );
#2928 = ORIENTED_EDGE('',*,*,#2929,.F.);
#2929 = EDGE_CURVE('',#2841,#2902,#2930,.T.);
#2930 = SURFACE_CURVE('',#2931,(#2935,#2942),.PCURVE_S1.);
#2931 = LINE('',#2932,#2933);
#2932 = CARTESIAN_POINT('',(1.2788E+03,-60.,1.45E+03));
#2933 = VECTOR('',#2934,1.);
#2934 = DIRECTION('',(0.,1.,0.));
#2935 = PCURVE('',#2849,#2936);
#2936 = DEFINITIONAL_REPRESENTATION('',(#2937),#2941);
#2937 = LINE('',#2938,#2939);
#2938 = CARTESIAN_POINT('',(900.,0.));
#2939 = VECTOR('',#2940,1.);
#2940 = DIRECTION('',(0.,-1.));
#2941 = ( GEOMETRIC_REPRESENTATION_CONTEXT(2) 
PARAMETRIC_REPRESENTATION_CONTEXT() REPRESENTATION_CONTEXT('2D SPACE',''
  ) );
#2942 = PCURVE('',#2943,#2948);
#2943 = PLANE('',#2944);
#2944 = AXIS2_PLACEMENT_3D('',#2945,#2946,#2947);
#2945 = CARTESIAN_POINT('',(1.2788E+03,-60.,1.45E+03));
#2946 = DIRECTION('',(0.,0.,1.));
#2947 = DIRECTION('',(1.,0.,0.));
#2948 = DEFINITIONAL_REPRESENTATION('',(#2949),#2953);
#2949 = LINE('',#2950,#2951);
#2950 = CARTESIAN_POINT('',(0.,0.));
#2951 = VECTOR('',#2952,1.);
#2952 = DIRECTION('',(0.,1.));
#2953 = ( GEOMETRIC_REPRESENTATION_CONTEXT(2) 
PARAMETRIC_REPRESENTATION_CONTEXT() REPRESENTATION_CONTEXT('2D SPACE',''
  ) );
#2954 = ADVANCED_FACE('',(#2955),#2969,.T.);
#2955 = FACE_BOUND('',#2956,.T.);
#2956 = EDGE_LOOP('',(#2957,#2987,#3010,#3033));
#2957 = ORIENTED_EDGE('',*,*,#2958,.F.);
#2958 = EDGE_CURVE('',#2959,#2961,#2963,.T.);
#2959 = VERTEX_POINT('',#2960);
#2960 = CARTESIAN_POINT('',(1.28E+03,-60.,550.));
#2961 = VERTEX_POINT('',#2962);
#2962 = CARTESIAN_POINT('',(1.28E+03,-60.,1.45E+03));
#2963 = SURFACE_CURVE('',#2964,(#2968,#2980),.PCURVE_S1.);
#2964 = LINE('',#2965,#2966);
#2965 = CARTESIAN_POINT('',(1.28E+03,-60.,550.));
#2966 = VECTOR('',#2967,1.);
#2967 = DIRECTION('',(0.,0.,1.));
#2968 = PCURVE('',#2969,#2974);
#2969 = PLANE('',#2970);
#2970 = AXIS2_PLACEMENT_3D('',#2971,#2972,#2973);
#2971 = CARTESIAN_POINT('',(1.28E+03,-60.,550.));
#2972 = DIRECTION('',(1.,0.,0.));
#2973 = DIRECTION('',(0.,0.,1.));
#2974 = DEFINITIONAL_REPRESENTATION('',(#2975),#2979);
#2975 = LINE('',#2976,#2977);
#2976 = CARTESIAN_POINT('',(0.,0.));
#2977 = VECTOR('',#2978,1.);
#2978 = DIRECTION('',(1.,0.));
#2979 = ( GEOMETRIC_REPRESENTATION_CONTEXT(2) 
PARAMETRIC_REPRESENTATION_CONTEXT() REPRESENTATION_CONTEXT('2D SPACE',''
  ) );
#2980 = PCURVE('',#2861,#2981);
#2981 = DEFINITIONAL_REPRESENTATION('',(#2982),#2986);
#2982 = LINE('',#2983,#2984);
#2983 = CARTESIAN_POINT('',(0.,1.2));
#2984 = VECTOR('',#2985,1.);
#2985 = DIRECTION('',(1.,0.));
#2986 = ( GEOMETRIC_REPRESENTATION_CONTEXT(2) 
PARAMETRIC_REPRESENTATION_CONTEXT() REPRESENTATION_CONTEXT('2D SPACE',''
  ) );
#2987 = ORIENTED_EDGE('',*,*,#2988,.T.);
#2988 = EDGE_CURVE('',#2959,#2989,#2991,.T.);
#2989 = VERTEX_POINT('',#2990);
#2990 = CARTESIAN_POINT('',(1.28E+03,60.,550.));
#2991 = SURFACE_CURVE('',#2992,(#2996,#3003),.PCURVE_S1.);
#2992 = LINE('',#2993,#2994);
#2993 = CARTESIAN_POINT('',(1.28E+03,-60.,550.));
#2994 = VECTOR('',#2995,1.);
#2995 = DIRECTION('',(0.,1.,0.));
#2996 = PCURVE('',#2969,#2997);
#2997 = DEFINITIONAL_REPRESENTATION('',(#2998),#3002);
#2998 = LINE('',#2999,#3000);
#2999 = CARTESIAN_POINT('',(0.,0.));
#3000 = VECTOR('',#3001,1.);
#3001 = DIRECTION('',(0.,-1.));
#3002 = ( GEOMETRIC_REPRESENTATION_CONTEXT(2) 
PARAMETRIC_REPRESENTATION_CONTEXT() REPRESENTATION_CONTEXT('2D SPACE',''
  ) );
#3003 = PCURVE('',#2889,#3004);
#3004 = DEFINITIONAL_REPRESENTATION('',(#3005),#3009);
#3005 = LINE('',#3006,#3007);
#3006 = CARTESIAN_POINT('',(1.2,0.));
#3007 = VECTOR('',#3008,1.);
#3008 = DIRECTION('',(0.,1.));
#3009 = ( GEOMETRIC_REPRESENTATION_CONTEXT(2) 
PARAMETRIC_REPRESENTATION_CONTEXT() REPRESENTATION_CONTEXT('2D SPACE',''
  ) );
#3010 = ORIENTED_EDGE('',*,*,#3011,.T.);
#3011 = EDGE_CURVE('',#2989,#3012,#3014,.T.);
#3012 = VERTEX_POINT('',#3013);
#3013 = CARTESIAN_POINT('',(1.28E+03,60.,1.45E+03));
#3014 = SURFACE_CURVE('',#3015,(#3019,#3026),.PCURVE_S1.);
#3015 = LINE('',#3016,#3017);
#3016 = CARTESIAN_POINT('',(1.28E+03,60.,550.));
#3017 = VECTOR('',#3018,1.);
#3018 = DIRECTION('',(0.,0.,1.));
#3019 = PCURVE('',#2969,#3020);
#3020 = DEFINITIONAL_REPRESENTATION('',(#3021),#3025);
#3021 = LINE('',#3022,#3023);
#3022 = CARTESIAN_POINT('',(0.,-120.));
#3023 = VECTOR('',#3024,1.);
#3024 = DIRECTION('',(1.,0.));
#3025 = ( GEOMETRIC_REPRESENTATION_CONTEXT(2) 
PARAMETRIC_REPRESENTATION_CONTEXT() REPRESENTATION_CONTEXT('2D SPACE',''
  ) );
#3026 = PCURVE('',#2917,#3027);
#3027 = DEFINITIONAL_REPRESENTATION('',(#3028),#3032);
#3028 = LINE('',#3029,#3030);
#3029 = CARTESIAN_POINT('',(0.,1.2));
#3030 = VECTOR('',#3031,1.);
#3031 = DIRECTION('',(1.,0.));
#3032 = ( GEOMETRIC_REPRESENTATION_CONTEXT(2) 
PARAMETRIC_REPRESENTATION_CONTEXT() REPRESENTATION_CONTEXT('2D SPACE',''
  ) );
#3033 = ORIENTED_EDGE('',*,*,#3034,.F.);
#3034 = EDGE_CURVE('',#2961,#3012,#3035,.T.);
#3035 = SURFACE_CURVE('',#3036,(#3040,#3047),.PCURVE_S1.);
#3036 = LINE('',#3037,#3038);
#3037 = CARTESIAN_POINT('',(1.28E+03,-60.,1.45E+03));
#3038 = VECTOR('',#3039,1.);
#3039 = DIRECTION('',(0.,1.,0.));
#3040 = PCURVE('',#2969,#3041);
#3041 = DEFINITIONAL_REPRESENTATION('',(#3042),#3046);
#3042 = LINE('',#3043,#3044);
#3043 = CARTESIAN_POINT('',(900.,0.));
#3044 = VECTOR('',#3045,1.);
#3045 = DIRECTION('',(0.,-1.));
#3046 = ( GEOMETRIC_REPRESENTATION_CONTEXT(2) 
PARAMETRIC_REPRESENTATION_CONTEXT() REPRESENTATION_CONTEXT('2D SPACE',''
  ) );
#3047 = PCURVE('',#2943,#3048);
#3048 = DEFINITIONAL_REPRESENTATION('',(#3049),#3053);
#3049 = LINE('',#3050,#3051);
#3050 = CARTESIAN_POINT('',(1.2,0.));
#3051 = VECTOR('',#3052,1.);
#3052 = DIRECTION('',(0.,1.));
#3053 = ( GEOMETRIC_REPRESENTATION_CONTEXT(2) 
PARAMETRIC_REPRESENTATION_CONTEXT() REPRESENTATION_CONTEXT('2D SPACE',''
  ) );
#3054 = ADVANCED_FACE('',(#3055),#2861,.F.);
#3055 = FACE_BOUND('',#3056,.F.);
#3056 = EDGE_LOOP('',(#3057,#3078,#3079,#3100));
#3057 = ORIENTED_EDGE('',*,*,#3058,.F.);
#3058 = EDGE_CURVE('',#2839,#2959,#3059,.T.);
#3059 = SURFACE_CURVE('',#3060,(#3064,#3071),.PCURVE_S1.);
#3060 = LINE('',#3061,#3062);
#3061 = CARTESIAN_POINT('',(1.2788E+03,-60.,550.));
#3062 = VECTOR('',#3063,1.);
#3063 = DIRECTION('',(1.,0.,0.));
#3064 = PCURVE('',#2861,#3065);
#3065 = DEFINITIONAL_REPRESENTATION('',(#3066),#3070);
#3066 = LINE('',#3067,#3068);
#3067 = CARTESIAN_POINT('',(0.,0.));
#3068 = VECTOR('',#3069,1.);
#3069 = DIRECTION('',(0.,1.));
#3070 = ( GEOMETRIC_REPRESENTATION_CONTEXT(2) 
PARAMETRIC_REPRESENTATION_CONTEXT() REPRESENTATION_CONTEXT('2D SPACE',''
  ) );
#3071 = PCURVE('',#2889,#3072);
#3072 = DEFINITIONAL_REPRESENTATION('',(#3073),#3077);
#3073 = LINE('',#3074,#3075);
#3074 = CARTESIAN_POINT('',(0.,0.));
#3075 = VECTOR('',#3076,1.);
#3076 = DIRECTION('',(1.,0.));
#3077 = ( GEOMETRIC_REPRESENTATION_CONTEXT(2) 
PARAMETRIC_REPRESENTATION_CONTEXT() REPRESENTATION_CONTEXT('2D SPACE',''
  ) );
#3078 = ORIENTED_EDGE('',*,*,#2838,.T.);
#3079 = ORIENTED_EDGE('',*,*,#3080,.T.);
#3080 = EDGE_CURVE('',#2841,#2961,#3081,.T.);
#3081 = SURFACE_CURVE('',#3082,(#3086,#3093),.PCURVE_S1.);
#3082 = LINE('',#3083,#3084);
#3083 = CARTESIAN_POINT('',(1.2788E+03,-60.,1.45E+03));
#3084 = VECTOR('',#3085,1.);
#3085 = DIRECTION('',(1.,0.,0.));
#3086 = PCURVE('',#2861,#3087);
#3087 = DEFINITIONAL_REPRESENTATION('',(#3088),#3092);
#3088 = LINE('',#3089,#3090);
#3089 = CARTESIAN_POINT('',(900.,0.));
#3090 = VECTOR('',#3091,1.);
#3091 = DIRECTION('',(0.,1.));
#3092 = ( GEOMETRIC_REPRESENTATION_CONTEXT(2) 
PARAMETRIC_REPRESENTATION_CONTEXT() REPRESENTATION_CONTEXT('2D SPACE',''
  ) );
#3093 = PCURVE('',#2943,#3094);
#3094 = DEFINITIONAL_REPRESENTATION('',(#3095),#3099);
#3095 = LINE('',#3096,#3097);
#3096 = CARTESIAN_POINT('',(0.,0.));
#3097 = VECTOR('',#3098,1.);
#3098 = DIRECTION('',(1.,0.));
#3099 = ( GEOMETRIC_REPRESENTATION_CONTEXT(2) 
PARAMETRIC_REPRESENTATION_CONTEXT() REPRESENTATION_CONTEXT('2D SPACE',''
  ) );
#3100 = ORIENTED_EDGE('',*,*,#2958,.F.);
#3101 = ADVANCED_FACE('',(#3102),#2917,.T.);
#3102 = FACE_BOUND('',#3103,.T.);
#3103 = EDGE_LOOP('',(#3104,#3125,#3126,#3147));
#3104 = ORIENTED_EDGE('',*,*,#3105,.F.);
#3105 = EDGE_CURVE('',#2874,#2989,#3106,.T.);
#3106 = SURFACE_CURVE('',#3107,(#3111,#3118),.PCURVE_S1.);
#3107 = LINE('',#3108,#3109);
#3108 = CARTESIAN_POINT('',(1.2788E+03,60.,550.));
#3109 = VECTOR('',#3110,1.);
#3110 = DIRECTION('',(1.,0.,0.));
#3111 = PCURVE('',#2917,#3112);
#3112 = DEFINITIONAL_REPRESENTATION('',(#3113),#3117);
#3113 = LINE('',#3114,#3115);
#3114 = CARTESIAN_POINT('',(0.,0.));
#3115 = VECTOR('',#3116,1.);
#3116 = DIRECTION('',(0.,1.));
#3117 = ( GEOMETRIC_REPRESENTATION_CONTEXT(2) 
PARAMETRIC_REPRESENTATION_CONTEXT() REPRESENTATION_CONTEXT('2D SPACE',''
  ) );
#3118 = PCURVE('',#2889,#3119);
#3119 = DEFINITIONAL_REPRESENTATION('',(#3120),#3124);
#3120 = LINE('',#3121,#3122);
#3121 = CARTESIAN_POINT('',(0.,120.));
#3122 = VECTOR('',#3123,1.);
#3123 = DIRECTION('',(1.,0.));
#3124 = ( GEOMETRIC_REPRESENTATION_CONTEXT(2) 
PARAMETRIC_REPRESENTATION_CONTEXT() REPRESENTATION_CONTEXT('2D SPACE',''
  ) );
#3125 = ORIENTED_EDGE('',*,*,#2901,.T.);
#3126 = ORIENTED_EDGE('',*,*,#3127,.T.);
#3127 = EDGE_CURVE('',#2902,#3012,#3128,.T.);
#3128 = SURFACE_CURVE('',#3129,(#3133,#3140),.PCURVE_S1.);
#3129 = LINE('',#3130,#3131);
#3130 = CARTESIAN_POINT('',(1.2788E+03,60.,1.45E+03));
#3131 = VECTOR('',#3132,1.);
#3132 = DIRECTION('',(1.,0.,0.));
#3133 = PCURVE('',#2917,#3134);
#3134 = DEFINITIONAL_REPRESENTATION('',(#3135),#3139);
#3135 = LINE('',#3136,#3137);
#3136 = CARTESIAN_POINT('',(900.,0.));
#3137 = VECTOR('',#3138,1.);
#3138 = DIRECTION('',(0.,1.));
#3139 = ( GEOMETRIC_REPRESENTATION_CONTEXT(2) 
PARAMETRIC_REPRESENTATION_CONTEXT() REPRESENTATION_CONTEXT('2D SPACE',''
  ) );
#3140 = PCURVE('',#2943,#3141);
#3141 = DEFINITIONAL_REPRESENTATION('',(#3142),#3146);
#3142 = LINE('',#3143,#3144);
#3143 = CARTESIAN_POINT('',(0.,120.));
#3144 = VECTOR('',#3145,1.);
#3145 = DIRECTION('',(1.,0.));
#3146 = ( GEOMETRIC_REPRESENTATION_CONTEXT(2) 
PARAMETRIC_REPRESENTATION_CONTEXT() REPRESENTATION_CONTEXT('2D SPACE',''
  ) );
#3147 = ORIENTED_EDGE('',*,*,#3011,.F.);
#3148 = ADVANCED_FACE('',(#3149),#2889,.F.);
#3149 = FACE_BOUND('',#3150,.F.);
#3150 = EDGE_LOOP('',(#3151,#3152,#3153,#3154));
#3151 = ORIENTED_EDGE('',*,*,#2873,.F.);
#3152 = ORIENTED_EDGE('',*,*,#3058,.T.);
#3153 = ORIENTED_EDGE('',*,*,#2988,.T.);
#3154 = ORIENTED_EDGE('',*,*,#3105,.F.);
#3155 = ADVANCED_FACE('',(#3156),#2943,.T.);
#3156 = FACE_BOUND('',#3157,.T.);
#3157 = EDGE_LOOP('',(#3158,#3159,#3160,#3161));
#3158 = ORIENTED_EDGE('',*,*,#2929,.F.);
#3159 = ORIENTED_EDGE('',*,*,#3080,.T.);
#3160 = ORIENTED_EDGE('',*,*,#3034,.T.);
#3161 = ORIENTED_EDGE('',*,*,#3127,.F.);
#3162 = ( GEOMETRIC_REPRESENTATION_CONTEXT(3) 
GLOBAL_UNCERTAINTY_ASSIGNED_CONTEXT((#3166)) 
GLOBAL_UNIT_ASSIGNED_CONTEXT((#3163,#3164,#3165)) REPRESENTATION_CONTEXT
('Context #1','3D Context with UNIT and UNCERTAINTY') );
#3163 = ( LENGTH_UNIT() NAMED_UNIT(*) SI_UNIT(.MILLI.,.METRE.) );
#3164 = ( NAMED_UNIT(*) PLANE_ANGLE_UNIT() SI_UNIT($,.RADIAN.) );
#3165 = ( NAMED_UNIT(*) SI_UNIT($,.STERADIAN.) SOLID_ANGLE_UNIT() );
#3166 = UNCERTAINTY_MEASURE_WITH_UNIT(LENGTH_MEASURE(1.E-07),#3163,
  'distance_accuracy_value','confusion accuracy');
#3167 = CONTEXT_DEPENDENT_SHAPE_REPRESENTATION(#3168,#3170);
#3168 = ( REPRESENTATION_RELATIONSHIP('','',#2831,#10) 
REPRESENTATION_RELATIONSHIP_WITH_TRANSFORMATION(#3169) 
SHAPE_REPRESENTATION_RELATIONSHIP() );
#3169 = ITEM_DEFINED_TRANSFORMATION('','',#11,#43);
#3170 = PRODUCT_DEFINITION_SHAPE('Placement','Placement of an item',
  #3171);
#3171 = NEXT_ASSEMBLY_USAGE_OCCURRENCE('98','PILLAR_REAR','',#5,#2826,$
  );
#3172 = PRODUCT_RELATED_PRODUCT_CATEGORY('part',$,(#2828));
#3173 = SHAPE_DEFINITION_REPRESENTATION(#3174,#3180);
#3174 = PRODUCT_DEFINITION_SHAPE('','',#3175);
#3175 = PRODUCT_DEFINITION('design','',#3176,#3179);
#3176 = PRODUCT_DEFINITION_FORMATION('','',#3177);
#3177 = PRODUCT('PILLAR_FLANGE','PILLAR_FLANGE','',(#3178));
#3178 = PRODUCT_CONTEXT('',#2,'mechanical');
#3179 = PRODUCT_DEFINITION_CONTEXT('part definition',#2,'design');
#3180 = ADVANCED_BREP_SHAPE_REPRESENTATION('',(#11,#3181),#3511);
#3181 = MANIFOLD_SOLID_BREP('',#3182);
#3182 = CLOSED_SHELL('',(#3183,#3303,#3403,#3450,#3497,#3504));
#3183 = ADVANCED_FACE('',(#3184),#3198,.F.);
#3184 = FACE_BOUND('',#3185,.F.);
#3185 = EDGE_LOOP('',(#3186,#3221,#3249,#3277));
#3186 = ORIENTED_EDGE('',*,*,#3187,.F.);
#3187 = EDGE_CURVE('',#3188,#3190,#3192,.T.);
#3188 = VERTEX_POINT('',#3189);
#3189 = CARTESIAN_POINT('',(1.28E+03,-61.2,550.));
#3190 = VERTEX_POINT('',#3191);
#3191 = CARTESIAN_POINT('',(1.28E+03,-61.2,1.45E+03));
#3192 = SURFACE_CURVE('',#3193,(#3197,#3209),.PCURVE_S1.);
#3193 = LINE('',#3194,#3195);
#3194 = CARTESIAN_POINT('',(1.28E+03,-61.2,550.));
#3195 = VECTOR('',#3196,1.);
#3196 = DIRECTION('',(0.,0.,1.));
#3197 = PCURVE('',#3198,#3203);
#3198 = PLANE('',#3199);
#3199 = AXIS2_PLACEMENT_3D('',#3200,#3201,#3202);
#3200 = CARTESIAN_POINT('',(1.28E+03,-61.2,550.));
#3201 = DIRECTION('',(1.,0.,0.));
#3202 = DIRECTION('',(0.,0.,1.));
#3203 = DEFINITIONAL_REPRESENTATION('',(#3204),#3208);
#3204 = LINE('',#3205,#3206);
#3205 = CARTESIAN_POINT('',(0.,0.));
#3206 = VECTOR('',#3207,1.);
#3207 = DIRECTION('',(1.,0.));
#3208 = ( GEOMETRIC_REPRESENTATION_CONTEXT(2) 
PARAMETRIC_REPRESENTATION_CONTEXT() REPRESENTATION_CONTEXT('2D SPACE',''
  ) );
#3209 = PCURVE('',#3210,#3215);
#3210 = PLANE('',#3211);
#3211 = AXIS2_PLACEMENT_3D('',#3212,#3213,#3214);
#3212 = CARTESIAN_POINT('',(1.28E+03,-61.2,550.));
#3213 = DIRECTION('',(0.,1.,0.));
#3214 = DIRECTION('',(0.,0.,1.));
#3215 = DEFINITIONAL_REPRESENTATION('',(#3216),#3220);
#3216 = LINE('',#3217,#3218);
#3217 = CARTESIAN_POINT('',(0.,0.));
#3218 = VECTOR('',#3219,1.);
#3219 = DIRECTION('',(1.,0.));
#3220 = ( GEOMETRIC_REPRESENTATION_CONTEXT(2) 
PARAMETRIC_REPRESENTATION_CONTEXT() REPRESENTATION_CONTEXT('2D SPACE',''
  ) );
#3221 = ORIENTED_EDGE('',*,*,#3222,.T.);
#3222 = EDGE_CURVE('',#3188,#3223,#3225,.T.);
#3223 = VERTEX_POINT('',#3224);
#3224 = CARTESIAN_POINT('',(1.28E+03,-58.8,550.));
#3225 = SURFACE_CURVE('',#3226,(#3230,#3237),.PCURVE_S1.);
#3226 = LINE('',#3227,#3228);
#3227 = CARTESIAN_POINT('',(1.28E+03,-61.2,550.));
#3228 = VECTOR('',#3229,1.);
#3229 = DIRECTION('',(0.,1.,0.));
#3230 = PCURVE('',#3198,#3231);
#3231 = DEFINITIONAL_REPRESENTATION('',(#3232),#3236);
#3232 = LINE('',#3233,#3234);
#3233 = CARTESIAN_POINT('',(0.,0.));
#3234 = VECTOR('',#3235,1.);
#3235 = DIRECTION('',(0.,-1.));
#3236 = ( GEOMETRIC_REPRESENTATION_CONTEXT(2) 
PARAMETRIC_REPRESENTATION_CONTEXT() REPRESENTATION_CONTEXT('2D SPACE',''
  ) );
#3237 = PCURVE('',#3238,#3243);
#3238 = PLANE('',#3239);
#3239 = AXIS2_PLACEMENT_3D('',#3240,#3241,#3242);
#3240 = CARTESIAN_POINT('',(1.28E+03,-61.2,550.));
#3241 = DIRECTION('',(0.,0.,1.));
#3242 = DIRECTION('',(1.,0.,0.));
#3243 = DEFINITIONAL_REPRESENTATION('',(#3244),#3248);
#3244 = LINE('',#3245,#3246);
#3245 = CARTESIAN_POINT('',(0.,0.));
#3246 = VECTOR('',#3247,1.);
#3247 = DIRECTION('',(0.,1.));
#3248 = ( GEOMETRIC_REPRESENTATION_CONTEXT(2) 
PARAMETRIC_REPRESENTATION_CONTEXT() REPRESENTATION_CONTEXT('2D SPACE',''
  ) );
#3249 = ORIENTED_EDGE('',*,*,#3250,.T.);
#3250 = EDGE_CURVE('',#3223,#3251,#3253,.T.);
#3251 = VERTEX_POINT('',#3252);
#3252 = CARTESIAN_POINT('',(1.28E+03,-58.8,1.45E+03));
#3253 = SURFACE_CURVE('',#3254,(#3258,#3265),.PCURVE_S1.);
#3254 = LINE('',#3255,#3256);
#3255 = CARTESIAN_POINT('',(1.28E+03,-58.8,550.));
#3256 = VECTOR('',#3257,1.);
#3257 = DIRECTION('',(0.,0.,1.));
#3258 = PCURVE('',#3198,#3259);
#3259 = DEFINITIONAL_REPRESENTATION('',(#3260),#3264);
#3260 = LINE('',#3261,#3262);
#3261 = CARTESIAN_POINT('',(0.,-2.4));
#3262 = VECTOR('',#3263,1.);
#3263 = DIRECTION('',(1.,0.));
#3264 = ( GEOMETRIC_REPRESENTATION_CONTEXT(2) 
PARAMETRIC_REPRESENTATION_CONTEXT() REPRESENTATION_CONTEXT('2D SPACE',''
  ) );
#3265 = PCURVE('',#3266,#3271);
#3266 = PLANE('',#3267);
#3267 = AXIS2_PLACEMENT_3D('',#3268,#3269,#3270);
#3268 = CARTESIAN_POINT('',(1.28E+03,-58.8,550.));
#3269 = DIRECTION('',(0.,1.,0.));
#3270 = DIRECTION('',(0.,0.,1.));
#3271 = DEFINITIONAL_REPRESENTATION('',(#3272),#3276);
#3272 = LINE('',#3273,#3274);
#3273 = CARTESIAN_POINT('',(0.,0.));
#3274 = VECTOR('',#3275,1.);
#3275 = DIRECTION('',(1.,0.));
#3276 = ( GEOMETRIC_REPRESENTATION_CONTEXT(2) 
PARAMETRIC_REPRESENTATION_CONTEXT() REPRESENTATION_CONTEXT('2D SPACE',''
  ) );
#3277 = ORIENTED_EDGE('',*,*,#3278,.F.);
#3278 = EDGE_CURVE('',#3190,#3251,#3279,.T.);
#3279 = SURFACE_CURVE('',#3280,(#3284,#3291),.PCURVE_S1.);
#3280 = LINE('',#3281,#3282);
#3281 = CARTESIAN_POINT('',(1.28E+03,-61.2,1.45E+03));
#3282 = VECTOR('',#3283,1.);
#3283 = DIRECTION('',(0.,1.,0.));
#3284 = PCURVE('',#3198,#3285);
#3285 = DEFINITIONAL_REPRESENTATION('',(#3286),#3290);
#3286 = LINE('',#3287,#3288);
#3287 = CARTESIAN_POINT('',(900.,0.));
#3288 = VECTOR('',#3289,1.);
#3289 = DIRECTION('',(0.,-1.));
#3290 = ( GEOMETRIC_REPRESENTATION_CONTEXT(2) 
PARAMETRIC_REPRESENTATION_CONTEXT() REPRESENTATION_CONTEXT('2D SPACE',''
  ) );
#3291 = PCURVE('',#3292,#3297);
#3292 = PLANE('',#3293);
#3293 = AXIS2_PLACEMENT_3D('',#3294,#3295,#3296);
#3294 = CARTESIAN_POINT('',(1.28E+03,-61.2,1.45E+03));
#3295 = DIRECTION('',(0.,0.,1.));
#3296 = DIRECTION('',(1.,0.,0.));
#3297 = DEFINITIONAL_REPRESENTATION('',(#3298),#3302);
#3298 = LINE('',#3299,#3300);
#3299 = CARTESIAN_POINT('',(0.,0.));
#3300 = VECTOR('',#3301,1.);
#3301 = DIRECTION('',(0.,1.));
#3302 = ( GEOMETRIC_REPRESENTATION_CONTEXT(2) 
PARAMETRIC_REPRESENTATION_CONTEXT() REPRESENTATION_CONTEXT('2D SPACE',''
  ) );
#3303 = ADVANCED_FACE('',(#3304),#3318,.T.);
#3304 = FACE_BOUND('',#3305,.T.);
#3305 = EDGE_LOOP('',(#3306,#3336,#3359,#3382));
#3306 = ORIENTED_EDGE('',*,*,#3307,.F.);
#3307 = EDGE_CURVE('',#3308,#3310,#3312,.T.);
#3308 = VERTEX_POINT('',#3309);
#3309 = CARTESIAN_POINT('',(1.305E+03,-61.2,550.));
#3310 = VERTEX_POINT('',#3311);
#3311 = CARTESIAN_POINT('',(1.305E+03,-61.2,1.45E+03));
#3312 = SURFACE_CURVE('',#3313,(#3317,#3329),.PCURVE_S1.);
#3313 = LINE('',#3314,#3315);
#3314 = CARTESIAN_POINT('',(1.305E+03,-61.2,550.));
#3315 = VECTOR('',#3316,1.);
#3316 = DIRECTION('',(0.,0.,1.));
#3317 = PCURVE('',#3318,#3323);
#3318 = PLANE('',#3319);
#3319 = AXIS2_PLACEMENT_3D('',#3320,#3321,#3322);
#3320 = CARTESIAN_POINT('',(1.305E+03,-61.2,550.));
#3321 = DIRECTION('',(1.,0.,0.));
#3322 = DIRECTION('',(0.,0.,1.));
#3323 = DEFINITIONAL_REPRESENTATION('',(#3324),#3328);
#3324 = LINE('',#3325,#3326);
#3325 = CARTESIAN_POINT('',(0.,0.));
#3326 = VECTOR('',#3327,1.);
#3327 = DIRECTION('',(1.,0.));
#3328 = ( GEOMETRIC_REPRESENTATION_CONTEXT(2) 
PARAMETRIC_REPRESENTATION_CONTEXT() REPRESENTATION_CONTEXT('2D SPACE',''
  ) );
#3329 = PCURVE('',#3210,#3330);
#3330 = DEFINITIONAL_REPRESENTATION('',(#3331),#3335);
#3331 = LINE('',#3332,#3333);
#3332 = CARTESIAN_POINT('',(0.,25.));
#3333 = VECTOR('',#3334,1.);
#3334 = DIRECTION('',(1.,0.));
#3335 = ( GEOMETRIC_REPRESENTATION_CONTEXT(2) 
PARAMETRIC_REPRESENTATION_CONTEXT() REPRESENTATION_CONTEXT('2D SPACE',''
  ) );
#3336 = ORIENTED_EDGE('',*,*,#3337,.T.);
#3337 = EDGE_CURVE('',#3308,#3338,#3340,.T.);
#3338 = VERTEX_POINT('',#3339);
#3339 = CARTESIAN_POINT('',(1.305E+03,-58.8,550.));
#3340 = SURFACE_CURVE('',#3341,(#3345,#3352),.PCURVE_S1.);
#3341 = LINE('',#3342,#3343);
#3342 = CARTESIAN_POINT('',(1.305E+03,-61.2,550.));
#3343 = VECTOR('',#3344,1.);
#3344 = DIRECTION('',(0.,1.,0.));
#3345 = PCURVE('',#3318,#3346);
#3346 = DEFINITIONAL_REPRESENTATION('',(#3347),#3351);
#3347 = LINE('',#3348,#3349);
#3348 = CARTESIAN_POINT('',(0.,0.));
#3349 = VECTOR('',#3350,1.);
#3350 = DIRECTION('',(0.,-1.));
#3351 = ( GEOMETRIC_REPRESENTATION_CONTEXT(2) 
PARAMETRIC_REPRESENTATION_CONTEXT() REPRESENTATION_CONTEXT('2D SPACE',''
  ) );
#3352 = PCURVE('',#3238,#3353);
#3353 = DEFINITIONAL_REPRESENTATION('',(#3354),#3358);
#3354 = LINE('',#3355,#3356);
#3355 = CARTESIAN_POINT('',(25.,0.));
#3356 = VECTOR('',#3357,1.);
#3357 = DIRECTION('',(0.,1.));
#3358 = ( GEOMETRIC_REPRESENTATION_CONTEXT(2) 
PARAMETRIC_REPRESENTATION_CONTEXT() REPRESENTATION_CONTEXT('2D SPACE',''
  ) );
#3359 = ORIENTED_EDGE('',*,*,#3360,.T.);
#3360 = EDGE_CURVE('',#3338,#3361,#3363,.T.);
#3361 = VERTEX_POINT('',#3362);
#3362 = CARTESIAN_POINT('',(1.305E+03,-58.8,1.45E+03));
#3363 = SURFACE_CURVE('',#3364,(#3368,#3375),.PCURVE_S1.);
#3364 = LINE('',#3365,#3366);
#3365 = CARTESIAN_POINT('',(1.305E+03,-58.8,550.));
#3366 = VECTOR('',#3367,1.);
#3367 = DIRECTION('',(0.,0.,1.));
#3368 = PCURVE('',#3318,#3369);
#3369 = DEFINITIONAL_REPRESENTATION('',(#3370),#3374);
#3370 = LINE('',#3371,#3372);
#3371 = CARTESIAN_POINT('',(0.,-2.4));
#3372 = VECTOR('',#3373,1.);
#3373 = DIRECTION('',(1.,0.));
#3374 = ( GEOMETRIC_REPRESENTATION_CONTEXT(2) 
PARAMETRIC_REPRESENTATION_CONTEXT() REPRESENTATION_CONTEXT('2D SPACE',''
  ) );
#3375 = PCURVE('',#3266,#3376);
#3376 = DEFINITIONAL_REPRESENTATION('',(#3377),#3381);
#3377 = LINE('',#3378,#3379);
#3378 = CARTESIAN_POINT('',(0.,25.));
#3379 = VECTOR('',#3380,1.);
#3380 = DIRECTION('',(1.,0.));
#3381 = ( GEOMETRIC_REPRESENTATION_CONTEXT(2) 
PARAMETRIC_REPRESENTATION_CONTEXT() REPRESENTATION_CONTEXT('2D SPACE',''
  ) );
#3382 = ORIENTED_EDGE('',*,*,#3383,.F.);
#3383 = EDGE_CURVE('',#3310,#3361,#3384,.T.);
#3384 = SURFACE_CURVE('',#3385,(#3389,#3396),.PCURVE_S1.);
#3385 = LINE('',#3386,#3387);
#3386 = CARTESIAN_POINT('',(1.305E+03,-61.2,1.45E+03));
#3387 = VECTOR('',#3388,1.);
#3388 = DIRECTION('',(0.,1.,0.));
#3389 = PCURVE('',#3318,#3390);
#3390 = DEFINITIONAL_REPRESENTATION('',(#3391),#3395);
#3391 = LINE('',#3392,#3393);
#3392 = CARTESIAN_POINT('',(900.,0.));
#3393 = VECTOR('',#3394,1.);
#3394 = DIRECTION('',(0.,-1.));
#3395 = ( GEOMETRIC_REPRESENTATION_CONTEXT(2) 
PARAMETRIC_REPRESENTATION_CONTEXT() REPRESENTATION_CONTEXT('2D SPACE',''
  ) );
#3396 = PCURVE('',#3292,#3397);
#3397 = DEFINITIONAL_REPRESENTATION('',(#3398),#3402);
#3398 = LINE('',#3399,#3400);
#3399 = CARTESIAN_POINT('',(25.,0.));
#3400 = VECTOR('',#3401,1.);
#3401 = DIRECTION('',(0.,1.));
#3402 = ( GEOMETRIC_REPRESENTATION_CONTEXT(2) 
PARAMETRIC_REPRESENTATION_CONTEXT() REPRESENTATION_CONTEXT('2D SPACE',''
  ) );
#3403 = ADVANCED_FACE('',(#3404),#3210,.F.);
#3404 = FACE_BOUND('',#3405,.F.);
#3405 = EDGE_LOOP('',(#3406,#3427,#3428,#3449));
#3406 = ORIENTED_EDGE('',*,*,#3407,.F.);
#3407 = EDGE_CURVE('',#3188,#3308,#3408,.T.);
#3408 = SURFACE_CURVE('',#3409,(#3413,#3420),.PCURVE_S1.);
#3409 = LINE('',#3410,#3411);
#3410 = CARTESIAN_POINT('',(1.28E+03,-61.2,550.));
#3411 = VECTOR('',#3412,1.);
#3412 = DIRECTION('',(1.,0.,0.));
#3413 = PCURVE('',#3210,#3414);
#3414 = DEFINITIONAL_REPRESENTATION('',(#3415),#3419);
#3415 = LINE('',#3416,#3417);
#3416 = CARTESIAN_POINT('',(0.,0.));
#3417 = VECTOR('',#3418,1.);
#3418 = DIRECTION('',(0.,1.));
#3419 = ( GEOMETRIC_REPRESENTATION_CONTEXT(2) 
PARAMETRIC_REPRESENTATION_CONTEXT() REPRESENTATION_CONTEXT('2D SPACE',''
  ) );
#3420 = PCURVE('',#3238,#3421);
#3421 = DEFINITIONAL_REPRESENTATION('',(#3422),#3426);
#3422 = LINE('',#3423,#3424);
#3423 = CARTESIAN_POINT('',(0.,0.));
#3424 = VECTOR('',#3425,1.);
#3425 = DIRECTION('',(1.,0.));
#3426 = ( GEOMETRIC_REPRESENTATION_CONTEXT(2) 
PARAMETRIC_REPRESENTATION_CONTEXT() REPRESENTATION_CONTEXT('2D SPACE',''
  ) );
#3427 = ORIENTED_EDGE('',*,*,#3187,.T.);
#3428 = ORIENTED_EDGE('',*,*,#3429,.T.);
#3429 = EDGE_CURVE('',#3190,#3310,#3430,.T.);
#3430 = SURFACE_CURVE('',#3431,(#3435,#3442),.PCURVE_S1.);
#3431 = LINE('',#3432,#3433);
#3432 = CARTESIAN_POINT('',(1.28E+03,-61.2,1.45E+03));
#3433 = VECTOR('',#3434,1.);
#3434 = DIRECTION('',(1.,0.,0.));
#3435 = PCURVE('',#3210,#3436);
#3436 = DEFINITIONAL_REPRESENTATION('',(#3437),#3441);
#3437 = LINE('',#3438,#3439);
#3438 = CARTESIAN_POINT('',(900.,0.));
#3439 = VECTOR('',#3440,1.);
#3440 = DIRECTION('',(0.,1.));
#3441 = ( GEOMETRIC_REPRESENTATION_CONTEXT(2) 
PARAMETRIC_REPRESENTATION_CONTEXT() REPRESENTATION_CONTEXT('2D SPACE',''
  ) );
#3442 = PCURVE('',#3292,#3443);
#3443 = DEFINITIONAL_REPRESENTATION('',(#3444),#3448);
#3444 = LINE('',#3445,#3446);
#3445 = CARTESIAN_POINT('',(0.,0.));
#3446 = VECTOR('',#3447,1.);
#3447 = DIRECTION('',(1.,0.));
#3448 = ( GEOMETRIC_REPRESENTATION_CONTEXT(2) 
PARAMETRIC_REPRESENTATION_CONTEXT() REPRESENTATION_CONTEXT('2D SPACE',''
  ) );
#3449 = ORIENTED_EDGE('',*,*,#3307,.F.);
#3450 = ADVANCED_FACE('',(#3451),#3266,.T.);
#3451 = FACE_BOUND('',#3452,.T.);
#3452 = EDGE_LOOP('',(#3453,#3474,#3475,#3496));
#3453 = ORIENTED_EDGE('',*,*,#3454,.F.);
#3454 = EDGE_CURVE('',#3223,#3338,#3455,.T.);
#3455 = SURFACE_CURVE('',#3456,(#3460,#3467),.PCURVE_S1.);
#3456 = LINE('',#3457,#3458);
#3457 = CARTESIAN_POINT('',(1.28E+03,-58.8,550.));
#3458 = VECTOR('',#3459,1.);
#3459 = DIRECTION('',(1.,0.,0.));
#3460 = PCURVE('',#3266,#3461);
#3461 = DEFINITIONAL_REPRESENTATION('',(#3462),#3466);
#3462 = LINE('',#3463,#3464);
#3463 = CARTESIAN_POINT('',(0.,0.));
#3464 = VECTOR('',#3465,1.);
#3465 = DIRECTION('',(0.,1.));
#3466 = ( GEOMETRIC_REPRESENTATION_CONTEXT(2) 
PARAMETRIC_REPRESENTATION_CONTEXT() REPRESENTATION_CONTEXT('2D SPACE',''
  ) );
#3467 = PCURVE('',#3238,#3468);
#3468 = DEFINITIONAL_REPRESENTATION('',(#3469),#3473);
#3469 = LINE('',#3470,#3471);
#3470 = CARTESIAN_POINT('',(0.,2.4));
#3471 = VECTOR('',#3472,1.);
#3472 = DIRECTION('',(1.,0.));
#3473 = ( GEOMETRIC_REPRESENTATION_CONTEXT(2) 
PARAMETRIC_REPRESENTATION_CONTEXT() REPRESENTATION_CONTEXT('2D SPACE',''
  ) );
#3474 = ORIENTED_EDGE('',*,*,#3250,.T.);
#3475 = ORIENTED_EDGE('',*,*,#3476,.T.);
#3476 = EDGE_CURVE('',#3251,#3361,#3477,.T.);
#3477 = SURFACE_CURVE('',#3478,(#3482,#3489),.PCURVE_S1.);
#3478 = LINE('',#3479,#3480);
#3479 = CARTESIAN_POINT('',(1.28E+03,-58.8,1.45E+03));
#3480 = VECTOR('',#3481,1.);
#3481 = DIRECTION('',(1.,0.,0.));
#3482 = PCURVE('',#3266,#3483);
#3483 = DEFINITIONAL_REPRESENTATION('',(#3484),#3488);
#3484 = LINE('',#3485,#3486);
#3485 = CARTESIAN_POINT('',(900.,0.));
#3486 = VECTOR('',#3487,1.);
#3487 = DIRECTION('',(0.,1.));
#3488 = ( GEOMETRIC_REPRESENTATION_CONTEXT(2) 
PARAMETRIC_REPRESENTATION_CONTEXT() REPRESENTATION_CONTEXT('2D SPACE',''
  ) );
#3489 = PCURVE('',#3292,#3490);
#3490 = DEFINITIONAL_REPRESENTATION('',(#3491),#3495);
#3491 = LINE('',#3492,#3493);
#3492 = CARTESIAN_POINT('',(0.,2.4));
#3493 = VECTOR('',#3494,1.);
#3494 = DIRECTION('',(1.,0.));
#3495 = ( GEOMETRIC_REPRESENTATION_CONTEXT(2) 
PARAMETRIC_REPRESENTATION_CONTEXT() REPRESENTATION_CONTEXT('2D SPACE',''
  ) );
#3496 = ORIENTED_EDGE('',*,*,#3360,.F.);
#3497 = ADVANCED_FACE('',(#3498),#3238,.F.);
#3498 = FACE_BOUND('',#3499,.F.);
#3499 = EDGE_LOOP('',(#3500,#3501,#3502,#3503));
#3500 = ORIENTED_EDGE('',*,*,#3222,.F.);
#3501 = ORIENTED_EDGE('',*,*,#3407,.T.);
#3502 = ORIENTED_EDGE('',*,*,#3337,.T.);
#3503 = ORIENTED_EDGE('',*,*,#3454,.F.);
#3504 = ADVANCED_FACE('',(#3505),#3292,.T.);
#3505 = FACE_BOUND('',#3506,.T.);
#3506 = EDGE_LOOP('',(#3507,#3508,#3509,#3510));
#3507 = ORIENTED_EDGE('',*,*,#3278,.F.);
#3508 = ORIENTED_EDGE('',*,*,#3429,.T.);
#3509 = ORIENTED_EDGE('',*,*,#3383,.T.);
#3510 = ORIENTED_EDGE('',*,*,#3476,.F.);
#3511 = ( GEOMETRIC_REPRESENTATION_CONTEXT(3) 
GLOBAL_UNCERTAINTY_ASSIGNED_CONTEXT((#3515)) 
GLOBAL_UNIT_ASSIGNED_CONTEXT((#3512,#3513,#3514)) REPRESENTATION_CONTEXT
('Context #1','3D Context with UNIT and UNCERTAINTY') );
#3512 = ( LENGTH_UNIT() NAMED_UNIT(*) SI_UNIT(.MILLI.,.METRE.) );
#3513 = ( NAMED_UNIT(*) PLANE_ANGLE_UNIT() SI_UNIT($,.RADIAN.) );
#3514 = ( NAMED_UNIT(*) SI_UNIT($,.STERADIAN.) SOLID_ANGLE_UNIT() );
#3515 = UNCERTAINTY_MEASURE_WITH_UNIT(LENGTH_MEASURE(1.E-07),#3512,
  'distance_accuracy_value','confusion accuracy');
#3516 = CONTEXT_DEPENDENT_SHAPE_REPRESENTATION(#3517,#3519);
#3517 = ( REPRESENTATION_RELATIONSHIP('','',#3180,#10) 
REPRESENTATION_RELATIONSHIP_WITH_TRANSFORMATION(#3518) 
SHAPE_REPRESENTATION_RELATIONSHIP() );
#3518 = ITEM_DEFINED_TRANSFORMATION('','',#11,#47);
#3519 = PRODUCT_DEFINITION_SHAPE('Placement','Placement of an item',
  #3520);
#3520 = NEXT_ASSEMBLY_USAGE_OCCURRENCE('99','PILLAR_FLANGE','',#5,#3175,
  $);
#3521 = PRODUCT_RELATED_PRODUCT_CATEGORY('part',$,(#3177));
#3522 = SHAPE_DEFINITION_REPRESENTATION(#3523,#3529);
#3523 = PRODUCT_DEFINITION_SHAPE('','',#3524);
#3524 = PRODUCT_DEFINITION('design','',#3525,#3528);
#3525 = PRODUCT_DEFINITION_FORMATION('','',#3526);
#3526 = PRODUCT('MEMBER_WALL_FRONT','MEMBER_WALL_FRONT','',(#3527));
#3527 = PRODUCT_CONTEXT('',#2,'mechanical');
#3528 = PRODUCT_DEFINITION_CONTEXT('part definition',#2,'design');
#3529 = ADVANCED_BREP_SHAPE_REPRESENTATION('',(#11,#3530),#3860);
#3530 = MANIFOLD_SOLID_BREP('',#3531);
#3531 = CLOSED_SHELL('',(#3532,#3652,#3752,#3799,#3846,#3853));
#3532 = ADVANCED_FACE('',(#3533),#3547,.F.);
#3533 = FACE_BOUND('',#3534,.F.);
#3534 = EDGE_LOOP('',(#3535,#3570,#3598,#3626));
#3535 = ORIENTED_EDGE('',*,*,#3536,.F.);
#3536 = EDGE_CURVE('',#3537,#3539,#3541,.T.);
#3537 = VERTEX_POINT('',#3538);
#3538 = CARTESIAN_POINT('',(1.1588E+03,120.,300.));
#3539 = VERTEX_POINT('',#3540);
#3540 = CARTESIAN_POINT('',(1.1588E+03,120.,420.));
#3541 = SURFACE_CURVE('',#3542,(#3546,#3558),.PCURVE_S1.);
#3542 = LINE('',#3543,#3544);
#3543 = CARTESIAN_POINT('',(1.1588E+03,120.,300.));
#3544 = VECTOR('',#3545,1.);
#3545 = DIRECTION('',(0.,0.,1.));
#3546 = PCURVE('',#3547,#3552);
#3547 = PLANE('',#3548);
#3548 = AXIS2_PLACEMENT_3D('',#3549,#3550,#3551);
#3549 = CARTESIAN_POINT('',(1.1588E+03,120.,300.));
#3550 = DIRECTION('',(1.,0.,0.));
#3551 = DIRECTION('',(0.,0.,1.));
#3552 = DEFINITIONAL_REPRESENTATION('',(#3553),#3557);
#3553 = LINE('',#3554,#3555);
#3554 = CARTESIAN_POINT('',(0.,0.));
#3555 = VECTOR('',#3556,1.);
#3556 = DIRECTION('',(1.,0.));
#3557 = ( GEOMETRIC_REPRESENTATION_CONTEXT(2) 
PARAMETRIC_REPRESENTATION_CONTEXT() REPRESENTATION_CONTEXT('2D SPACE',''
  ) );
#3558 = PCURVE('',#3559,#3564);
#3559 = PLANE('',#3560);
#3560 = AXIS2_PLACEMENT_3D('',#3561,#3562,#3563);
#3561 = CARTESIAN_POINT('',(1.1588E+03,120.,300.));
#3562 = DIRECTION('',(0.,1.,0.));
#3563 = DIRECTION('',(0.,0.,1.));
#3564 = DEFINITIONAL_REPRESENTATION('',(#3565),#3569);
#3565 = LINE('',#3566,#3567);
#3566 = CARTESIAN_POINT('',(0.,0.));
#3567 = VECTOR('',#3568,1.);
#3568 = DIRECTION('',(1.,0.));
#3569 = ( GEOMETRIC_REPRESENTATION_CONTEXT(2) 
PARAMETRIC_REPRESENTATION_CONTEXT() REPRESENTATION_CONTEXT('2D SPACE',''
  ) );
#3570 = ORIENTED_EDGE('',*,*,#3571,.T.);
#3571 = EDGE_CURVE('',#3537,#3572,#3574,.T.);
#3572 = VERTEX_POINT('',#3573);
#3573 = CARTESIAN_POINT('',(1.1588E+03,800.,300.));
#3574 = SURFACE_CURVE('',#3575,(#3579,#3586),.PCURVE_S1.);
#3575 = LINE('',#3576,#3577);
#3576 = CARTESIAN_POINT('',(1.1588E+03,120.,300.));
#3577 = VECTOR('',#3578,1.);
#3578 = DIRECTION('',(0.,1.,0.));
#3579 = PCURVE('',#3547,#3580);
#3580 = DEFINITIONAL_REPRESENTATION('',(#3581),#3585);
#3581 = LINE('',#3582,#3583);
#3582 = CARTESIAN_POINT('',(0.,0.));
#3583 = VECTOR('',#3584,1.);
#3584 = DIRECTION('',(0.,-1.));
#3585 = ( GEOMETRIC_REPRESENTATION_CONTEXT(2) 
PARAMETRIC_REPRESENTATION_CONTEXT() REPRESENTATION_CONTEXT('2D SPACE',''
  ) );
#3586 = PCURVE('',#3587,#3592);
#3587 = PLANE('',#3588);
#3588 = AXIS2_PLACEMENT_3D('',#3589,#3590,#3591);
#3589 = CARTESIAN_POINT('',(1.1588E+03,120.,300.));
#3590 = DIRECTION('',(0.,0.,1.));
#3591 = DIRECTION('',(1.,0.,0.));
#3592 = DEFINITIONAL_REPRESENTATION('',(#3593),#3597);
#3593 = LINE('',#3594,#3595);
#3594 = CARTESIAN_POINT('',(0.,0.));
#3595 = VECTOR('',#3596,1.);
#3596 = DIRECTION('',(0.,1.));
#3597 = ( GEOMETRIC_REPRESENTATION_CONTEXT(2) 
PARAMETRIC_REPRESENTATION_CONTEXT() REPRESENTATION_CONTEXT('2D SPACE',''
  ) );
#3598 = ORIENTED_EDGE('',*,*,#3599,.T.);
#3599 = EDGE_CURVE('',#3572,#3600,#3602,.T.);
#3600 = VERTEX_POINT('',#3601);
#3601 = CARTESIAN_POINT('',(1.1588E+03,800.,420.));
#3602 = SURFACE_CURVE('',#3603,(#3607,#3614),.PCURVE_S1.);
#3603 = LINE('',#3604,#3605);
#3604 = CARTESIAN_POINT('',(1.1588E+03,800.,300.));
#3605 = VECTOR('',#3606,1.);
#3606 = DIRECTION('',(0.,0.,1.));
#3607 = PCURVE('',#3547,#3608);
#3608 = DEFINITIONAL_REPRESENTATION('',(#3609),#3613);
#3609 = LINE('',#3610,#3611);
#3610 = CARTESIAN_POINT('',(0.,-680.));
#3611 = VECTOR('',#3612,1.);
#3612 = DIRECTION('',(1.,0.));
#3613 = ( GEOMETRIC_REPRESENTATION_CONTEXT(2) 
PARAMETRIC_REPRESENTATION_CONTEXT() REPRESENTATION_CONTEXT('2D SPACE',''
  ) );
#3614 = PCURVE('',#3615,#3620);
#3615 = PLANE('',#3616);
#3616 = AXIS2_PLACEMENT_3D('',#3617,#3618,#3619);
#3617 = CARTESIAN_POINT('',(1.1588E+03,800.,300.));
#3618 = DIRECTION('',(0.,1.,0.));
#3619 = DIRECTION('',(0.,0.,1.));
#3620 = DEFINITIONAL_REPRESENTATION('',(#3621),#3625);
#3621 = LINE('',#3622,#3623);
#3622 = CARTESIAN_POINT('',(0.,0.));
#3623 = VECTOR('',#3624,1.);
#3624 = DIRECTION('',(1.,0.));
#3625 = ( GEOMETRIC_REPRESENTATION_CONTEXT(2) 
PARAMETRIC_REPRESENTATION_CONTEXT() REPRESENTATION_CONTEXT('2D SPACE',''
  ) );
#3626 = ORIENTED_EDGE('',*,*,#3627,.F.);
#3627 = EDGE_CURVE('',#3539,#3600,#3628,.T.);
#3628 = SURFACE_CURVE('',#3629,(#3633,#3640),.PCURVE_S1.);
#3629 = LINE('',#3630,#3631);
#3630 = CARTESIAN_POINT('',(1.1588E+03,120.,420.));
#3631 = VECTOR('',#3632,1.);
#3632 = DIRECTION('',(0.,1.,0.));
#3633 = PCURVE('',#3547,#3634);
#3634 = DEFINITIONAL_REPRESENTATION('',(#3635),#3639);
#3635 = LINE('',#3636,#3637);
#3636 = CARTESIAN_POINT('',(120.,0.));
#3637 = VECTOR('',#3638,1.);
#3638 = DIRECTION('',(0.,-1.));
#3639 = ( GEOMETRIC_REPRESENTATION_CONTEXT(2) 
PARAMETRIC_REPRESENTATION_CONTEXT() REPRESENTATION_CONTEXT('2D SPACE',''
  ) );
#3640 = PCURVE('',#3641,#3646);
#3641 = PLANE('',#3642);
#3642 = AXIS2_PLACEMENT_3D('',#3643,#3644,#3645);
#3643 = CARTESIAN_POINT('',(1.1588E+03,120.,420.));
#3644 = DIRECTION('',(0.,0.,1.));
#3645 = DIRECTION('',(1.,0.,0.));
#3646 = DEFINITIONAL_REPRESENTATION('',(#3647),#3651);
#3647 = LINE('',#3648,#3649);
#3648 = CARTESIAN_POINT('',(0.,0.));
#3649 = VECTOR('',#3650,1.);
#3650 = DIRECTION('',(0.,1.));
#3651 = ( GEOMETRIC_REPRESENTATION_CONTEXT(2) 
PARAMETRIC_REPRESENTATION_CONTEXT() REPRESENTATION_CONTEXT('2D SPACE',''
  ) );
#3652 = ADVANCED_FACE('',(#3653),#3667,.T.);
#3653 = FACE_BOUND('',#3654,.T.);
#3654 = EDGE_LOOP('',(#3655,#3685,#3708,#3731));
#3655 = ORIENTED_EDGE('',*,*,#3656,.F.);
#3656 = EDGE_CURVE('',#3657,#3659,#3661,.T.);
#3657 = VERTEX_POINT('',#3658);
#3658 = CARTESIAN_POINT('',(1.16E+03,120.,300.));
#3659 = VERTEX_POINT('',#3660);
#3660 = CARTESIAN_POINT('',(1.16E+03,120.,420.));
#3661 = SURFACE_CURVE('',#3662,(#3666,#3678),.PCURVE_S1.);
#3662 = LINE('',#3663,#3664);
#3663 = CARTESIAN_POINT('',(1.16E+03,120.,300.));
#3664 = VECTOR('',#3665,1.);
#3665 = DIRECTION('',(0.,0.,1.));
#3666 = PCURVE('',#3667,#3672);
#3667 = PLANE('',#3668);
#3668 = AXIS2_PLACEMENT_3D('',#3669,#3670,#3671);
#3669 = CARTESIAN_POINT('',(1.16E+03,120.,300.));
#3670 = DIRECTION('',(1.,0.,0.));
#3671 = DIRECTION('',(0.,0.,1.));
#3672 = DEFINITIONAL_REPRESENTATION('',(#3673),#3677);
#3673 = LINE('',#3674,#3675);
#3674 = CARTESIAN_POINT('',(0.,0.));
#3675 = VECTOR('',#3676,1.);
#3676 = DIRECTION('',(1.,0.));
#3677 = ( GEOMETRIC_REPRESENTATION_CONTEXT(2) 
PARAMETRIC_REPRESENTATION_CONTEXT() REPRESENTATION_CONTEXT('2D SPACE',''
  ) );
#3678 = PCURVE('',#3559,#3679);
#3679 = DEFINITIONAL_REPRESENTATION('',(#3680),#3684);
#3680 = LINE('',#3681,#3682);
#3681 = CARTESIAN_POINT('',(0.,1.2));
#3682 = VECTOR('',#3683,1.);
#3683 = DIRECTION('',(1.,0.));
#3684 = ( GEOMETRIC_REPRESENTATION_CONTEXT(2) 
PARAMETRIC_REPRESENTATION_CONTEXT() REPRESENTATION_CONTEXT('2D SPACE',''
  ) );
#3685 = ORIENTED_EDGE('',*,*,#3686,.T.);
#3686 = EDGE_CURVE('',#3657,#3687,#3689,.T.);
#3687 = VERTEX_POINT('',#3688);
#3688 = CARTESIAN_POINT('',(1.16E+03,800.,300.));
#3689 = SURFACE_CURVE('',#3690,(#3694,#3701),.PCURVE_S1.);
#3690 = LINE('',#3691,#3692);
#3691 = CARTESIAN_POINT('',(1.16E+03,120.,300.));
#3692 = VECTOR('',#3693,1.);
#3693 = DIRECTION('',(0.,1.,0.));
#3694 = PCURVE('',#3667,#3695);
#3695 = DEFINITIONAL_REPRESENTATION('',(#3696),#3700);
#3696 = LINE('',#3697,#3698);
#3697 = CARTESIAN_POINT('',(0.,0.));
#3698 = VECTOR('',#3699,1.);
#3699 = DIRECTION('',(0.,-1.));
#3700 = ( GEOMETRIC_REPRESENTATION_CONTEXT(2) 
PARAMETRIC_REPRESENTATION_CONTEXT() REPRESENTATION_CONTEXT('2D SPACE',''
  ) );
#3701 = PCURVE('',#3587,#3702);
#3702 = DEFINITIONAL_REPRESENTATION('',(#3703),#3707);
#3703 = LINE('',#3704,#3705);
#3704 = CARTESIAN_POINT('',(1.2,0.));
#3705 = VECTOR('',#3706,1.);
#3706 = DIRECTION('',(0.,1.));
#3707 = ( GEOMETRIC_REPRESENTATION_CONTEXT(2) 
PARAMETRIC_REPRESENTATION_CONTEXT() REPRESENTATION_CONTEXT('2D SPACE',''
  ) );
#3708 = ORIENTED_EDGE('',*,*,#3709,.T.);
#3709 = EDGE_CURVE('',#3687,#3710,#3712,.T.);
#3710 = VERTEX_POINT('',#3711);
#3711 = CARTESIAN_POINT('',(1.16E+03,800.,420.));
#3712 = SURFACE_CURVE('',#3713,(#3717,#3724),.PCURVE_S1.);
#3713 = LINE('',#3714,#3715);
#3714 = CARTESIAN_POINT('',(1.16E+03,800.,300.));
#3715 = VECTOR('',#3716,1.);
#3716 = DIRECTION('',(0.,0.,1.));
#3717 = PCURVE('',#3667,#3718);
#3718 = DEFINITIONAL_REPRESENTATION('',(#3719),#3723);
#3719 = LINE('',#3720,#3721);
#3720 = CARTESIAN_POINT('',(0.,-680.));
#3721 = VECTOR('',#3722,1.);
#3722 = DIRECTION('',(1.,0.));
#3723 = ( GEOMETRIC_REPRESENTATION_CONTEXT(2) 
PARAMETRIC_REPRESENTATION_CONTEXT() REPRESENTATION_CONTEXT('2D SPACE',''
  ) );
#3724 = PCURVE('',#3615,#3725);
#3725 = DEFINITIONAL_REPRESENTATION('',(#3726),#3730);
#3726 = LINE('',#3727,#3728);
#3727 = CARTESIAN_POINT('',(0.,1.2));
#3728 = VECTOR('',#3729,1.);
#3729 = DIRECTION('',(1.,0.));
#3730 = ( GEOMETRIC_REPRESENTATION_CONTEXT(2) 
PARAMETRIC_REPRESENTATION_CONTEXT() REPRESENTATION_CONTEXT('2D SPACE',''
  ) );
#3731 = ORIENTED_EDGE('',*,*,#3732,.F.);
#3732 = EDGE_CURVE('',#3659,#3710,#3733,.T.);
#3733 = SURFACE_CURVE('',#3734,(#3738,#3745),.PCURVE_S1.);
#3734 = LINE('',#3735,#3736);
#3735 = CARTESIAN_POINT('',(1.16E+03,120.,420.));
#3736 = VECTOR('',#3737,1.);
#3737 = DIRECTION('',(0.,1.,0.));
#3738 = PCURVE('',#3667,#3739);
#3739 = DEFINITIONAL_REPRESENTATION('',(#3740),#3744);
#3740 = LINE('',#3741,#3742);
#3741 = CARTESIAN_POINT('',(120.,0.));
#3742 = VECTOR('',#3743,1.);
#3743 = DIRECTION('',(0.,-1.));
#3744 = ( GEOMETRIC_REPRESENTATION_CONTEXT(2) 
PARAMETRIC_REPRESENTATION_CONTEXT() REPRESENTATION_CONTEXT('2D SPACE',''
  ) );
#3745 = PCURVE('',#3641,#3746);
#3746 = DEFINITIONAL_REPRESENTATION('',(#3747),#3751);
#3747 = LINE('',#3748,#3749);
#3748 = CARTESIAN_POINT('',(1.2,0.));
#3749 = VECTOR('',#3750,1.);
#3750 = DIRECTION('',(0.,1.));
#3751 = ( GEOMETRIC_REPRESENTATION_CONTEXT(2) 
PARAMETRIC_REPRESENTATION_CONTEXT() REPRESENTATION_CONTEXT('2D SPACE',''
  ) );
#3752 = ADVANCED_FACE('',(#3753),#3559,.F.);
#3753 = FACE_BOUND('',#3754,.F.);
#3754 = EDGE_LOOP('',(#3755,#3776,#3777,#3798));
#3755 = ORIENTED_EDGE('',*,*,#3756,.F.);
#3756 = EDGE_CURVE('',#3537,#3657,#3757,.T.);
#3757 = SURFACE_CURVE('',#3758,(#3762,#3769),.PCURVE_S1.);
#3758 = LINE('',#3759,#3760);
#3759 = CARTESIAN_POINT('',(1.1588E+03,120.,300.));
#3760 = VECTOR('',#3761,1.);
#3761 = DIRECTION('',(1.,0.,0.));
#3762 = PCURVE('',#3559,#3763);
#3763 = DEFINITIONAL_REPRESENTATION('',(#3764),#3768);
#3764 = LINE('',#3765,#3766);
#3765 = CARTESIAN_POINT('',(0.,0.));
#3766 = VECTOR('',#3767,1.);
#3767 = DIRECTION('',(0.,1.));
#3768 = ( GEOMETRIC_REPRESENTATION_CONTEXT(2) 
PARAMETRIC_REPRESENTATION_CONTEXT() REPRESENTATION_CONTEXT('2D SPACE',''
  ) );
#3769 = PCURVE('',#3587,#3770);
#3770 = DEFINITIONAL_REPRESENTATION('',(#3771),#3775);
#3771 = LINE('',#3772,#3773);
#3772 = CARTESIAN_POINT('',(0.,0.));
#3773 = VECTOR('',#3774,1.);
#3774 = DIRECTION('',(1.,0.));
#3775 = ( GEOMETRIC_REPRESENTATION_CONTEXT(2) 
PARAMETRIC_REPRESENTATION_CONTEXT() REPRESENTATION_CONTEXT('2D SPACE',''
  ) );
#3776 = ORIENTED_EDGE('',*,*,#3536,.T.);
#3777 = ORIENTED_EDGE('',*,*,#3778,.T.);
#3778 = EDGE_CURVE('',#3539,#3659,#3779,.T.);
#3779 = SURFACE_CURVE('',#3780,(#3784,#3791),.PCURVE_S1.);
#3780 = LINE('',#3781,#3782);
#3781 = CARTESIAN_POINT('',(1.1588E+03,120.,420.));
#3782 = VECTOR('',#3783,1.);
#3783 = DIRECTION('',(1.,0.,0.));
#3784 = PCURVE('',#3559,#3785);
#3785 = DEFINITIONAL_REPRESENTATION('',(#3786),#3790);
#3786 = LINE('',#3787,#3788);
#3787 = CARTESIAN_POINT('',(120.,0.));
#3788 = VECTOR('',#3789,1.);
#3789 = DIRECTION('',(0.,1.));
#3790 = ( GEOMETRIC_REPRESENTATION_CONTEXT(2) 
PARAMETRIC_REPRESENTATION_CONTEXT() REPRESENTATION_CONTEXT('2D SPACE',''
  ) );
#3791 = PCURVE('',#3641,#3792);
#3792 = DEFINITIONAL_REPRESENTATION('',(#3793),#3797);
#3793 = LINE('',#3794,#3795);
#3794 = CARTESIAN_POINT('',(0.,0.));
#3795 = VECTOR('',#3796,1.);
#3796 = DIRECTION('',(1.,0.));
#3797 = ( GEOMETRIC_REPRESENTATION_CONTEXT(2) 
PARAMETRIC_REPRESENTATION_CONTEXT() REPRESENTATION_CONTEXT('2D SPACE',''
  ) );
#3798 = ORIENTED_EDGE('',*,*,#3656,.F.);
#3799 = ADVANCED_FACE('',(#3800),#3615,.T.);
#3800 = FACE_BOUND('',#3801,.T.);
#3801 = EDGE_LOOP('',(#3802,#3823,#3824,#3845));
#3802 = ORIENTED_EDGE('',*,*,#3803,.F.);
#3803 = EDGE_CURVE('',#3572,#3687,#3804,.T.);
#3804 = SURFACE_CURVE('',#3805,(#3809,#3816),.PCURVE_S1.);
#3805 = LINE('',#3806,#3807);
#3806 = CARTESIAN_POINT('',(1.1588E+03,800.,300.));
#3807 = VECTOR('',#3808,1.);
#3808 = DIRECTION('',(1.,0.,0.));
#3809 = PCURVE('',#3615,#3810);
#3810 = DEFINITIONAL_REPRESENTATION('',(#3811),#3815);
#3811 = LINE('',#3812,#3813);
#3812 = CARTESIAN_POINT('',(0.,0.));
#3813 = VECTOR('',#3814,1.);
#3814 = DIRECTION('',(0.,1.));
#3815 = ( GEOMETRIC_REPRESENTATION_CONTEXT(2) 
PARAMETRIC_REPRESENTATION_CONTEXT() REPRESENTATION_CONTEXT('2D SPACE',''
  ) );
#3816 = PCURVE('',#3587,#3817);
#3817 = DEFINITIONAL_REPRESENTATION('',(#3818),#3822);
#3818 = LINE('',#3819,#3820);
#3819 = CARTESIAN_POINT('',(0.,680.));
#3820 = VECTOR('',#3821,1.);
#3821 = DIRECTION('',(1.,0.));
#3822 = ( GEOMETRIC_REPRESENTATION_CONTEXT(2) 
PARAMETRIC_REPRESENTATION_CONTEXT() REPRESENTATION_CONTEXT('2D SPACE',''
  ) );
#3823 = ORIENTED_EDGE('',*,*,#3599,.T.);
#3824 = ORIENTED_EDGE('',*,*,#3825,.T.);
#3825 = EDGE_CURVE('',#3600,#3710,#3826,.T.);
#3826 = SURFACE_CURVE('',#3827,(#3831,#3838),.PCURVE_S1.);
#3827 = LINE('',#3828,#3829);
#3828 = CARTESIAN_POINT('',(1.1588E+03,800.,420.));
#3829 = VECTOR('',#3830,1.);
#3830 = DIRECTION('',(1.,0.,0.));
#3831 = PCURVE('',#3615,#3832);
#3832 = DEFINITIONAL_REPRESENTATION('',(#3833),#3837);
#3833 = LINE('',#3834,#3835);
#3834 = CARTESIAN_POINT('',(120.,0.));
#3835 = VECTOR('',#3836,1.);
#3836 = DIRECTION('',(0.,1.));
#3837 = ( GEOMETRIC_REPRESENTATION_CONTEXT(2) 
PARAMETRIC_REPRESENTATION_CONTEXT() REPRESENTATION_CONTEXT('2D SPACE',''
  ) );
#3838 = PCURVE('',#3641,#3839);
#3839 = DEFINITIONAL_REPRESENTATION('',(#3840),#3844);
#3840 = LINE('',#3841,#3842);
#3841 = CARTESIAN_POINT('',(0.,680.));
#3842 = VECTOR('',#3843,1.);
#3843 = DIRECTION('',(1.,0.));
#3844 = ( GEOMETRIC_REPRESENTATION_CONTEXT(2) 
PARAMETRIC_REPRESENTATION_CONTEXT() REPRESENTATION_CONTEXT('2D SPACE',''
  ) );
#3845 = ORIENTED_EDGE('',*,*,#3709,.F.);
#3846 = ADVANCED_FACE('',(#3847),#3587,.F.);
#3847 = FACE_BOUND('',#3848,.F.);
#3848 = EDGE_LOOP('',(#3849,#3850,#3851,#3852));
#3849 = ORIENTED_EDGE('',*,*,#3571,.F.);
#3850 = ORIENTED_EDGE('',*,*,#3756,.T.);
#3851 = ORIENTED_EDGE('',*,*,#3686,.T.);
#3852 = ORIENTED_EDGE('',*,*,#3803,.F.);
#3853 = ADVANCED_FACE('',(#3854),#3641,.T.);
#3854 = FACE_BOUND('',#3855,.T.);
#3855 = EDGE_LOOP('',(#3856,#3857,#3858,#3859));
#3856 = ORIENTED_EDGE('',*,*,#3627,.F.);
#3857 = ORIENTED_EDGE('',*,*,#3778,.T.);
#3858 = ORIENTED_EDGE('',*,*,#3732,.T.);
#3859 = ORIENTED_EDGE('',*,*,#3825,.F.);
#3860 = ( GEOMETRIC_REPRESENTATION_CONTEXT(3) 
GLOBAL_UNCERTAINTY_ASSIGNED_CONTEXT((#3864)) 
GLOBAL_UNIT_ASSIGNED_CONTEXT((#3861,#3862,#3863)) REPRESENTATION_CONTEXT
('Context #1','3D Context with UNIT and UNCERTAINTY') );
#3861 = ( LENGTH_UNIT() NAMED_UNIT(*) SI_UNIT(.MILLI.,.METRE.) );
#3862 = ( NAMED_UNIT(*) PLANE_ANGLE_UNIT() SI_UNIT($,.RADIAN.) );
#3863 = ( NAMED_UNIT(*) SI_UNIT($,.STERADIAN.) SOLID_ANGLE_UNIT() );
#3864 = UNCERTAINTY_MEASURE_WITH_UNIT(LENGTH_MEASURE(1.E-07),#3861,
  'distance_accuracy_value','confusion accuracy');
#3865 = CONTEXT_DEPENDENT_SHAPE_REPRESENTATION(#3866,#3868);
#3866 = ( REPRESENTATION_RELATIONSHIP('','',#3529,#10) 
REPRESENTATION_RELATIONSHIP_WITH_TRANSFORMATION(#3867) 
SHAPE_REPRESENTATION_RELATIONSHIP() );
#3867 = ITEM_DEFINED_TRANSFORMATION('','',#11,#51);
#3868 = PRODUCT_DEFINITION_SHAPE('Placement','Placement of an item',
  #3869);
#3869 = NEXT_ASSEMBLY_USAGE_OCCURRENCE('100','MEMBER_WALL_FRONT','',#5,
  #3524,$);
#3870 = PRODUCT_RELATED_PRODUCT_CATEGORY('part',$,(#3526));
#3871 = SHAPE_DEFINITION_REPRESENTATION(#3872,#3878);
#3872 = PRODUCT_DEFINITION_SHAPE('','',#3873);
#3873 = PRODUCT_DEFINITION('design','',#3874,#3877);
#3874 = PRODUCT_DEFINITION_FORMATION('','',#3875);
#3875 = PRODUCT('MEMBER_WALL_REAR','MEMBER_WALL_REAR','',(#3876));
#3876 = PRODUCT_CONTEXT('',#2,'mechanical');
#3877 = PRODUCT_DEFINITION_CONTEXT('part definition',#2,'design');
#3878 = ADVANCED_BREP_SHAPE_REPRESENTATION('',(#11,#3879),#4209);
#3879 = MANIFOLD_SOLID_BREP('',#3880);
#3880 = CLOSED_SHELL('',(#3881,#4001,#4101,#4148,#4195,#4202));
#3881 = ADVANCED_FACE('',(#3882),#3896,.F.);
#3882 = FACE_BOUND('',#3883,.F.);
#3883 = EDGE_LOOP('',(#3884,#3919,#3947,#3975));
#3884 = ORIENTED_EDGE('',*,*,#3885,.F.);
#3885 = EDGE_CURVE('',#3886,#3888,#3890,.T.);
#3886 = VERTEX_POINT('',#3887);
#3887 = CARTESIAN_POINT('',(1.24E+03,120.,300.));
#3888 = VERTEX_POINT('',#3889);
#3889 = CARTESIAN_POINT('',(1.24E+03,120.,420.));
#3890 = SURFACE_CURVE('',#3891,(#3895,#3907),.PCURVE_S1.);
#3891 = LINE('',#3892,#3893);
#3892 = CARTESIAN_POINT('',(1.24E+03,120.,300.));
#3893 = VECTOR('',#3894,1.);
#3894 = DIRECTION('',(0.,0.,1.));
#3895 = PCURVE('',#3896,#3901);
#3896 = PLANE('',#3897);
#3897 = AXIS2_PLACEMENT_3D('',#3898,#3899,#3900);
#3898 = CARTESIAN_POINT('',(1.24E+03,120.,300.));
#3899 = DIRECTION('',(1.,0.,0.));
#3900 = DIRECTION('',(0.,0.,1.));
#3901 = DEFINITIONAL_REPRESENTATION('',(#3902),#3906);
#3902 = LINE('',#3903,#3904);
#3903 = CARTESIAN_POINT('',(0.,0.));
#3904 = VECTOR('',#3905,1.);
#3905 = DIRECTION('',(1.,0.));
#3906 = ( GEOMETRIC_REPRESENTATION_CONTEXT(2) 
PARAMETRIC_REPRESENTATION_CONTEXT() REPRESENTATION_CONTEXT('2D SPACE',''
  ) );
#3907 = PCURVE('',#3908,#3913);
#3908 = PLANE('',#3909);
#3909 = AXIS2_PLACEMENT_3D('',#3910,#3911,#3912);
#3910 = CARTESIAN_POINT('',(1.24E+03,120.,300.));
#3911 = DIRECTION('',(0.,1.,0.));
#3912 = DIRECTION('',(0.,0.,1.));
#3913 = DEFINITIONAL_REPRESENTATION('',(#3914),#3918);
#3914 = LINE('',#3915,#3916);
#3915 = CARTESIAN_POINT('',(0.,0.));
#3916 = VECTOR('',#3917,1.);
#3917 = DIRECTION('',(1.,0.));
#3918 = ( GEOMETRIC_REPRESENTATION_CONTEXT(2) 
PARAMETRIC_REPRESENTATION_CONTEXT() REPRESENTATION_CONTEXT('2D SPACE',''
  ) );
#3919 = ORIENTED_EDGE('',*,*,#3920,.T.);
#3920 = EDGE_CURVE('',#3886,#3921,#3923,.T.);
#3921 = VERTEX_POINT('',#3922);
#3922 = CARTESIAN_POINT('',(1.24E+03,800.,300.));
#3923 = SURFACE_CURVE('',#3924,(#3928,#3935),.PCURVE_S1.);
#3924 = LINE('',#3925,#3926);
#3925 = CARTESIAN_POINT('',(1.24E+03,120.,300.));
#3926 = VECTOR('',#3927,1.);
#3927 = DIRECTION('',(0.,1.,0.));
#3928 = PCURVE('',#3896,#3929);
#3929 = DEFINITIONAL_REPRESENTATION('',(#3930),#3934);
#3930 = LINE('',#3931,#3932);
#3931 = CARTESIAN_POINT('',(0.,0.));
#3932 = VECTOR('',#3933,1.);
#3933 = DIRECTION('',(0.,-1.));
#3934 = ( GEOMETRIC_REPRESENTATION_CONTEXT(2) 
PARAMETRIC_REPRESENTATION_CONTEXT() REPRESENTATION_CONTEXT('2D SPACE',''
  ) );
#3935 = PCURVE('',#3936,#3941);
#3936 = PLANE('',#3937);
#3937 = AXIS2_PLACEMENT_3D('',#3938,#3939,#3940);
#3938 = CARTESIAN_POINT('',(1.24E+03,120.,300.));
#3939 = DIRECTION('',(0.,0.,1.));
#3940 = DIRECTION('',(1.,0.,0.));
#3941 = DEFINITIONAL_REPRESENTATION('',(#3942),#3946);
#3942 = LINE('',#3943,#3944);
#3943 = CARTESIAN_POINT('',(0.,0.));
#3944 = VECTOR('',#3945,1.);
#3945 = DIRECTION('',(0.,1.));
#3946 = ( GEOMETRIC_REPRESENTATION_CONTEXT(2) 
PARAMETRIC_REPRESENTATION_CONTEXT() REPRESENTATION_CONTEXT('2D SPACE',''
  ) );
#3947 = ORIENTED_EDGE('',*,*,#3948,.T.);
#3948 = EDGE_CURVE('',#3921,#3949,#3951,.T.);
#3949 = VERTEX_POINT('',#3950);
#3950 = CARTESIAN_POINT('',(1.24E+03,800.,420.));
#3951 = SURFACE_CURVE('',#3952,(#3956,#3963),.PCURVE_S1.);
#3952 = LINE('',#3953,#3954);
#3953 = CARTESIAN_POINT('',(1.24E+03,800.,300.));
#3954 = VECTOR('',#3955,1.);
#3955 = DIRECTION('',(0.,0.,1.));
#3956 = PCURVE('',#3896,#3957);
#3957 = DEFINITIONAL_REPRESENTATION('',(#3958),#3962);
#3958 = LINE('',#3959,#3960);
#3959 = CARTESIAN_POINT('',(0.,-680.));
#3960 = VECTOR('',#3961,1.);
#3961 = DIRECTION('',(1.,0.));
#3962 = ( GEOMETRIC_REPRESENTATION_CONTEXT(2) 
PARAMETRIC_REPRESENTATION_CONTEXT() REPRESENTATION_CONTEXT('2D SPACE',''
  ) );
#3963 = PCURVE('',#3964,#3969);
#3964 = PLANE('',#3965);
#3965 = AXIS2_PLACEMENT_3D('',#3966,#3967,#3968);
#3966 = CARTESIAN_POINT('',(1.24E+03,800.,300.));
#3967 = DIRECTION('',(0.,1.,0.));
#3968 = DIRECTION('',(0.,0.,1.));
#3969 = DEFINITIONAL_REPRESENTATION('',(#3970),#3974);
#3970 = LINE('',#3971,#3972);
#3971 = CARTESIAN_POINT('',(0.,0.));
#3972 = VECTOR('',#3973,1.);
#3973 = DIRECTION('',(1.,0.));
#3974 = ( GEOMETRIC_REPRESENTATION_CONTEXT(2) 
PARAMETRIC_REPRESENTATION_CONTEXT() REPRESENTATION_CONTEXT('2D SPACE',''
  ) );
#3975 = ORIENTED_EDGE('',*,*,#3976,.F.);
#3976 = EDGE_CURVE('',#3888,#3949,#3977,.T.);
#3977 = SURFACE_CURVE('',#3978,(#3982,#3989),.PCURVE_S1.);
#3978 = LINE('',#3979,#3980);
#3979 = CARTESIAN_POINT('',(1.24E+03,120.,420.));
#3980 = VECTOR('',#3981,1.);
#3981 = DIRECTION('',(0.,1.,0.));
#3982 = PCURVE('',#3896,#3983);
#3983 = DEFINITIONAL_REPRESENTATION('',(#3984),#3988);
#3984 = LINE('',#3985,#3986);
#3985 = CARTESIAN_POINT('',(120.,0.));
#3986 = VECTOR('',#3987,1.);
#3987 = DIRECTION('',(0.,-1.));
#3988 = ( GEOMETRIC_REPRESENTATION_CONTEXT(2) 
PARAMETRIC_REPRESENTATION_CONTEXT() REPRESENTATION_CONTEXT('2D SPACE',''
  ) );
#3989 = PCURVE('',#3990,#3995);
#3990 = PLANE('',#3991);
#3991 = AXIS2_PLACEMENT_3D('',#3992,#3993,#3994);
#3992 = CARTESIAN_POINT('',(1.24E+03,120.,420.));
#3993 = DIRECTION('',(0.,0.,1.));
#3994 = DIRECTION('',(1.,0.,0.));
#3995 = DEFINITIONAL_REPRESENTATION('',(#3996),#4000);
#3996 = LINE('',#3997,#3998);
#3997 = CARTESIAN_POINT('',(0.,0.));
#3998 = VECTOR('',#3999,1.);
#3999 = DIRECTION('',(0.,1.));
#4000 = ( GEOMETRIC_REPRESENTATION_CONTEXT(2) 
PARAMETRIC_REPRESENTATION_CONTEXT() REPRESENTATION_CONTEXT('2D SPACE',''
  ) );
#4001 = ADVANCED_FACE('',(#4002),#4016,.T.);
#4002 = FACE_BOUND('',#4003,.T.);
#4003 = EDGE_LOOP('',(#4004,#4034,#4057,#4080));
#4004 = ORIENTED_EDGE('',*,*,#4005,.F.);
#4005 = EDGE_CURVE('',#4006,#4008,#4010,.T.);
#4006 = VERTEX_POINT('',#4007);
#4007 = CARTESIAN_POINT('',(1.2412E+03,120.,300.));
#4008 = VERTEX_POINT('',#4009);
#4009 = CARTESIAN_POINT('',(1.2412E+03,120.,420.));
#4010 = SURFACE_CURVE('',#4011,(#4015,#4027),.PCURVE_S1.);
#4011 = LINE('',#4012,#4013);
#4012 = CARTESIAN_POINT('',(1.2412E+03,120.,300.));
#4013 = VECTOR('',#4014,1.);
#4014 = DIRECTION('',(0.,0.,1.));
#4015 = PCURVE('',#4016,#4021);
#4016 = PLANE('',#4017);
#4017 = AXIS2_PLACEMENT_3D('',#4018,#4019,#4020);
#4018 = CARTESIAN_POINT('',(1.2412E+03,120.,300.));
#4019 = DIRECTION('',(1.,0.,0.));
#4020 = DIRECTION('',(0.,0.,1.));
#4021 = DEFINITIONAL_REPRESENTATION('',(#4022),#4026);
#4022 = LINE('',#4023,#4024);
#4023 = CARTESIAN_POINT('',(0.,0.));
#4024 = VECTOR('',#4025,1.);
#4025 = DIRECTION('',(1.,0.));
#4026 = ( GEOMETRIC_REPRESENTATION_CONTEXT(2) 
PARAMETRIC_REPRESENTATION_CONTEXT() REPRESENTATION_CONTEXT('2D SPACE',''
  ) );
#4027 = PCURVE('',#3908,#4028);
#4028 = DEFINITIONAL_REPRESENTATION('',(#4029),#4033);
#4029 = LINE('',#4030,#4031);
#4030 = CARTESIAN_POINT('',(0.,1.2));
#4031 = VECTOR('',#4032,1.);
#4032 = DIRECTION('',(1.,0.));
#4033 = ( GEOMETRIC_REPRESENTATION_CONTEXT(2) 
PARAMETRIC_REPRESENTATION_CONTEXT() REPRESENTATION_CONTEXT('2D SPACE',''
  ) );
#4034 = ORIENTED_EDGE('',*,*,#4035,.T.);
#4035 = EDGE_CURVE('',#4006,#4036,#4038,.T.);
#4036 = VERTEX_POINT('',#4037);
#4037 = CARTESIAN_POINT('',(1.2412E+03,800.,300.));
#4038 = SURFACE_CURVE('',#4039,(#4043,#4050),.PCURVE_S1.);
#4039 = LINE('',#4040,#4041);
#4040 = CARTESIAN_POINT('',(1.2412E+03,120.,300.));
#4041 = VECTOR('',#4042,1.);
#4042 = DIRECTION('',(0.,1.,0.));
#4043 = PCURVE('',#4016,#4044);
#4044 = DEFINITIONAL_REPRESENTATION('',(#4045),#4049);
#4045 = LINE('',#4046,#4047);
#4046 = CARTESIAN_POINT('',(0.,0.));
#4047 = VECTOR('',#4048,1.);
#4048 = DIRECTION('',(0.,-1.));
#4049 = ( GEOMETRIC_REPRESENTATION_CONTEXT(2) 
PARAMETRIC_REPRESENTATION_CONTEXT() REPRESENTATION_CONTEXT('2D SPACE',''
  ) );
#4050 = PCURVE('',#3936,#4051);
#4051 = DEFINITIONAL_REPRESENTATION('',(#4052),#4056);
#4052 = LINE('',#4053,#4054);
#4053 = CARTESIAN_POINT('',(1.2,0.));
#4054 = VECTOR('',#4055,1.);
#4055 = DIRECTION('',(0.,1.));
#4056 = ( GEOMETRIC_REPRESENTATION_CONTEXT(2) 
PARAMETRIC_REPRESENTATION_CONTEXT() REPRESENTATION_CONTEXT('2D SPACE',''
  ) );
#4057 = ORIENTED_EDGE('',*,*,#4058,.T.);
#4058 = EDGE_CURVE('',#4036,#4059,#4061,.T.);
#4059 = VERTEX_POINT('',#4060);
#4060 = CARTESIAN_POINT('',(1.2412E+03,800.,420.));
#4061 = SURFACE_CURVE('',#4062,(#4066,#4073),.PCURVE_S1.);
#4062 = LINE('',#4063,#4064);
#4063 = CARTESIAN_POINT('',(1.2412E+03,800.,300.));
#4064 = VECTOR('',#4065,1.);
#4065 = DIRECTION('',(0.,0.,1.));
#4066 = PCURVE('',#4016,#4067);
#4067 = DEFINITIONAL_REPRESENTATION('',(#4068),#4072);
#4068 = LINE('',#4069,#4070);
#4069 = CARTESIAN_POINT('',(0.,-680.));
#4070 = VECTOR('',#4071,1.);
#4071 = DIRECTION('',(1.,0.));
#4072 = ( GEOMETRIC_REPRESENTATION_CONTEXT(2) 
PARAMETRIC_REPRESENTATION_CONTEXT() REPRESENTATION_CONTEXT('2D SPACE',''
  ) );
#4073 = PCURVE('',#3964,#4074);
#4074 = DEFINITIONAL_REPRESENTATION('',(#4075),#4079);
#4075 = LINE('',#4076,#4077);
#4076 = CARTESIAN_POINT('',(0.,1.2));
#4077 = VECTOR('',#4078,1.);
#4078 = DIRECTION('',(1.,0.));
#4079 = ( GEOMETRIC_REPRESENTATION_CONTEXT(2) 
PARAMETRIC_REPRESENTATION_CONTEXT() REPRESENTATION_CONTEXT('2D SPACE',''
  ) );
#4080 = ORIENTED_EDGE('',*,*,#4081,.F.);
#4081 = EDGE_CURVE('',#4008,#4059,#4082,.T.);
#4082 = SURFACE_CURVE('',#4083,(#4087,#4094),.PCURVE_S1.);
#4083 = LINE('',#4084,#4085);
#4084 = CARTESIAN_POINT('',(1.2412E+03,120.,420.));
#4085 = VECTOR('',#4086,1.);
#4086 = DIRECTION('',(0.,1.,0.));
#4087 = PCURVE('',#4016,#4088);
#4088 = DEFINITIONAL_REPRESENTATION('',(#4089),#4093);
#4089 = LINE('',#4090,#4091);
#4090 = CARTESIAN_POINT('',(120.,0.));
#4091 = VECTOR('',#4092,1.);
#4092 = DIRECTION('',(0.,-1.));
#4093 = ( GEOMETRIC_REPRESENTATION_CONTEXT(2) 
PARAMETRIC_REPRESENTATION_CONTEXT() REPRESENTATION_CONTEXT('2D SPACE',''
  ) );
#4094 = PCURVE('',#3990,#4095);
#4095 = DEFINITIONAL_REPRESENTATION('',(#4096),#4100);
#4096 = LINE('',#4097,#4098);
#4097 = CARTESIAN_POINT('',(1.2,0.));
#4098 = VECTOR('',#4099,1.);
#4099 = DIRECTION('',(0.,1.));
#4100 = ( GEOMETRIC_REPRESENTATION_CONTEXT(2) 
PARAMETRIC_REPRESENTATION_CONTEXT() REPRESENTATION_CONTEXT('2D SPACE',''
  ) );
#4101 = ADVANCED_FACE('',(#4102),#3908,.F.);
#4102 = FACE_BOUND('',#4103,.F.);
#4103 = EDGE_LOOP('',(#4104,#4125,#4126,#4147));
#4104 = ORIENTED_EDGE('',*,*,#4105,.F.);
#4105 = EDGE_CURVE('',#3886,#4006,#4106,.T.);
#4106 = SURFACE_CURVE('',#4107,(#4111,#4118),.PCURVE_S1.);
#4107 = LINE('',#4108,#4109);
#4108 = CARTESIAN_POINT('',(1.24E+03,120.,300.));
#4109 = VECTOR('',#4110,1.);
#4110 = DIRECTION('',(1.,0.,0.));
#4111 = PCURVE('',#3908,#4112);
#4112 = DEFINITIONAL_REPRESENTATION('',(#4113),#4117);
#4113 = LINE('',#4114,#4115);
#4114 = CARTESIAN_POINT('',(0.,0.));
#4115 = VECTOR('',#4116,1.);
#4116 = DIRECTION('',(0.,1.));
#4117 = ( GEOMETRIC_REPRESENTATION_CONTEXT(2) 
PARAMETRIC_REPRESENTATION_CONTEXT() REPRESENTATION_CONTEXT('2D SPACE',''
  ) );
#4118 = PCURVE('',#3936,#4119);
#4119 = DEFINITIONAL_REPRESENTATION('',(#4120),#4124);
#4120 = LINE('',#4121,#4122);
#4121 = CARTESIAN_POINT('',(0.,0.));
#4122 = VECTOR('',#4123,1.);
#4123 = DIRECTION('',(1.,0.));
#4124 = ( GEOMETRIC_REPRESENTATION_CONTEXT(2) 
PARAMETRIC_REPRESENTATION_CONTEXT() REPRESENTATION_CONTEXT('2D SPACE',''
  ) );
#4125 = ORIENTED_EDGE('',*,*,#3885,.T.);
#4126 = ORIENTED_EDGE('',*,*,#4127,.T.);
#4127 = EDGE_CURVE('',#3888,#4008,#4128,.T.);
#4128 = SURFACE_CURVE('',#4129,(#4133,#4140),.PCURVE_S1.);
#4129 = LINE('',#4130,#4131);
#4130 = CARTESIAN_POINT('',(1.24E+03,120.,420.));
#4131 = VECTOR('',#4132,1.);
#4132 = DIRECTION('',(1.,0.,0.));
#4133 = PCURVE('',#3908,#4134);
#4134 = DEFINITIONAL_REPRESENTATION('',(#4135),#4139);
#4135 = LINE('',#4136,#4137);
#4136 = CARTESIAN_POINT('',(120.,0.));
#4137 = VECTOR('',#4138,1.);
#4138 = DIRECTION('',(0.,1.));
#4139 = ( GEOMETRIC_REPRESENTATION_CONTEXT(2) 
PARAMETRIC_REPRESENTATION_CONTEXT() REPRESENTATION_CONTEXT('2D SPACE',''
  ) );
#4140 = PCURVE('',#3990,#4141);
#4141 = DEFINITIONAL_REPRESENTATION('',(#4142),#4146);
#4142 = LINE('',#4143,#4144);
#4143 = CARTESIAN_POINT('',(0.,0.));
#4144 = VECTOR('',#4145,1.);
#4145 = DIRECTION('',(1.,0.));
#4146 = ( GEOMETRIC_REPRESENTATION_CONTEXT(2) 
PARAMETRIC_REPRESENTATION_CONTEXT() REPRESENTATION_CONTEXT('2D SPACE',''
  ) );
#4147 = ORIENTED_EDGE('',*,*,#4005,.F.);
#4148 = ADVANCED_FACE('',(#4149),#3964,.T.);
#4149 = FACE_BOUND('',#4150,.T.);
#4150 = EDGE_LOOP('',(#4151,#4172,#4173,#4194));
#4151 = ORIENTED_EDGE('',*,*,#4152,.F.);
#4152 = EDGE_CURVE('',#3921,#4036,#4153,.T.);
#4153 = SURFACE_CURVE('',#4154,(#4158,#4165),.PCURVE_S1.);
#4154 = LINE('',#4155,#4156);
#4155 = CARTESIAN_POINT('',(1.24E+03,800.,300.));
#4156 = VECTOR('',#4157,1.);
#4157 = DIRECTION('',(1.,0.,0.));
#4158 = PCURVE('',#3964,#4159);
#4159 = DEFINITIONAL_REPRESENTATION('',(#4160),#4164);
#4160 = LINE('',#4161,#4162);
#4161 = CARTESIAN_POINT('',(0.,0.));
#4162 = VECTOR('',#4163,1.);
#4163 = DIRECTION('',(0.,1.));
#4164 = ( GEOMETRIC_REPRESENTATION_CONTEXT(2) 
PARAMETRIC_REPRESENTATION_CONTEXT() REPRESENTATION_CONTEXT('2D SPACE',''
  ) );
#4165 = PCURVE('',#3936,#4166);
#4166 = DEFINITIONAL_REPRESENTATION('',(#4167),#4171);
#4167 = LINE('',#4168,#4169);
#4168 = CARTESIAN_POINT('',(0.,680.));
#4169 = VECTOR('',#4170,1.);
#4170 = DIRECTION('',(1.,0.));
#4171 = ( GEOMETRIC_REPRESENTATION_CONTEXT(2) 
PARAMETRIC_REPRESENTATION_CONTEXT() REPRESENTATION_CONTEXT('2D SPACE',''
  ) );
#4172 = ORIENTED_EDGE('',*,*,#3948,.T.);
#4173 = ORIENTED_EDGE('',*,*,#4174,.T.);
#4174 = EDGE_CURVE('',#3949,#4059,#4175,.T.);
#4175 = SURFACE_CURVE('',#4176,(#4180,#4187),.PCURVE_S1.);
#4176 = LINE('',#4177,#4178);
#4177 = CARTESIAN_POINT('',(1.24E+03,800.,420.));
#4178 = VECTOR('',#4179,1.);
#4179 = DIRECTION('',(1.,0.,0.));
#4180 = PCURVE('',#3964,#4181);
#4181 = DEFINITIONAL_REPRESENTATION('',(#4182),#4186);
#4182 = LINE('',#4183,#4184);
#4183 = CARTESIAN_POINT('',(120.,0.));
#4184 = VECTOR('',#4185,1.);
#4185 = DIRECTION('',(0.,1.));
#4186 = ( GEOMETRIC_REPRESENTATION_CONTEXT(2) 
PARAMETRIC_REPRESENTATION_CONTEXT() REPRESENTATION_CONTEXT('2D SPACE',''
  ) );
#4187 = PCURVE('',#3990,#4188);
#4188 = DEFINITIONAL_REPRESENTATION('',(#4189),#4193);
#4189 = LINE('',#4190,#4191);
#4190 = CARTESIAN_POINT('',(0.,680.));
#4191 = VECTOR('',#4192,1.);
#4192 = DIRECTION('',(1.,0.));
#4193 = ( GEOMETRIC_REPRESENTATION_CONTEXT(2) 
PARAMETRIC_REPRESENTATION_CONTEXT() REPRESENTATION_CONTEXT('2D SPACE',''
  ) );
#4194 = ORIENTED_EDGE('',*,*,#4058,.F.);
#4195 = ADVANCED_FACE('',(#4196),#3936,.F.);
#4196 = FACE_BOUND('',#4197,.F.);
#4197 = EDGE_LOOP('',(#4198,#4199,#4200,#4201));
#4198 = ORIENTED_EDGE('',*,*,#3920,.F.);
#4199 = ORIENTED_EDGE('',*,*,#4105,.T.);
#4200 = ORIENTED_EDGE('',*,*,#4035,.T.);
#4201 = ORIENTED_EDGE('',*,*,#4152,.F.);
#4202 = ADVANCED_FACE('',(#4203),#3990,.T.);
#4203 = FACE_BOUND('',#4204,.T.);
#4204 = EDGE_LOOP('',(#4205,#4206,#4207,#4208));
#4205 = ORIENTED_EDGE('',*,*,#3976,.F.);
#4206 = ORIENTED_EDGE('',*,*,#4127,.T.);
#4207 = ORIENTED_EDGE('',*,*,#4081,.T.);
#4208 = ORIENTED_EDGE('',*,*,#4174,.F.);
#4209 = ( GEOMETRIC_REPRESENTATION_CONTEXT(3) 
GLOBAL_UNCERTAINTY_ASSIGNED_CONTEXT((#4213)) 
GLOBAL_UNIT_ASSIGNED_CONTEXT((#4210,#4211,#4212)) REPRESENTATION_CONTEXT
('Context #1','3D Context with UNIT and UNCERTAINTY') );
#4210 = ( LENGTH_UNIT() NAMED_UNIT(*) SI_UNIT(.MILLI.,.METRE.) );
#4211 = ( NAMED_UNIT(*) PLANE_ANGLE_UNIT() SI_UNIT($,.RADIAN.) );
#4212 = ( NAMED_UNIT(*) SI_UNIT($,.STERADIAN.) SOLID_ANGLE_UNIT() );
#4213 = UNCERTAINTY_MEASURE_WITH_UNIT(LENGTH_MEASURE(1.E-07),#4210,
  'distance_accuracy_value','confusion accuracy');
#4214 = CONTEXT_DEPENDENT_SHAPE_REPRESENTATION(#4215,#4217);
#4215 = ( REPRESENTATION_RELATIONSHIP('','',#3878,#10) 
REPRESENTATION_RELATIONSHIP_WITH_TRANSFORMATION(#4216) 
SHAPE_REPRESENTATION_RELATIONSHIP() );
#4216 = ITEM_DEFINED_TRANSFORMATION('','',#11,#55);
#4217 = PRODUCT_DEFINITION_SHAPE('Placement','Placement of an item',
  #4218);
#4218 = NEXT_ASSEMBLY_USAGE_OCCURRENCE('101','MEMBER_WALL_REAR','',#5,
  #3873,$);
#4219 = PRODUCT_RELATED_PRODUCT_CATEGORY('part',$,(#3875));
#4220 = SHAPE_DEFINITION_REPRESENTATION(#4221,#4227);
#4221 = PRODUCT_DEFINITION_SHAPE('','',#4222);
#4222 = PRODUCT_DEFINITION('design','',#4223,#4226);
#4223 = PRODUCT_DEFINITION_FORMATION('','',#4224);
#4224 = PRODUCT('MEMBER_TOP','MEMBER_TOP','',(#4225));
#4225 = PRODUCT_CONTEXT('',#2,'mechanical');
#4226 = PRODUCT_DEFINITION_CONTEXT('part definition',#2,'design');
#4227 = ADVANCED_BREP_SHAPE_REPRESENTATION('',(#11,#4228),#4558);
#4228 = MANIFOLD_SOLID_BREP('',#4229);
#4229 = CLOSED_SHELL('',(#4230,#4350,#4450,#4497,#4544,#4551));
#4230 = ADVANCED_FACE('',(#4231),#4245,.F.);
#4231 = FACE_BOUND('',#4232,.F.);
#4232 = EDGE_LOOP('',(#4233,#4268,#4296,#4324));
#4233 = ORIENTED_EDGE('',*,*,#4234,.F.);
#4234 = EDGE_CURVE('',#4235,#4237,#4239,.T.);
#4235 = VERTEX_POINT('',#4236);
#4236 = CARTESIAN_POINT('',(1.16E+03,120.,418.8));
#4237 = VERTEX_POINT('',#4238);
#4238 = CARTESIAN_POINT('',(1.16E+03,120.,420.));
#4239 = SURFACE_CURVE('',#4240,(#4244,#4256),.PCURVE_S1.);
#4240 = LINE('',#4241,#4242);
#4241 = CARTESIAN_POINT('',(1.16E+03,120.,418.8));
#4242 = VECTOR('',#4243,1.);
#4243 = DIRECTION('',(0.,0.,1.));
#4244 = PCURVE('',#4245,#4250);
#4245 = PLANE('',#4246);
#4246 = AXIS2_PLACEMENT_3D('',#4247,#4248,#4249);
#4247 = CARTESIAN_POINT('',(1.16E+03,120.,418.8));
#4248 = DIRECTION('',(1.,0.,0.));
#4249 = DIRECTION('',(0.,0.,1.));
#4250 = DEFINITIONAL_REPRESENTATION('',(#4251),#4255);
#4251 = LINE('',#4252,#4253);
#4252 = CARTESIAN_POINT('',(0.,0.));
#4253 = VECTOR('',#4254,1.);
#4254 = DIRECTION('',(1.,0.));
#4255 = ( GEOMETRIC_REPRESENTATION_CONTEXT(2) 
PARAMETRIC_REPRESENTATION_CONTEXT() REPRESENTATION_CONTEXT('2D SPACE',''
  ) );
#4256 = PCURVE('',#4257,#4262);
#4257 = PLANE('',#4258);
#4258 = AXIS2_PLACEMENT_3D('',#4259,#4260,#4261);
#4259 = CARTESIAN_POINT('',(1.16E+03,120.,418.8));
#4260 = DIRECTION('',(0.,1.,0.));
#4261 = DIRECTION('',(0.,0.,1.));
#4262 = DEFINITIONAL_REPRESENTATION('',(#4263),#4267);
#4263 = LINE('',#4264,#4265);
#4264 = CARTESIAN_POINT('',(0.,0.));
#4265 = VECTOR('',#4266,1.);
#4266 = DIRECTION('',(1.,0.));
#4267 = ( GEOMETRIC_REPRESENTATION_CONTEXT(2) 
PARAMETRIC_REPRESENTATION_CONTEXT() REPRESENTATION_CONTEXT('2D SPACE',''
  ) );
#4268 = ORIENTED_EDGE('',*,*,#4269,.T.);
#4269 = EDGE_CURVE('',#4235,#4270,#4272,.T.);
#4270 = VERTEX_POINT('',#4271);
#4271 = CARTESIAN_POINT('',(1.16E+03,800.,418.8));
#4272 = SURFACE_CURVE('',#4273,(#4277,#4284),.PCURVE_S1.);
#4273 = LINE('',#4274,#4275);
#4274 = CARTESIAN_POINT('',(1.16E+03,120.,418.8));
#4275 = VECTOR('',#4276,1.);
#4276 = DIRECTION('',(0.,1.,0.));
#4277 = PCURVE('',#4245,#4278);
#4278 = DEFINITIONAL_REPRESENTATION('',(#4279),#4283);
#4279 = LINE('',#4280,#4281);
#4280 = CARTESIAN_POINT('',(0.,0.));
#4281 = VECTOR('',#4282,1.);
#4282 = DIRECTION('',(0.,-1.));
#4283 = ( GEOMETRIC_REPRESENTATION_CONTEXT(2) 
PARAMETRIC_REPRESENTATION_CONTEXT() REPRESENTATION_CONTEXT('2D SPACE',''
  ) );
#4284 = PCURVE('',#4285,#4290);
#4285 = PLANE('',#4286);
#4286 = AXIS2_PLACEMENT_3D('',#4287,#4288,#4289);
#4287 = CARTESIAN_POINT('',(1.16E+03,120.,418.8));
#4288 = DIRECTION('',(0.,0.,1.));
#4289 = DIRECTION('',(1.,0.,0.));
#4290 = DEFINITIONAL_REPRESENTATION('',(#4291),#4295);
#4291 = LINE('',#4292,#4293);
#4292 = CARTESIAN_POINT('',(0.,0.));
#4293 = VECTOR('',#4294,1.);
#4294 = DIRECTION('',(0.,1.));
#4295 = ( GEOMETRIC_REPRESENTATION_CONTEXT(2) 
PARAMETRIC_REPRESENTATION_CONTEXT() REPRESENTATION_CONTEXT('2D SPACE',''
  ) );
#4296 = ORIENTED_EDGE('',*,*,#4297,.T.);
#4297 = EDGE_CURVE('',#4270,#4298,#4300,.T.);
#4298 = VERTEX_POINT('',#4299);
#4299 = CARTESIAN_POINT('',(1.16E+03,800.,420.));
#4300 = SURFACE_CURVE('',#4301,(#4305,#4312),.PCURVE_S1.);
#4301 = LINE('',#4302,#4303);
#4302 = CARTESIAN_POINT('',(1.16E+03,800.,418.8));
#4303 = VECTOR('',#4304,1.);
#4304 = DIRECTION('',(0.,0.,1.));
#4305 = PCURVE('',#4245,#4306);
#4306 = DEFINITIONAL_REPRESENTATION('',(#4307),#4311);
#4307 = LINE('',#4308,#4309);
#4308 = CARTESIAN_POINT('',(0.,-680.));
#4309 = VECTOR('',#4310,1.);
#4310 = DIRECTION('',(1.,0.));
#4311 = ( GEOMETRIC_REPRESENTATION_CONTEXT(2) 
PARAMETRIC_REPRESENTATION_CONTEXT() REPRESENTATION_CONTEXT('2D SPACE',''
  ) );
#4312 = PCURVE('',#4313,#4318);
#4313 = PLANE('',#4314);
#4314 = AXIS2_PLACEMENT_3D('',#4315,#4316,#4317);
#4315 = CARTESIAN_POINT('',(1.16E+03,800.,418.8));
#4316 = DIRECTION('',(0.,1.,0.));
#4317 = DIRECTION('',(0.,0.,1.));
#4318 = DEFINITIONAL_REPRESENTATION('',(#4319),#4323);
#4319 = LINE('',#4320,#4321);
#4320 = CARTESIAN_POINT('',(0.,0.));
#4321 = VECTOR('',#4322,1.);
#4322 = DIRECTION('',(1.,0.));
#4323 = ( GEOMETRIC_REPRESENTATION_CONTEXT(2) 
PARAMETRIC_REPRESENTATION_CONTEXT() REPRESENTATION_CONTEXT('2D SPACE',''
  ) );
#4324 = ORIENTED_EDGE('',*,*,#4325,.F.);
#4325 = EDGE_CURVE('',#4237,#4298,#4326,.T.);
#4326 = SURFACE_CURVE('',#4327,(#4331,#4338),.PCURVE_S1.);
#4327 = LINE('',#4328,#4329);
#4328 = CARTESIAN_POINT('',(1.16E+03,120.,420.));
#4329 = VECTOR('',#4330,1.);
#4330 = DIRECTION('',(0.,1.,0.));
#4331 = PCURVE('',#4245,#4332);
#4332 = DEFINITIONAL_REPRESENTATION('',(#4333),#4337);
#4333 = LINE('',#4334,#4335);
#4334 = CARTESIAN_POINT('',(1.2,0.));
#4335 = VECTOR('',#4336,1.);
#4336 = DIRECTION('',(0.,-1.));
#4337 = ( GEOMETRIC_REPRESENTATION_CONTEXT(2) 
PARAMETRIC_REPRESENTATION_CONTEXT() REPRESENTATION_CONTEXT('2D SPACE',''
  ) );
#4338 = PCURVE('',#4339,#4344);
#4339 = PLANE('',#4340);
#4340 = AXIS2_PLACEMENT_3D('',#4341,#4342,#4343);
#4341 = CARTESIAN_POINT('',(1.16E+03,120.,420.));
#4342 = DIRECTION('',(0.,0.,1.));
#4343 = DIRECTION('',(1.,0.,0.));
#4344 = DEFINITIONAL_REPRESENTATION('',(#4345),#4349);
#4345 = LINE('',#4346,#4347);
#4346 = CARTESIAN_POINT('',(0.,0.));
#4347 = VECTOR('',#4348,1.);
#4348 = DIRECTION('',(0.,1.));
#4349 = ( GEOMETRIC_REPRESENTATION_CONTEXT(2) 
PARAMETRIC_REPRESENTATION_CONTEXT() REPRESENTATION_CONTEXT('2D SPACE',''
  ) );
#4350 = ADVANCED_FACE('',(#4351),#4365,.T.);
#4351 = FACE_BOUND('',#4352,.T.);
#4352 = EDGE_LOOP('',(#4353,#4383,#4406,#4429));
#4353 = ORIENTED_EDGE('',*,*,#4354,.F.);
#4354 = EDGE_CURVE('',#4355,#4357,#4359,.T.);
#4355 = VERTEX_POINT('',#4356);
#4356 = CARTESIAN_POINT('',(1.24E+03,120.,418.8));
#4357 = VERTEX_POINT('',#4358);
#4358 = CARTESIAN_POINT('',(1.24E+03,120.,420.));
#4359 = SURFACE_CURVE('',#4360,(#4364,#4376),.PCURVE_S1.);
#4360 = LINE('',#4361,#4362);
#4361 = CARTESIAN_POINT('',(1.24E+03,120.,418.8));
#4362 = VECTOR('',#4363,1.);
#4363 = DIRECTION('',(0.,0.,1.));
#4364 = PCURVE('',#4365,#4370);
#4365 = PLANE('',#4366);
#4366 = AXIS2_PLACEMENT_3D('',#4367,#4368,#4369);
#4367 = CARTESIAN_POINT('',(1.24E+03,120.,418.8));
#4368 = DIRECTION('',(1.,0.,0.));
#4369 = DIRECTION('',(0.,0.,1.));
#4370 = DEFINITIONAL_REPRESENTATION('',(#4371),#4375);
#4371 = LINE('',#4372,#4373);
#4372 = CARTESIAN_POINT('',(0.,0.));
#4373 = VECTOR('',#4374,1.);
#4374 = DIRECTION('',(1.,0.));
#4375 = ( GEOMETRIC_REPRESENTATION_CONTEXT(2) 
PARAMETRIC_REPRESENTATION_CONTEXT() REPRESENTATION_CONTEXT('2D SPACE',''
  ) );
#4376 = PCURVE('',#4257,#4377);
#4377 = DEFINITIONAL_REPRESENTATION('',(#4378),#4382);
#4378 = LINE('',#4379,#4380);
#4379 = CARTESIAN_POINT('',(0.,80.));
#4380 = VECTOR('',#4381,1.);
#4381 = DIRECTION('',(1.,0.));
#4382 = ( GEOMETRIC_REPRESENTATION_CONTEXT(2) 
PARAMETRIC_REPRESENTATION_CONTEXT() REPRESENTATION_CONTEXT('2D SPACE',''
  ) );
#4383 = ORIENTED_EDGE('',*,*,#4384,.T.);
#4384 = EDGE_CURVE('',#4355,#4385,#4387,.T.);
#4385 = VERTEX_POINT('',#4386);
#4386 = CARTESIAN_POINT('',(1.24E+03,800.,418.8));
#4387 = SURFACE_CURVE('',#4388,(#4392,#4399),.PCURVE_S1.);
#4388 = LINE('',#4389,#4390);
#4389 = CARTESIAN_POINT('',(1.24E+03,120.,418.8));
#4390 = VECTOR('',#4391,1.);
#4391 = DIRECTION('',(0.,1.,0.));
#4392 = PCURVE('',#4365,#4393);
#4393 = DEFINITIONAL_REPRESENTATION('',(#4394),#4398);
#4394 = LINE('',#4395,#4396);
#4395 = CARTESIAN_POINT('',(0.,0.));
#4396 = VECTOR('',#4397,1.);
#4397 = DIRECTION('',(0.,-1.));
#4398 = ( GEOMETRIC_REPRESENTATION_CONTEXT(2) 
PARAMETRIC_REPRESENTATION_CONTEXT() REPRESENTATION_CONTEXT('2D SPACE',''
  ) );
#4399 = PCURVE('',#4285,#4400);
#4400 = DEFINITIONAL_REPRESENTATION('',(#4401),#4405);
#4401 = LINE('',#4402,#4403);
#4402 = CARTESIAN_POINT('',(80.,0.));
#4403 = VECTOR('',#4404,1.);
#4404 = DIRECTION('',(0.,1.));
#4405 = ( GEOMETRIC_REPRESENTATION_CONTEXT(2) 
PARAMETRIC_REPRESENTATION_CONTEXT() REPRESENTATION_CONTEXT('2D SPACE',''
  ) );
#4406 = ORIENTED_EDGE('',*,*,#4407,.T.);
#4407 = EDGE_CURVE('',#4385,#4408,#4410,.T.);
#4408 = VERTEX_POINT('',#4409);
#4409 = CARTESIAN_POINT('',(1.24E+03,800.,420.));
#4410 = SURFACE_CURVE('',#4411,(#4415,#4422),.PCURVE_S1.);
#4411 = LINE('',#4412,#4413);
#4412 = CARTESIAN_POINT('',(1.24E+03,800.,418.8));
#4413 = VECTOR('',#4414,1.);
#4414 = DIRECTION('',(0.,0.,1.));
#4415 = PCURVE('',#4365,#4416);
#4416 = DEFINITIONAL_REPRESENTATION('',(#4417),#4421);
#4417 = LINE('',#4418,#4419);
#4418 = CARTESIAN_POINT('',(0.,-680.));
#4419 = VECTOR('',#4420,1.);
#4420 = DIRECTION('',(1.,0.));
#4421 = ( GEOMETRIC_REPRESENTATION_CONTEXT(2) 
PARAMETRIC_REPRESENTATION_CONTEXT() REPRESENTATION_CONTEXT('2D SPACE',''
  ) );
#4422 = PCURVE('',#4313,#4423);
#4423 = DEFINITIONAL_REPRESENTATION('',(#4424),#4428);
#4424 = LINE('',#4425,#4426);
#4425 = CARTESIAN_POINT('',(0.,80.));
#4426 = VECTOR('',#4427,1.);
#4427 = DIRECTION('',(1.,0.));
#4428 = ( GEOMETRIC_REPRESENTATION_CONTEXT(2) 
PARAMETRIC_REPRESENTATION_CONTEXT() REPRESENTATION_CONTEXT('2D SPACE',''
  ) );
#4429 = ORIENTED_EDGE('',*,*,#4430,.F.);
#4430 = EDGE_CURVE('',#4357,#4408,#4431,.T.);
#4431 = SURFACE_CURVE('',#4432,(#4436,#4443),.PCURVE_S1.);
#4432 = LINE('',#4433,#4434);
#4433 = CARTESIAN_POINT('',(1.24E+03,120.,420.));
#4434 = VECTOR('',#4435,1.);
#4435 = DIRECTION('',(0.,1.,0.));
#4436 = PCURVE('',#4365,#4437);
#4437 = DEFINITIONAL_REPRESENTATION('',(#4438),#4442);
#4438 = LINE('',#4439,#4440);
#4439 = CARTESIAN_POINT('',(1.2,0.));
#4440 = VECTOR('',#4441,1.);
#4441 = DIRECTION('',(0.,-1.));
#4442 = ( GEOMETRIC_REPRESENTATION_CONTEXT(2) 
PARAMETRIC_REPRESENTATION_CONTEXT() REPRESENTATION_CONTEXT('2D SPACE',''
  ) );
#4443 = PCURVE('',#4339,#4444);
#4444 = DEFINITIONAL_REPRESENTATION('',(#4445),#4449);
#4445 = LINE('',#4446,#4447);
#4446 = CARTESIAN_POINT('',(80.,0.));
#4447 = VECTOR('',#4448,1.);
#4448 = DIRECTION('',(0.,1.));
#4449 = ( GEOMETRIC_REPRESENTATION_CONTEXT(2) 
PARAMETRIC_REPRESENTATION_CONTEXT() REPRESENTATION_CONTEXT('2D SPACE',''
  ) );
#4450 = ADVANCED_FACE('',(#4451),#4257,.F.);
#4451 = FACE_BOUND('',#4452,.F.);
#4452 = EDGE_LOOP('',(#4453,#4474,#4475,#4496));
#4453 = ORIENTED_EDGE('',*,*,#4454,.F.);
#4454 = EDGE_CURVE('',#4235,#4355,#4455,.T.);
#4455 = SURFACE_CURVE('',#4456,(#4460,#4467),.PCURVE_S1.);
#4456 = LINE('',#4457,#4458);
#4457 = CARTESIAN_POINT('',(1.16E+03,120.,418.8));
#4458 = VECTOR('',#4459,1.);
#4459 = DIRECTION('',(1.,0.,0.));
#4460 = PCURVE('',#4257,#4461);
#4461 = DEFINITIONAL_REPRESENTATION('',(#4462),#4466);
#4462 = LINE('',#4463,#4464);
#4463 = CARTESIAN_POINT('',(0.,0.));
#4464 = VECTOR('',#4465,1.);
#4465 = DIRECTION('',(0.,1.));
#4466 = ( GEOMETRIC_REPRESENTATION_CONTEXT(2) 
PARAMETRIC_REPRESENTATION_CONTEXT() REPRESENTATION_CONTEXT('2D SPACE',''
  ) );
#4467 = PCURVE('',#4285,#4468);
#4468 = DEFINITIONAL_REPRESENTATION('',(#4469),#4473);
#4469 = LINE('',#4470,#4471);
#4470 = CARTESIAN_POINT('',(0.,0.));
#4471 = VECTOR('',#4472,1.);
#4472 = DIRECTION('',(1.,0.));
#4473 = ( GEOMETRIC_REPRESENTATION_CONTEXT(2) 
PARAMETRIC_REPRESENTATION_CONTEXT() REPRESENTATION_CONTEXT('2D SPACE',''
  ) );
#4474 = ORIENTED_EDGE('',*,*,#4234,.T.);
#4475 = ORIENTED_EDGE('',*,*,#4476,.T.);
#4476 = EDGE_CURVE('',#4237,#4357,#4477,.T.);
#4477 = SURFACE_CURVE('',#4478,(#4482,#4489),.PCURVE_S1.);
#4478 = LINE('',#4479,#4480);
#4479 = CARTESIAN_POINT('',(1.16E+03,120.,420.));
#4480 = VECTOR('',#4481,1.);
#4481 = DIRECTION('',(1.,0.,0.));
#4482 = PCURVE('',#4257,#4483);
#4483 = DEFINITIONAL_REPRESENTATION('',(#4484),#4488);
#4484 = LINE('',#4485,#4486);
#4485 = CARTESIAN_POINT('',(1.2,0.));
#4486 = VECTOR('',#4487,1.);
#4487 = DIRECTION('',(0.,1.));
#4488 = ( GEOMETRIC_REPRESENTATION_CONTEXT(2) 
PARAMETRIC_REPRESENTATION_CONTEXT() REPRESENTATION_CONTEXT('2D SPACE',''
  ) );
#4489 = PCURVE('',#4339,#4490);
#4490 = DEFINITIONAL_REPRESENTATION('',(#4491),#4495);
#4491 = LINE('',#4492,#4493);
#4492 = CARTESIAN_POINT('',(0.,0.));
#4493 = VECTOR('',#4494,1.);
#4494 = DIRECTION('',(1.,0.));
#4495 = ( GEOMETRIC_REPRESENTATION_CONTEXT(2) 
PARAMETRIC_REPRESENTATION_CONTEXT() REPRESENTATION_CONTEXT('2D SPACE',''
  ) );
#4496 = ORIENTED_EDGE('',*,*,#4354,.F.);
#4497 = ADVANCED_FACE('',(#4498),#4313,.T.);
#4498 = FACE_BOUND('',#4499,.T.);
#4499 = EDGE_LOOP('',(#4500,#4521,#4522,#4543));
#4500 = ORIENTED_EDGE('',*,*,#4501,.F.);
#4501 = EDGE_CURVE('',#4270,#4385,#4502,.T.);
#4502 = SURFACE_CURVE('',#4503,(#4507,#4514),.PCURVE_S1.);
#4503 = LINE('',#4504,#4505);
#4504 = CARTESIAN_POINT('',(1.16E+03,800.,418.8));
#4505 = VECTOR('',#4506,1.);
#4506 = DIRECTION('',(1.,0.,0.));
#4507 = PCURVE('',#4313,#4508);
#4508 = DEFINITIONAL_REPRESENTATION('',(#4509),#4513);
#4509 = LINE('',#4510,#4511);
#4510 = CARTESIAN_POINT('',(0.,0.));
#4511 = VECTOR('',#4512,1.);
#4512 = DIRECTION('',(0.,1.));
#4513 = ( GEOMETRIC_REPRESENTATION_CONTEXT(2) 
PARAMETRIC_REPRESENTATION_CONTEXT() REPRESENTATION_CONTEXT('2D SPACE',''
  ) );
#4514 = PCURVE('',#4285,#4515);
#4515 = DEFINITIONAL_REPRESENTATION('',(#4516),#4520);
#4516 = LINE('',#4517,#4518);
#4517 = CARTESIAN_POINT('',(0.,680.));
#4518 = VECTOR('',#4519,1.);
#4519 = DIRECTION('',(1.,0.));
#4520 = ( GEOMETRIC_REPRESENTATION_CONTEXT(2) 
PARAMETRIC_REPRESENTATION_CONTEXT() REPRESENTATION_CONTEXT('2D SPACE',''
  ) );
#4521 = ORIENTED_EDGE('',*,*,#4297,.T.);
#4522 = ORIENTED_EDGE('',*,*,#4523,.T.);
#4523 = EDGE_CURVE('',#4298,#4408,#4524,.T.);
#4524 = SURFACE_CURVE('',#4525,(#4529,#4536),.PCURVE_S1.);
#4525 = LINE('',#4526,#4527);
#4526 = CARTESIAN_POINT('',(1.16E+03,800.,420.));
#4527 = VECTOR('',#4528,1.);
#4528 = DIRECTION('',(1.,0.,0.));
#4529 = PCURVE('',#4313,#4530);
#4530 = DEFINITIONAL_REPRESENTATION('',(#4531),#4535);
#4531 = LINE('',#4532,#4533);
#4532 = CARTESIAN_POINT('',(1.2,0.));
#4533 = VECTOR('',#4534,1.);
#4534 = DIRECTION('',(0.,1.));
#4535 = ( GEOMETRIC_REPRESENTATION_CONTEXT(2) 
PARAMETRIC_REPRESENTATION_CONTEXT() REPRESENTATION_CONTEXT('2D SPACE',''
  ) );
#4536 = PCURVE('',#4339,#4537);
#4537 = DEFINITIONAL_REPRESENTATION('',(#4538),#4542);
#4538 = LINE('',#4539,#4540);
#4539 = CARTESIAN_POINT('',(0.,680.));
#4540 = VECTOR('',#4541,1.);
#4541 = DIRECTION('',(1.,0.));
#4542 = ( GEOMETRIC_REPRESENTATION_CONTEXT(2) 
PARAMETRIC_REPRESENTATION_CONTEXT() REPRESENTATION_CONTEXT('2D SPACE',''
  ) );
#4543 = ORIENTED_EDGE('',*,*,#4407,.F.);
#4544 = ADVANCED_FACE('',(#4545),#4285,.F.);
#4545 = FACE_BOUND('',#4546,.F.);
#4546 = EDGE_LOOP('',(#4547,#4548,#4549,#4550));
#4547 = ORIENTED_EDGE('',*,*,#4269,.F.);
#4548 = ORIENTED_EDGE('',*,*,#4454,.T.);
#4549 = ORIENTED_EDGE('',*,*,#4384,.T.);
#4550 = ORIENTED_EDGE('',*,*,#4501,.F.);
#4551 = ADVANCED_FACE('',(#4552),#4339,.T.);
#4552 = FACE_BOUND('',#4553,.T.);
#4553 = EDGE_LOOP('',(#4554,#4555,#4556,#4557));
#4554 = ORIENTED_EDGE('',*,*,#4325,.F.);
#4555 = ORIENTED_EDGE('',*,*,#4476,.T.);
#4556 = ORIENTED_EDGE('',*,*,#4430,.T.);
#4557 = ORIENTED_EDGE('',*,*,#4523,.F.);
#4558 = ( GEOMETRIC_REPRESENTATION_CONTEXT(3) 
GLOBAL_UNCERTAINTY_ASSIGNED_CONTEXT((#4562)) 
GLOBAL_UNIT_ASSIGNED_CONTEXT((#4559,#4560,#4561)) REPRESENTATION_CONTEXT
('Context #1','3D Context with UNIT and UNCERTAINTY') );
#4559 = ( LENGTH_UNIT() NAMED_UNIT(*) SI_UNIT(.MILLI.,.METRE.) );
#4560 = ( NAMED_UNIT(*) PLANE_ANGLE_UNIT() SI_UNIT($,.RADIAN.) );
#4561 = ( NAMED_UNIT(*) SI_UNIT($,.STERADIAN.) SOLID_ANGLE_UNIT() );
#4562 = UNCERTAINTY_MEASURE_WITH_UNIT(LENGTH_MEASURE(1.E-07),#4559,
  'distance_accuracy_value','confusion accuracy');
#4563 = CONTEXT_DEPENDENT_SHAPE_REPRESENTATION(#4564,#4566);
#4564 = ( REPRESENTATION_RELATIONSHIP('','',#4227,#10) 
REPRESENTATION_RELATIONSHIP_WITH_TRANSFORMATION(#4565) 
SHAPE_REPRESENTATION_RELATIONSHIP() );
#4565 = ITEM_DEFINED_TRANSFORMATION('','',#11,#59);
#4566 = PRODUCT_DEFINITION_SHAPE('Placement','Placement of an item',
  #4567);
#4567 = NEXT_ASSEMBLY_USAGE_OCCURRENCE('102','MEMBER_TOP','',#5,#4222,$
  );
#4568 = PRODUCT_RELATED_PRODUCT_CATEGORY('part',$,(#4224));
#4569 = SHAPE_DEFINITION_REPRESENTATION(#4570,#4576);
#4570 = PRODUCT_DEFINITION_SHAPE('','',#4571);
#4571 = PRODUCT_DEFINITION('design','',#4572,#4575);
#4572 = PRODUCT_DEFINITION_FORMATION('','',#4573);
#4573 = PRODUCT('MEMBER_FLANGE_FRONT','MEMBER_FLANGE_FRONT','',(#4574));
#4574 = PRODUCT_CONTEXT('',#2,'mechanical');
#4575 = PRODUCT_DEFINITION_CONTEXT('part definition',#2,'design');
#4576 = ADVANCED_BREP_SHAPE_REPRESENTATION('',(#11,#4577),#4907);
#4577 = MANIFOLD_SOLID_BREP('',#4578);
#4578 = CLOSED_SHELL('',(#4579,#4699,#4799,#4846,#4893,#4900));
#4579 = ADVANCED_FACE('',(#4580),#4594,.F.);
#4580 = FACE_BOUND('',#4581,.F.);
#4581 = EDGE_LOOP('',(#4582,#4617,#4645,#4673));
#4582 = ORIENTED_EDGE('',*,*,#4583,.F.);
#4583 = EDGE_CURVE('',#4584,#4586,#4588,.T.);
#4584 = VERTEX_POINT('',#4585);
#4585 = CARTESIAN_POINT('',(1.13E+03,120.,300.));
#4586 = VERTEX_POINT('',#4587);
#4587 = CARTESIAN_POINT('',(1.13E+03,120.,301.2));
#4588 = SURFACE_CURVE('',#4589,(#4593,#4605),.PCURVE_S1.);
#4589 = LINE('',#4590,#4591);
#4590 = CARTESIAN_POINT('',(1.13E+03,120.,300.));
#4591 = VECTOR('',#4592,1.);
#4592 = DIRECTION('',(0.,0.,1.));
#4593 = PCURVE('',#4594,#4599);
#4594 = PLANE('',#4595);
#4595 = AXIS2_PLACEMENT_3D('',#4596,#4597,#4598);
#4596 = CARTESIAN_POINT('',(1.13E+03,120.,300.));
#4597 = DIRECTION('',(1.,0.,0.));
#4598 = DIRECTION('',(0.,0.,1.));
#4599 = DEFINITIONAL_REPRESENTATION('',(#4600),#4604);
#4600 = LINE('',#4601,#4602);
#4601 = CARTESIAN_POINT('',(0.,0.));
#4602 = VECTOR('',#4603,1.);
#4603 = DIRECTION('',(1.,0.));
#4604 = ( GEOMETRIC_REPRESENTATION_CONTEXT(2) 
PARAMETRIC_REPRESENTATION_CONTEXT() REPRESENTATION_CONTEXT('2D SPACE',''
  ) );
#4605 = PCURVE('',#4606,#4611);
#4606 = PLANE('',#4607);
#4607 = AXIS2_PLACEMENT_3D('',#4608,#4609,#4610);
#4608 = CARTESIAN_POINT('',(1.13E+03,120.,300.));
#4609 = DIRECTION('',(0.,1.,0.));
#4610 = DIRECTION('',(0.,0.,1.));
#4611 = DEFINITIONAL_REPRESENTATION('',(#4612),#4616);
#4612 = LINE('',#4613,#4614);
#4613 = CARTESIAN_POINT('',(0.,0.));
#4614 = VECTOR('',#4615,1.);
#4615 = DIRECTION('',(1.,0.));
#4616 = ( GEOMETRIC_REPRESENTATION_CONTEXT(2) 
PARAMETRIC_REPRESENTATION_CONTEXT() REPRESENTATION_CONTEXT('2D SPACE',''
  ) );
#4617 = ORIENTED_EDGE('',*,*,#4618,.T.);
#4618 = EDGE_CURVE('',#4584,#4619,#4621,.T.);
#4619 = VERTEX_POINT('',#4620);
#4620 = CARTESIAN_POINT('',(1.13E+03,800.,300.));
#4621 = SURFACE_CURVE('',#4622,(#4626,#4633),.PCURVE_S1.);
#4622 = LINE('',#4623,#4624);
#4623 = CARTESIAN_POINT('',(1.13E+03,120.,300.));
#4624 = VECTOR('',#4625,1.);
#4625 = DIRECTION('',(0.,1.,0.));
#4626 = PCURVE('',#4594,#4627);
#4627 = DEFINITIONAL_REPRESENTATION('',(#4628),#4632);
#4628 = LINE('',#4629,#4630);
#4629 = CARTESIAN_POINT('',(0.,0.));
#4630 = VECTOR('',#4631,1.);
#4631 = DIRECTION('',(0.,-1.));
#4632 = ( GEOMETRIC_REPRESENTATION_CONTEXT(2) 
PARAMETRIC_REPRESENTATION_CONTEXT() REPRESENTATION_CONTEXT('2D SPACE',''
  ) );
#4633 = PCURVE('',#4634,#4639);
#4634 = PLANE('',#4635);
#4635 = AXIS2_PLACEMENT_3D('',#4636,#4637,#4638);
#4636 = CARTESIAN_POINT('',(1.13E+03,120.,300.));
#4637 = DIRECTION('',(0.,0.,1.));
#4638 = DIRECTION('',(1.,0.,0.));
#4639 = DEFINITIONAL_REPRESENTATION('',(#4640),#4644);
#4640 = LINE('',#4641,#4642);
#4641 = CARTESIAN_POINT('',(0.,0.));
#4642 = VECTOR('',#4643,1.);
#4643 = DIRECTION('',(0.,1.));
#4644 = ( GEOMETRIC_REPRESENTATION_CONTEXT(2) 
PARAMETRIC_REPRESENTATION_CONTEXT() REPRESENTATION_CONTEXT('2D SPACE',''
  ) );
#4645 = ORIENTED_EDGE('',*,*,#4646,.T.);
#4646 = EDGE_CURVE('',#4619,#4647,#4649,.T.);
#4647 = VERTEX_POINT('',#4648);
#4648 = CARTESIAN_POINT('',(1.13E+03,800.,301.2));
#4649 = SURFACE_CURVE('',#4650,(#4654,#4661),.PCURVE_S1.);
#4650 = LINE('',#4651,#4652);
#4651 = CARTESIAN_POINT('',(1.13E+03,800.,300.));
#4652 = VECTOR('',#4653,1.);
#4653 = DIRECTION('',(0.,0.,1.));
#4654 = PCURVE('',#4594,#4655);
#4655 = DEFINITIONAL_REPRESENTATION('',(#4656),#4660);
#4656 = LINE('',#4657,#4658);
#4657 = CARTESIAN_POINT('',(0.,-680.));
#4658 = VECTOR('',#4659,1.);
#4659 = DIRECTION('',(1.,0.));
#4660 = ( GEOMETRIC_REPRESENTATION_CONTEXT(2) 
PARAMETRIC_REPRESENTATION_CONTEXT() REPRESENTATION_CONTEXT('2D SPACE',''
  ) );
#4661 = PCURVE('',#4662,#4667);
#4662 = PLANE('',#4663);
#4663 = AXIS2_PLACEMENT_3D('',#4664,#4665,#4666);
#4664 = CARTESIAN_POINT('',(1.13E+03,800.,300.));
#4665 = DIRECTION('',(0.,1.,0.));
#4666 = DIRECTION('',(0.,0.,1.));
#4667 = DEFINITIONAL_REPRESENTATION('',(#4668),#4672);
#4668 = LINE('',#4669,#4670);
#4669 = CARTESIAN_POINT('',(0.,0.));
#4670 = VECTOR('',#4671,1.);
#4671 = DIRECTION('',(1.,0.));
#4672 = ( GEOMETRIC_REPRESENTATION_CONTEXT(2) 
PARAMETRIC_REPRESENTATION_CONTEXT() REPRESENTATION_CONTEXT('2D SPACE',''
  ) );
#4673 = ORIENTED_EDGE('',*,*,#4674,.F.);
#4674 = EDGE_CURVE('',#4586,#4647,#4675,.T.);
#4675 = SURFACE_CURVE('',#4676,(#4680,#4687),.PCURVE_S1.);
#4676 = LINE('',#4677,#4678);
#4677 = CARTESIAN_POINT('',(1.13E+03,120.,301.2));
#4678 = VECTOR('',#4679,1.);
#4679 = DIRECTION('',(0.,1.,0.));
#4680 = PCURVE('',#4594,#4681);
#4681 = DEFINITIONAL_REPRESENTATION('',(#4682),#4686);
#4682 = LINE('',#4683,#4684);
#4683 = CARTESIAN_POINT('',(1.2,0.));
#4684 = VECTOR('',#4685,1.);
#4685 = DIRECTION('',(0.,-1.));
#4686 = ( GEOMETRIC_REPRESENTATION_CONTEXT(2) 
PARAMETRIC_REPRESENTATION_CONTEXT() REPRESENTATION_CONTEXT('2D SPACE',''
  ) );
#4687 = PCURVE('',#4688,#4693);
#4688 = PLANE('',#4689);
#4689 = AXIS2_PLACEMENT_3D('',#4690,#4691,#4692);
#4690 = CARTESIAN_POINT('',(1.13E+03,120.,301.2));
#4691 = DIRECTION('',(0.,0.,1.));
#4692 = DIRECTION('',(1.,0.,0.));
#4693 = DEFINITIONAL_REPRESENTATION('',(#4694),#4698);
#4694 = LINE('',#4695,#4696);
#4695 = CARTESIAN_POINT('',(0.,0.));
#4696 = VECTOR('',#4697,1.);
#4697 = DIRECTION('',(0.,1.));
#4698 = ( GEOMETRIC_REPRESENTATION_CONTEXT(2) 
PARAMETRIC_REPRESENTATION_CONTEXT() REPRESENTATION_CONTEXT('2D SPACE',''
  ) );
#4699 = ADVANCED_FACE('',(#4700),#4714,.T.);
#4700 = FACE_BOUND('',#4701,.T.);
#4701 = EDGE_LOOP('',(#4702,#4732,#4755,#4778));
#4702 = ORIENTED_EDGE('',*,*,#4703,.F.);
#4703 = EDGE_CURVE('',#4704,#4706,#4708,.T.);
#4704 = VERTEX_POINT('',#4705);
#4705 = CARTESIAN_POINT('',(1.16E+03,120.,300.));
#4706 = VERTEX_POINT('',#4707);
#4707 = CARTESIAN_POINT('',(1.16E+03,120.,301.2));
#4708 = SURFACE_CURVE('',#4709,(#4713,#4725),.PCURVE_S1.);
#4709 = LINE('',#4710,#4711);
#4710 = CARTESIAN_POINT('',(1.16E+03,120.,300.));
#4711 = VECTOR('',#4712,1.);
#4712 = DIRECTION('',(0.,0.,1.));
#4713 = PCURVE('',#4714,#4719);
#4714 = PLANE('',#4715);
#4715 = AXIS2_PLACEMENT_3D('',#4716,#4717,#4718);
#4716 = CARTESIAN_POINT('',(1.16E+03,120.,300.));
#4717 = DIRECTION('',(1.,0.,0.));
#4718 = DIRECTION('',(0.,0.,1.));
#4719 = DEFINITIONAL_REPRESENTATION('',(#4720),#4724);
#4720 = LINE('',#4721,#4722);
#4721 = CARTESIAN_POINT('',(0.,0.));
#4722 = VECTOR('',#4723,1.);
#4723 = DIRECTION('',(1.,0.));
#4724 = ( GEOMETRIC_REPRESENTATION_CONTEXT(2) 
PARAMETRIC_REPRESENTATION_CONTEXT() REPRESENTATION_CONTEXT('2D SPACE',''
  ) );
#4725 = PCURVE('',#4606,#4726);
#4726 = DEFINITIONAL_REPRESENTATION('',(#4727),#4731);
#4727 = LINE('',#4728,#4729);
#4728 = CARTESIAN_POINT('',(0.,30.));
#4729 = VECTOR('',#4730,1.);
#4730 = DIRECTION('',(1.,0.));
#4731 = ( GEOMETRIC_REPRESENTATION_CONTEXT(2) 
PARAMETRIC_REPRESENTATION_CONTEXT() REPRESENTATION_CONTEXT('2D SPACE',''
  ) );
#4732 = ORIENTED_EDGE('',*,*,#4733,.T.);
#4733 = EDGE_CURVE('',#4704,#4734,#4736,.T.);
#4734 = VERTEX_POINT('',#4735);
#4735 = CARTESIAN_POINT('',(1.16E+03,800.,300.));
#4736 = SURFACE_CURVE('',#4737,(#4741,#4748),.PCURVE_S1.);
#4737 = LINE('',#4738,#4739);
#4738 = CARTESIAN_POINT('',(1.16E+03,120.,300.));
#4739 = VECTOR('',#4740,1.);
#4740 = DIRECTION('',(0.,1.,0.));
#4741 = PCURVE('',#4714,#4742);
#4742 = DEFINITIONAL_REPRESENTATION('',(#4743),#4747);
#4743 = LINE('',#4744,#4745);
#4744 = CARTESIAN_POINT('',(0.,0.));
#4745 = VECTOR('',#4746,1.);
#4746 = DIRECTION('',(0.,-1.));
#4747 = ( GEOMETRIC_REPRESENTATION_CONTEXT(2) 
PARAMETRIC_REPRESENTATION_CONTEXT() REPRESENTATION_CONTEXT('2D SPACE',''
  ) );
#4748 = PCURVE('',#4634,#4749);
#4749 = DEFINITIONAL_REPRESENTATION('',(#4750),#4754);
#4750 = LINE('',#4751,#4752);
#4751 = CARTESIAN_POINT('',(30.,0.));
#4752 = VECTOR('',#4753,1.);
#4753 = DIRECTION('',(0.,1.));
#4754 = ( GEOMETRIC_REPRESENTATION_CONTEXT(2) 
PARAMETRIC_REPRESENTATION_CONTEXT() REPRESENTATION_CONTEXT('2D SPACE',''
  ) );
#4755 = ORIENTED_EDGE('',*,*,#4756,.T.);
#4756 = EDGE_CURVE('',#4734,#4757,#4759,.T.);
#4757 = VERTEX_POINT('',#4758);
#4758 = CARTESIAN_POINT('',(1.16E+03,800.,301.2));
#4759 = SURFACE_CURVE('',#4760,(#4764,#4771),.PCURVE_S1.);
#4760 = LINE('',#4761,#4762);
#4761 = CARTESIAN_POINT('',(1.16E+03,800.,300.));
#4762 = VECTOR('',#4763,1.);
#4763 = DIRECTION('',(0.,0.,1.));
#4764 = PCURVE('',#4714,#4765);
#4765 = DEFINITIONAL_REPRESENTATION('',(#4766),#4770);
#4766 = LINE('',#4767,#4768);
#4767 = CARTESIAN_POINT('',(0.,-680.));
#4768 = VECTOR('',#4769,1.);
#4769 = DIRECTION('',(1.,0.));
#4770 = ( GEOMETRIC_REPRESENTATION_CONTEXT(2) 
PARAMETRIC_REPRESENTATION_CONTEXT() REPRESENTATION_CONTEXT('2D SPACE',''
  ) );
#4771 = PCURVE('',#4662,#4772);
#4772 = DEFINITIONAL_REPRESENTATION('',(#4773),#4777);
#4773 = LINE('',#4774,#4775);
#4774 = CARTESIAN_POINT('',(0.,30.));
#4775 = VECTOR('',#4776,1.);
#4776 = DIRECTION('',(1.,0.));
#4777 = ( GEOMETRIC_REPRESENTATION_CONTEXT(2) 
PARAMETRIC_REPRESENTATION_CONTEXT() REPRESENTATION_CONTEXT('2D SPACE',''
  ) );
#4778 = ORIENTED_EDGE('',*,*,#4779,.F.);
#4779 = EDGE_CURVE('',#4706,#4757,#4780,.T.);
#4780 = SURFACE_CURVE('',#4781,(#4785,#4792),.PCURVE_S1.);
#4781 = LINE('',#4782,#4783);
#4782 = CARTESIAN_POINT('',(1.16E+03,120.,301.2));
#4783 = VECTOR('',#4784,1.);
#4784 = DIRECTION('',(0.,1.,0.));
#4785 = PCURVE('',#4714,#4786);
#4786 = DEFINITIONAL_REPRESENTATION('',(#4787),#4791);
#4787 = LINE('',#4788,#4789);
#4788 = CARTESIAN_POINT('',(1.2,0.));
#4789 = VECTOR('',#4790,1.);
#4790 = DIRECTION('',(0.,-1.));
#4791 = ( GEOMETRIC_REPRESENTATION_CONTEXT(2) 
PARAMETRIC_REPRESENTATION_CONTEXT() REPRESENTATION_CONTEXT('2D SPACE',''
  ) );
#4792 = PCURVE('',#4688,#4793);
#4793 = DEFINITIONAL_REPRESENTATION('',(#4794),#4798);
#4794 = LINE('',#4795,#4796);
#4795 = CARTESIAN_POINT('',(30.,0.));
#4796 = VECTOR('',#4797,1.);
#4797 = DIRECTION('',(0.,1.));
#4798 = ( GEOMETRIC_REPRESENTATION_CONTEXT(2) 
PARAMETRIC_REPRESENTATION_CONTEXT() REPRESENTATION_CONTEXT('2D SPACE',''
  ) );
#4799 = ADVANCED_FACE('',(#4800),#4606,.F.);
#4800 = FACE_BOUND('',#4801,.F.);
#4801 = EDGE_LOOP('',(#4802,#4823,#4824,#4845));
#4802 = ORIENTED_EDGE('',*,*,#4803,.F.);
#4803 = EDGE_CURVE('',#4584,#4704,#4804,.T.);
#4804 = SURFACE_CURVE('',#4805,(#4809,#4816),.PCURVE_S1.);
#4805 = LINE('',#4806,#4807);
#4806 = CARTESIAN_POINT('',(1.13E+03,120.,300.));
#4807 = VECTOR('',#4808,1.);
#4808 = DIRECTION('',(1.,0.,0.));
#4809 = PCURVE('',#4606,#4810);
#4810 = DEFINITIONAL_REPRESENTATION('',(#4811),#4815);
#4811 = LINE('',#4812,#4813);
#4812 = CARTESIAN_POINT('',(0.,0.));
#4813 = VECTOR('',#4814,1.);
#4814 = DIRECTION('',(0.,1.));
#4815 = ( GEOMETRIC_REPRESENTATION_CONTEXT(2) 
PARAMETRIC_REPRESENTATION_CONTEXT() REPRESENTATION_CONTEXT('2D SPACE',''
  ) );
#4816 = PCURVE('',#4634,#4817);
#4817 = DEFINITIONAL_REPRESENTATION('',(#4818),#4822);
#4818 = LINE('',#4819,#4820);
#4819 = CARTESIAN_POINT('',(0.,0.));
#4820 = VECTOR('',#4821,1.);
#4821 = DIRECTION('',(1.,0.));
#4822 = ( GEOMETRIC_REPRESENTATION_CONTEXT(2) 
PARAMETRIC_REPRESENTATION_CONTEXT() REPRESENTATION_CONTEXT('2D SPACE',''
  ) );
#4823 = ORIENTED_EDGE('',*,*,#4583,.T.);
#4824 = ORIENTED_EDGE('',*,*,#4825,.T.);
#4825 = EDGE_CURVE('',#4586,#4706,#4826,.T.);
#4826 = SURFACE_CURVE('',#4827,(#4831,#4838),.PCURVE_S1.);
#4827 = LINE('',#4828,#4829);
#4828 = CARTESIAN_POINT('',(1.13E+03,120.,301.2));
#4829 = VECTOR('',#4830,1.);
#4830 = DIRECTION('',(1.,0.,0.));
#4831 = PCURVE('',#4606,#4832);
#4832 = DEFINITIONAL_REPRESENTATION('',(#4833),#4837);
#4833 = LINE('',#4834,#4835);
#4834 = CARTESIAN_POINT('',(1.2,0.));
#4835 = VECTOR('',#4836,1.);
#4836 = DIRECTION('',(0.,1.));
#4837 = ( GEOMETRIC_REPRESENTATION_CONTEXT(2) 
PARAMETRIC_REPRESENTATION_CONTEXT() REPRESENTATION_CONTEXT('2D SPACE',''
  ) );
#4838 = PCURVE('',#4688,#4839);
#4839 = DEFINITIONAL_REPRESENTATION('',(#4840),#4844);
#4840 = LINE('',#4841,#4842);
#4841 = CARTESIAN_POINT('',(0.,0.));
#4842 = VECTOR('',#4843,1.);
#4843 = DIRECTION('',(1.,0.));
#4844 = ( GEOMETRIC_REPRESENTATION_CONTEXT(2) 
PARAMETRIC_REPRESENTATION_CONTEXT() REPRESENTATION_CONTEXT('2D SPACE',''
  ) );
#4845 = ORIENTED_EDGE('',*,*,#4703,.F.);
#4846 = ADVANCED_FACE('',(#4847),#4662,.T.);
#4847 = FACE_BOUND('',#4848,.T.);
#4848 = EDGE_LOOP('',(#4849,#4870,#4871,#4892));
#4849 = ORIENTED_EDGE('',*,*,#4850,.F.);
#4850 = EDGE_CURVE('',#4619,#4734,#4851,.T.);
#4851 = SURFACE_CURVE('',#4852,(#4856,#4863),.PCURVE_S1.);
#4852 = LINE('',#4853,#4854);
#4853 = CARTESIAN_POINT('',(1.13E+03,800.,300.));
#4854 = VECTOR('',#4855,1.);
#4855 = DIRECTION('',(1.,0.,0.));
#4856 = PCURVE('',#4662,#4857);
#4857 = DEFINITIONAL_REPRESENTATION('',(#4858),#4862);
#4858 = LINE('',#4859,#4860);
#4859 = CARTESIAN_POINT('',(0.,0.));
#4860 = VECTOR('',#4861,1.);
#4861 = DIRECTION('',(0.,1.));
#4862 = ( GEOMETRIC_REPRESENTATION_CONTEXT(2) 
PARAMETRIC_REPRESENTATION_CONTEXT() REPRESENTATION_CONTEXT('2D SPACE',''
  ) );
#4863 = PCURVE('',#4634,#4864);
#4864 = DEFINITIONAL_REPRESENTATION('',(#4865),#4869);
#4865 = LINE('',#4866,#4867);
#4866 = CARTESIAN_POINT('',(0.,680.));
#4867 = VECTOR('',#4868,1.);
#4868 = DIRECTION('',(1.,0.));
#4869 = ( GEOMETRIC_REPRESENTATION_CONTEXT(2) 
PARAMETRIC_REPRESENTATION_CONTEXT() REPRESENTATION_CONTEXT('2D SPACE',''
  ) );
#4870 = ORIENTED_EDGE('',*,*,#4646,.T.);
#4871 = ORIENTED_EDGE('',*,*,#4872,.T.);
#4872 = EDGE_CURVE('',#4647,#4757,#4873,.T.);
#4873 = SURFACE_CURVE('',#4874,(#4878,#4885),.PCURVE_S1.);
#4874 = LINE('',#4875,#4876);
#4875 = CARTESIAN_POINT('',(1.13E+03,800.,301.2));
#4876 = VECTOR('',#4877,1.);
#4877 = DIRECTION('',(1.,0.,0.));
#4878 = PCURVE('',#4662,#4879);
#4879 = DEFINITIONAL_REPRESENTATION('',(#4880),#4884);
#4880 = LINE('',#4881,#4882);
#4881 = CARTESIAN_POINT('',(1.2,0.));
#4882 = VECTOR('',#4883,1.);
#4883 = DIRECTION('',(0.,1.));
#4884 = ( GEOMETRIC_REPRESENTATION_CONTEXT(2) 
PARAMETRIC_REPRESENTATION_CONTEXT() REPRESENTATION_CONTEXT('2D SPACE',''
  ) );
#4885 = PCURVE('',#4688,#4886);
#4886 = DEFINITIONAL_REPRESENTATION('',(#4887),#4891);
#4887 = LINE('',#4888,#4889);
#4888 = CARTESIAN_POINT('',(0.,680.));
#4889 = VECTOR('',#4890,1.);
#4890 = DIRECTION('',(1.,0.));
#4891 = ( GEOMETRIC_REPRESENTATION_CONTEXT(2) 
PARAMETRIC_REPRESENTATION_CONTEXT() REPRESENTATION_CONTEXT('2D SPACE',''
  ) );
#4892 = ORIENTED_EDGE('',*,*,#4756,.F.);
#4893 = ADVANCED_FACE('',(#4894),#4634,.F.);
#4894 = FACE_BOUND('',#4895,.F.);
#4895 = EDGE_LOOP('',(#4896,#4897,#4898,#4899));
#4896 = ORIENTED_EDGE('',*,*,#4618,.F.);
#4897 = ORIENTED_EDGE('',*,*,#4803,.T.);
#4898 = ORIENTED_EDGE('',*,*,#4733,.T.);
#4899 = ORIENTED_EDGE('',*,*,#4850,.F.);
#4900 = ADVANCED_FACE('',(#4901),#4688,.T.);
#4901 = FACE_BOUND('',#4902,.T.);
#4902 = EDGE_LOOP('',(#4903,#4904,#4905,#4906));
#4903 = ORIENTED_EDGE('',*,*,#4674,.F.);
#4904 = ORIENTED_EDGE('',*,*,#4825,.T.);
#4905 = ORIENTED_EDGE('',*,*,#4779,.T.);
#4906 = ORIENTED_EDGE('',*,*,#4872,.F.);
#4907 = ( GEOMETRIC_REPRESENTATION_CONTEXT(3) 
GLOBAL_UNCERTAINTY_ASSIGNED_CONTEXT((#4911)) 
GLOBAL_UNIT_ASSIGNED_CONTEXT((#4908,#4909,#4910)) REPRESENTATION_CONTEXT
('Context #1','3D Context with UNIT and UNCERTAINTY') );
#4908 = ( LENGTH_UNIT() NAMED_UNIT(*) SI_UNIT(.MILLI.,.METRE.) );
#4909 = ( NAMED_UNIT(*) PLANE_ANGLE_UNIT() SI_UNIT($,.RADIAN.) );
#4910 = ( NAMED_UNIT(*) SI_UNIT($,.STERADIAN.) SOLID_ANGLE_UNIT() );
#4911 = UNCERTAINTY_MEASURE_WITH_UNIT(LENGTH_MEASURE(1.E-07),#4908,
  'distance_accuracy_value','confusion accuracy');
#4912 = CONTEXT_DEPENDENT_SHAPE_REPRESENTATION(#4913,#4915);
#4913 = ( REPRESENTATION_RELATIONSHIP('','',#4576,#10) 
REPRESENTATION_RELATIONSHIP_WITH_TRANSFORMATION(#4914) 
SHAPE_REPRESENTATION_RELATIONSHIP() );
#4914 = ITEM_DEFINED_TRANSFORMATION('','',#11,#63);
#4915 = PRODUCT_DEFINITION_SHAPE('Placement','Placement of an item',
  #4916);
#4916 = NEXT_ASSEMBLY_USAGE_OCCURRENCE('103','MEMBER_FLANGE_FRONT','',#5
  ,#4571,$);
#4917 = PRODUCT_RELATED_PRODUCT_CATEGORY('part',$,(#4573));
#4918 = SHAPE_DEFINITION_REPRESENTATION(#4919,#4925);
#4919 = PRODUCT_DEFINITION_SHAPE('','',#4920);
#4920 = PRODUCT_DEFINITION('design','',#4921,#4924);
#4921 = PRODUCT_DEFINITION_FORMATION('','',#4922);
#4922 = PRODUCT('MEMBER_FLANGE_REAR','MEMBER_FLANGE_REAR','',(#4923));
#4923 = PRODUCT_CONTEXT('',#2,'mechanical');
#4924 = PRODUCT_DEFINITION_CONTEXT('part definition',#2,'design');
#4925 = ADVANCED_BREP_SHAPE_REPRESENTATION('',(#11,#4926),#5256);
#4926 = MANIFOLD_SOLID_BREP('',#4927);
#4927 = CLOSED_SHELL('',(#4928,#5048,#5148,#5195,#5242,#5249));
#4928 = ADVANCED_FACE('',(#4929),#4943,.F.);
#4929 = FACE_BOUND('',#4930,.F.);
#4930 = EDGE_LOOP('',(#4931,#4966,#4994,#5022));
#4931 = ORIENTED_EDGE('',*,*,#4932,.F.);
#4932 = EDGE_CURVE('',#4933,#4935,#4937,.T.);
#4933 = VERTEX_POINT('',#4934);
#4934 = CARTESIAN_POINT('',(1.24E+03,120.,300.));
#4935 = VERTEX_POINT('',#4936);
#4936 = CARTESIAN_POINT('',(1.24E+03,120.,301.2));
#4937 = SURFACE_CURVE('',#4938,(#4942,#4954),.PCURVE_S1.);
#4938 = LINE('',#4939,#4940);
#4939 = CARTESIAN_POINT('',(1.24E+03,120.,300.));
#4940 = VECTOR('',#4941,1.);
#4941 = DIRECTION('',(0.,0.,1.));
#4942 = PCURVE('',#4943,#4948);
#4943 = PLANE('',#4944);
#4944 = AXIS2_PLACEMENT_3D('',#4945,#4946,#4947);
#4945 = CARTESIAN_POINT('',(1.24E+03,120.,300.));
#4946 = DIRECTION('',(1.,0.,0.));
#4947 = DIRECTION('',(0.,0.,1.));
#4948 = DEFINITIONAL_REPRESENTATION('',(#4949),#4953);
#4949 = LINE('',#4950,#4951);
#4950 = CARTESIAN_POINT('',(0.,0.));
#4951 = VECTOR('',#4952,1.);
#4952 = DIRECTION('',(1.,0.));
#4953 = ( GEOMETRIC_REPRESENTATION_CONTEXT(2) 
PARAMETRIC_REPRESENTATION_CONTEXT() REPRESENTATION_CONTEXT('2D SPACE',''
  ) );
#4954 = PCURVE('',#4955,#4960);
#4955 = PLANE('',#4956);
#4956 = AXIS2_PLACEMENT_3D('',#4957,#4958,#4959);
#4957 = CARTESIAN_POINT('',(1.24E+03,120.,300.));
#4958 = DIRECTION('',(0.,1.,0.));
#4959 = DIRECTION('',(0.,0.,1.));
#4960 = DEFINITIONAL_REPRESENTATION('',(#4961),#4965);
#4961 = LINE('',#4962,#4963);
#4962 = CARTESIAN_POINT('',(0.,0.));
#4963 = VECTOR('',#4964,1.);
#4964 = DIRECTION('',(1.,0.));
#4965 = ( GEOMETRIC_REPRESENTATION_CONTEXT(2) 
PARAMETRIC_REPRESENTATION_CONTEXT() REPRESENTATION_CONTEXT('2D SPACE',''
  ) );
#4966 = ORIENTED_EDGE('',*,*,#4967,.T.);
#4967 = EDGE_CURVE('',#4933,#4968,#4970,.T.);
#4968 = VERTEX_POINT('',#4969);
#4969 = CARTESIAN_POINT('',(1.24E+03,800.,300.));
#4970 = SURFACE_CURVE('',#4971,(#4975,#4982),.PCURVE_S1.);
#4971 = LINE('',#4972,#4973);
#4972 = CARTESIAN_POINT('',(1.24E+03,120.,300.));
#4973 = VECTOR('',#4974,1.);
#4974 = DIRECTION('',(0.,1.,0.));
#4975 = PCURVE('',#4943,#4976);
#4976 = DEFINITIONAL_REPRESENTATION('',(#4977),#4981);
#4977 = LINE('',#4978,#4979);
#4978 = CARTESIAN_POINT('',(0.,0.));
#4979 = VECTOR('',#4980,1.);
#4980 = DIRECTION('',(0.,-1.));
#4981 = ( GEOMETRIC_REPRESENTATION_CONTEXT(2) 
PARAMETRIC_REPRESENTATION_CONTEXT() REPRESENTATION_CONTEXT('2D SPACE',''
  ) );
#4982 = PCURVE('',#4983,#4988);
#4983 = PLANE('',#4984);
#4984 = AXIS2_PLACEMENT_3D('',#4985,#4986,#4987);
#4985 = CARTESIAN_POINT('',(1.24E+03,120.,300.));
#4986 = DIRECTION('',(0.,0.,1.));
#4987 = DIRECTION('',(1.,0.,0.));
#4988 = DEFINITIONAL_REPRESENTATION('',(#4989),#4993);
#4989 = LINE('',#4990,#4991);
#4990 = CARTESIAN_POINT('',(0.,0.));
#4991 = VECTOR('',#4992,1.);
#4992 = DIRECTION('',(0.,1.));
#4993 = ( GEOMETRIC_REPRESENTATION_CONTEXT(2) 
PARAMETRIC_REPRESENTATION_CONTEXT() REPRESENTATION_CONTEXT('2D SPACE',''
  ) );
#4994 = ORIENTED_EDGE('',*,*,#4995,.T.);
#4995 = EDGE_CURVE('',#4968,#4996,#4998,.T.);
#4996 = VERTEX_POINT('',#4997);
#4997 = CARTESIAN_POINT('',(1.24E+03,800.,301.2));
#4998 = SURFACE_CURVE('',#4999,(#5003,#5010),.PCURVE_S1.);
#4999 = LINE('',#5000,#5001);
#5000 = CARTESIAN_POINT('',(1.24E+03,800.,300.));
#5001 = VECTOR('',#5002,1.);
#5002 = DIRECTION('',(0.,0.,1.));
#5003 = PCURVE('',#4943,#5004);
#5004 = DEFINITIONAL_REPRESENTATION('',(#5005),#5009);
#5005 = LINE('',#5006,#5007);
#5006 = CARTESIAN_POINT('',(0.,-680.));
#5007 = VECTOR('',#5008,1.);
#5008 = DIRECTION('',(1.,0.));
#5009 = ( GEOMETRIC_REPRESENTATION_CONTEXT(2) 
PARAMETRIC_REPRESENTATION_CONTEXT() REPRESENTATION_CONTEXT('2D SPACE',''
  ) );
#5010 = PCURVE('',#5011,#5016);
#5011 = PLANE('',#5012);
#5012 = AXIS2_PLACEMENT_3D('',#5013,#5014,#5015);
#5013 = CARTESIAN_POINT('',(1.24E+03,800.,300.));
#5014 = DIRECTION('',(0.,1.,0.));
#5015 = DIRECTION('',(0.,0.,1.));
#5016 = DEFINITIONAL_REPRESENTATION('',(#5017),#5021);
#5017 = LINE('',#5018,#5019);
#5018 = CARTESIAN_POINT('',(0.,0.));
#5019 = VECTOR('',#5020,1.);
#5020 = DIRECTION('',(1.,0.));
#5021 = ( GEOMETRIC_REPRESENTATION_CONTEXT(2) 
PARAMETRIC_REPRESENTATION_CONTEXT() REPRESENTATION_CONTEXT('2D SPACE',''
  ) );
#5022 = ORIENTED_EDGE('',*,*,#5023,.F.);
#5023 = EDGE_CURVE('',#4935,#4996,#5024,.T.);
#5024 = SURFACE_CURVE('',#5025,(#5029,#5036),.PCURVE_S1.);
#5025 = LINE('',#5026,#5027);
#5026 = CARTESIAN_POINT('',(1.24E+03,120.,301.2));
#5027 = VECTOR('',#5028,1.);
#5028 = DIRECTION('',(0.,1.,0.));
#5029 = PCURVE('',#4943,#5030);
#5030 = DEFINITIONAL_REPRESENTATION('',(#5031),#5035);
#5031 = LINE('',#5032,#5033);
#5032 = CARTESIAN_POINT('',(1.2,0.));
#5033 = VECTOR('',#5034,1.);
#5034 = DIRECTION('',(0.,-1.));
#5035 = ( GEOMETRIC_REPRESENTATION_CONTEXT(2) 
PARAMETRIC_REPRESENTATION_CONTEXT() REPRESENTATION_CONTEXT('2D SPACE',''
  ) );
#5036 = PCURVE('',#5037,#5042);
#5037 = PLANE('',#5038);
#5038 = AXIS2_PLACEMENT_3D('',#5039,#5040,#5041);
#5039 = CARTESIAN_POINT('',(1.24E+03,120.,301.2));
#5040 = DIRECTION('',(0.,0.,1.));
#5041 = DIRECTION('',(1.,0.,0.));
#5042 = DEFINITIONAL_REPRESENTATION('',(#5043),#5047);
#5043 = LINE('',#5044,#5045);
#5044 = CARTESIAN_POINT('',(0.,0.));
#5045 = VECTOR('',#5046,1.);
#5046 = DIRECTION('',(0.,1.));
#5047 = ( GEOMETRIC_REPRESENTATION_CONTEXT(2) 
PARAMETRIC_REPRESENTATION_CONTEXT() REPRESENTATION_CONTEXT('2D SPACE',''
  ) );
#5048 = ADVANCED_FACE('',(#5049),#5063,.T.);
#5049 = FACE_BOUND('',#5050,.T.);
#5050 = EDGE_LOOP('',(#5051,#5081,#5104,#5127));
#5051 = ORIENTED_EDGE('',*,*,#5052,.F.);
#5052 = EDGE_CURVE('',#5053,#5055,#5057,.T.);
#5053 = VERTEX_POINT('',#5054);
#5054 = CARTESIAN_POINT('',(1.27E+03,120.,300.));
#5055 = VERTEX_POINT('',#5056);
#5056 = CARTESIAN_POINT('',(1.27E+03,120.,301.2));
#5057 = SURFACE_CURVE('',#5058,(#5062,#5074),.PCURVE_S1.);
#5058 = LINE('',#5059,#5060);
#5059 = CARTESIAN_POINT('',(1.27E+03,120.,300.));
#5060 = VECTOR('',#5061,1.);
#5061 = DIRECTION('',(0.,0.,1.));
#5062 = PCURVE('',#5063,#5068);
#5063 = PLANE('',#5064);
#5064 = AXIS2_PLACEMENT_3D('',#5065,#5066,#5067);
#5065 = CARTESIAN_POINT('',(1.27E+03,120.,300.));
#5066 = DIRECTION('',(1.,0.,0.));
#5067 = DIRECTION('',(0.,0.,1.));
#5068 = DEFINITIONAL_REPRESENTATION('',(#5069),#5073);
#5069 = LINE('',#5070,#5071);
#5070 = CARTESIAN_POINT('',(0.,0.));
#5071 = VECTOR('',#5072,1.);
#5072 = DIRECTION('',(1.,0.));
#5073 = ( GEOMETRIC_REPRESENTATION_CONTEXT(2) 
PARAMETRIC_REPRESENTATION_CONTEXT() REPRESENTATION_CONTEXT('2D SPACE',''
  ) );
#5074 = PCURVE('',#4955,#5075);
#5075 = DEFINITIONAL_REPRESENTATION('',(#5076),#5080);
#5076 = LINE('',#5077,#5078);
#5077 = CARTESIAN_POINT('',(0.,30.));
#5078 = VECTOR('',#5079,1.);
#5079 = DIRECTION('',(1.,0.));
#5080 = ( GEOMETRIC_REPRESENTATION_CONTEXT(2) 
PARAMETRIC_REPRESENTATION_CONTEXT() REPRESENTATION_CONTEXT('2D SPACE',''
  ) );
#5081 = ORIENTED_EDGE('',*,*,#5082,.T.);
#5082 = EDGE_CURVE('',#5053,#5083,#5085,.T.);
#5083 = VERTEX_POINT('',#5084);
#5084 = CARTESIAN_POINT('',(1.27E+03,800.,300.));
#5085 = SURFACE_CURVE('',#5086,(#5090,#5097),.PCURVE_S1.);
#5086 = LINE('',#5087,#5088);
#5087 = CARTESIAN_POINT('',(1.27E+03,120.,300.));
#5088 = VECTOR('',#5089,1.);
#5089 = DIRECTION('',(0.,1.,0.));
#5090 = PCURVE('',#5063,#5091);
#5091 = DEFINITIONAL_REPRESENTATION('',(#5092),#5096);
#5092 = LINE('',#5093,#5094);
#5093 = CARTESIAN_POINT('',(0.,0.));
#5094 = VECTOR('',#5095,1.);
#5095 = DIRECTION('',(0.,-1.));
#5096 = ( GEOMETRIC_REPRESENTATION_CONTEXT(2) 
PARAMETRIC_REPRESENTATION_CONTEXT() REPRESENTATION_CONTEXT('2D SPACE',''
  ) );
#5097 = PCURVE('',#4983,#5098);
#5098 = DEFINITIONAL_REPRESENTATION('',(#5099),#5103);
#5099 = LINE('',#5100,#5101);
#5100 = CARTESIAN_POINT('',(30.,0.));
#5101 = VECTOR('',#5102,1.);
#5102 = DIRECTION('',(0.,1.));
#5103 = ( GEOMETRIC_REPRESENTATION_CONTEXT(2) 
PARAMETRIC_REPRESENTATION_CONTEXT() REPRESENTATION_CONTEXT('2D SPACE',''
  ) );
#5104 = ORIENTED_EDGE('',*,*,#5105,.T.);
#5105 = EDGE_CURVE('',#5083,#5106,#5108,.T.);
#5106 = VERTEX_POINT('',#5107);
#5107 = CARTESIAN_POINT('',(1.27E+03,800.,301.2));
#5108 = SURFACE_CURVE('',#5109,(#5113,#5120),.PCURVE_S1.);
#5109 = LINE('',#5110,#5111);
#5110 = CARTESIAN_POINT('',(1.27E+03,800.,300.));
#5111 = VECTOR('',#5112,1.);
#5112 = DIRECTION('',(0.,0.,1.));
#5113 = PCURVE('',#5063,#5114);
#5114 = DEFINITIONAL_REPRESENTATION('',(#5115),#5119);
#5115 = LINE('',#5116,#5117);
#5116 = CARTESIAN_POINT('',(0.,-680.));
#5117 = VECTOR('',#5118,1.);
#5118 = DIRECTION('',(1.,0.));
#5119 = ( GEOMETRIC_REPRESENTATION_CONTEXT(2) 
PARAMETRIC_REPRESENTATION_CONTEXT() REPRESENTATION_CONTEXT('2D SPACE',''
  ) );
#5120 = PCURVE('',#5011,#5121);
#5121 = DEFINITIONAL_REPRESENTATION('',(#5122),#5126);
#5122 = LINE('',#5123,#5124);
#5123 = CARTESIAN_POINT('',(0.,30.));
#5124 = VECTOR('',#5125,1.);
#5125 = DIRECTION('',(1.,0.));
#5126 = ( GEOMETRIC_REPRESENTATION_CONTEXT(2) 
PARAMETRIC_REPRESENTATION_CONTEXT() REPRESENTATION_CONTEXT('2D SPACE',''
  ) );
#5127 = ORIENTED_EDGE('',*,*,#5128,.F.);
#5128 = EDGE_CURVE('',#5055,#5106,#5129,.T.);
#5129 = SURFACE_CURVE('',#5130,(#5134,#5141),.PCURVE_S1.);
#5130 = LINE('',#5131,#5132);
#5131 = CARTESIAN_POINT('',(1.27E+03,120.,301.2));
#5132 = VECTOR('',#5133,1.);
#5133 = DIRECTION('',(0.,1.,0.));
#5134 = PCURVE('',#5063,#5135);
#5135 = DEFINITIONAL_REPRESENTATION('',(#5136),#5140);
#5136 = LINE('',#5137,#5138);
#5137 = CARTESIAN_POINT('',(1.2,0.));
#5138 = VECTOR('',#5139,1.);
#5139 = DIRECTION('',(0.,-1.));
#5140 = ( GEOMETRIC_REPRESENTATION_CONTEXT(2) 
PARAMETRIC_REPRESENTATION_CONTEXT() REPRESENTATION_CONTEXT('2D SPACE',''
  ) );
#5141 = PCURVE('',#5037,#5142);
#5142 = DEFINITIONAL_REPRESENTATION('',(#5143),#5147);
#5143 = LINE('',#5144,#5145);
#5144 = CARTESIAN_POINT('',(30.,0.));
#5145 = VECTOR('',#5146,1.);
#5146 = DIRECTION('',(0.,1.));
#5147 = ( GEOMETRIC_REPRESENTATION_CONTEXT(2) 
PARAMETRIC_REPRESENTATION_CONTEXT() REPRESENTATION_CONTEXT('2D SPACE',''
  ) );
#5148 = ADVANCED_FACE('',(#5149),#4955,.F.);
#5149 = FACE_BOUND('',#5150,.F.);
#5150 = EDGE_LOOP('',(#5151,#5172,#5173,#5194));
#5151 = ORIENTED_EDGE('',*,*,#5152,.F.);
#5152 = EDGE_CURVE('',#4933,#5053,#5153,.T.);
#5153 = SURFACE_CURVE('',#5154,(#5158,#5165),.PCURVE_S1.);
#5154 = LINE('',#5155,#5156);
#5155 = CARTESIAN_POINT('',(1.24E+03,120.,300.));
#5156 = VECTOR('',#5157,1.);
#5157 = DIRECTION('',(1.,0.,0.));
#5158 = PCURVE('',#4955,#5159);
#5159 = DEFINITIONAL_REPRESENTATION('',(#5160),#5164);
#5160 = LINE('',#5161,#5162);
#5161 = CARTESIAN_POINT('',(0.,0.));
#5162 = VECTOR('',#5163,1.);
#5163 = DIRECTION('',(0.,1.));
#5164 = ( GEOMETRIC_REPRESENTATION_CONTEXT(2) 
PARAMETRIC_REPRESENTATION_CONTEXT() REPRESENTATION_CONTEXT('2D SPACE',''
  ) );
#5165 = PCURVE('',#4983,#5166);
#5166 = DEFINITIONAL_REPRESENTATION('',(#5167),#5171);
#5167 = LINE('',#5168,#5169);
#5168 = CARTESIAN_POINT('',(0.,0.));
#5169 = VECTOR('',#5170,1.);
#5170 = DIRECTION('',(1.,0.));
#5171 = ( GEOMETRIC_REPRESENTATION_CONTEXT(2) 
PARAMETRIC_REPRESENTATION_CONTEXT() REPRESENTATION_CONTEXT('2D SPACE',''
  ) );
#5172 = ORIENTED_EDGE('',*,*,#4932,.T.);
#5173 = ORIENTED_EDGE('',*,*,#5174,.T.);
#5174 = EDGE_CURVE('',#4935,#5055,#5175,.T.);
#5175 = SURFACE_CURVE('',#5176,(#5180,#5187),.PCURVE_S1.);
#5176 = LINE('',#5177,#5178);
#5177 = CARTESIAN_POINT('',(1.24E+03,120.,301.2));
#5178 = VECTOR('',#5179,1.);
#5179 = DIRECTION('',(1.,0.,0.));
#5180 = PCURVE('',#4955,#5181);
#5181 = DEFINITIONAL_REPRESENTATION('',(#5182),#5186);
#5182 = LINE('',#5183,#5184);
#5183 = CARTESIAN_POINT('',(1.2,0.));
#5184 = VECTOR('',#5185,1.);
#5185 = DIRECTION('',(0.,1.));
#5186 = ( GEOMETRIC_REPRESENTATION_CONTEXT(2) 
PARAMETRIC_REPRESENTATION_CONTEXT() REPRESENTATION_CONTEXT('2D SPACE',''
  ) );
#5187 = PCURVE('',#5037,#5188);
#5188 = DEFINITIONAL_REPRESENTATION('',(#5189),#5193);
#5189 = LINE('',#5190,#5191);
#5190 = CARTESIAN_POINT('',(0.,0.));
#5191 = VECTOR('',#5192,1.);
#5192 = DIRECTION('',(1.,0.));
#5193 = ( GEOMETRIC_REPRESENTATION_CONTEXT(2) 
PARAMETRIC_REPRESENTATION_CONTEXT() REPRESENTATION_CONTEXT('2D SPACE',''
  ) );
#5194 = ORIENTED_EDGE('',*,*,#5052,.F.);
#5195 = ADVANCED_FACE('',(#5196),#5011,.T.);
#5196 = FACE_BOUND('',#5197,.T.);
#5197 = EDGE_LOOP('',(#5198,#5219,#5220,#5241));
#5198 = ORIENTED_EDGE('',*,*,#5199,.F.);
#5199 = EDGE_CURVE('',#4968,#5083,#5200,.T.);
#5200 = SURFACE_CURVE('',#5201,(#5205,#5212),.PCURVE_S1.);
#5201 = LINE('',#5202,#5203);
#5202 = CARTESIAN_POINT('',(1.24E+03,800.,300.));
#5203 = VECTOR('',#5204,1.);
#5204 = DIRECTION('',(1.,0.,0.));
#5205 = PCURVE('',#5011,#5206);
#5206 = DEFINITIONAL_REPRESENTATION('',(#5207),#5211);
#5207 = LINE('',#5208,#5209);
#5208 = CARTESIAN_POINT('',(0.,0.));
#5209 = VECTOR('',#5210,1.);
#5210 = DIRECTION('',(0.,1.));
#5211 = ( GEOMETRIC_REPRESENTATION_CONTEXT(2) 
PARAMETRIC_REPRESENTATION_CONTEXT() REPRESENTATION_CONTEXT('2D SPACE',''
  ) );
#5212 = PCURVE('',#4983,#5213);
#5213 = DEFINITIONAL_REPRESENTATION('',(#5214),#5218);
#5214 = LINE('',#5215,#5216);
#5215 = CARTESIAN_POINT('',(0.,680.));
#5216 = VECTOR('',#5217,1.);
#5217 = DIRECTION('',(1.,0.));
#5218 = ( GEOMETRIC_REPRESENTATION_CONTEXT(2) 
PARAMETRIC_REPRESENTATION_CONTEXT() REPRESENTATION_CONTEXT('2D SPACE',''
  ) );
#5219 = ORIENTED_EDGE('',*,*,#4995,.T.);
#5220 = ORIENTED_EDGE('',*,*,#5221,.T.);
#5221 = EDGE_CURVE('',#4996,#5106,#5222,.T.);
#5222 = SURFACE_CURVE('',#5223,(#5227,#5234),.PCURVE_S1.);
#5223 = LINE('',#5224,#5225);
#5224 = CARTESIAN_POINT('',(1.24E+03,800.,301.2));
#5225 = VECTOR('',#5226,1.);
#5226 = DIRECTION('',(1.,0.,0.));
#5227 = PCURVE('',#5011,#5228);
#5228 = DEFINITIONAL_REPRESENTATION('',(#5229),#5233);
#5229 = LINE('',#5230,#5231);
#5230 = CARTESIAN_POINT('',(1.2,0.));
#5231 = VECTOR('',#5232,1.);
#5232 = DIRECTION('',(0.,1.));
#5233 = ( GEOMETRIC_REPRESENTATION_CONTEXT(2) 
PARAMETRIC_REPRESENTATION_CONTEXT() REPRESENTATION_CONTEXT('2D SPACE',''
  ) );
#5234 = PCURVE('',#5037,#5235);
#5235 = DEFINITIONAL_REPRESENTATION('',(#5236),#5240);
#5236 = LINE('',#5237,#5238);
#5237 = CARTESIAN_POINT('',(0.,680.));
#5238 = VECTOR('',#5239,1.);
#5239 = DIRECTION('',(1.,0.));
#5240 = ( GEOMETRIC_REPRESENTATION_CONTEXT(2) 
PARAMETRIC_REPRESENTATION_CONTEXT() REPRESENTATION_CONTEXT('2D SPACE',''
  ) );
#5241 = ORIENTED_EDGE('',*,*,#5105,.F.);
#5242 = ADVANCED_FACE('',(#5243),#4983,.F.);
#5243 = FACE_BOUND('',#5244,.F.);
#5244 = EDGE_LOOP('',(#5245,#5246,#5247,#5248));
#5245 = ORIENTED_EDGE('',*,*,#4967,.F.);
#5246 = ORIENTED_EDGE('',*,*,#5152,.T.);
#5247 = ORIENTED_EDGE('',*,*,#5082,.T.);
#5248 = ORIENTED_EDGE('',*,*,#5199,.F.);
#5249 = ADVANCED_FACE('',(#5250),#5037,.T.);
#5250 = FACE_BOUND('',#5251,.T.);
#5251 = EDGE_LOOP('',(#5252,#5253,#5254,#5255));
#5252 = ORIENTED_EDGE('',*,*,#5023,.F.);
#5253 = ORIENTED_EDGE('',*,*,#5174,.T.);
#5254 = ORIENTED_EDGE('',*,*,#5128,.T.);
#5255 = ORIENTED_EDGE('',*,*,#5221,.F.);
#5256 = ( GEOMETRIC_REPRESENTATION_CONTEXT(3) 
GLOBAL_UNCERTAINTY_ASSIGNED_CONTEXT((#5260)) 
GLOBAL_UNIT_ASSIGNED_CONTEXT((#5257,#5258,#5259)) REPRESENTATION_CONTEXT
('Context #1','3D Context with UNIT and UNCERTAINTY') );
#5257 = ( LENGTH_UNIT() NAMED_UNIT(*) SI_UNIT(.MILLI.,.METRE.) );
#5258 = ( NAMED_UNIT(*) PLANE_ANGLE_UNIT() SI_UNIT($,.RADIAN.) );
#5259 = ( NAMED_UNIT(*) SI_UNIT($,.STERADIAN.) SOLID_ANGLE_UNIT() );
#5260 = UNCERTAINTY_MEASURE_WITH_UNIT(LENGTH_MEASURE(1.E-07),#5257,
  'distance_accuracy_value','confusion accuracy');
#5261 = CONTEXT_DEPENDENT_SHAPE_REPRESENTATION(#5262,#5264);
#5262 = ( REPRESENTATION_RELATIONSHIP('','',#4925,#10) 
REPRESENTATION_RELATIONSHIP_WITH_TRANSFORMATION(#5263) 
SHAPE_REPRESENTATION_RELATIONSHIP() );
#5263 = ITEM_DEFINED_TRANSFORMATION('','',#11,#67);
#5264 = PRODUCT_DEFINITION_SHAPE('Placement','Placement of an item',
  #5265);
#5265 = NEXT_ASSEMBLY_USAGE_OCCURRENCE('104','MEMBER_FLANGE_REAR','',#5,
  #4920,$);
#5266 = PRODUCT_RELATED_PRODUCT_CATEGORY('part',$,(#4922));
#5267 = SHAPE_DEFINITION_REPRESENTATION(#5268,#5274);
#5268 = PRODUCT_DEFINITION_SHAPE('','',#5269);
#5269 = PRODUCT_DEFINITION('design','',#5270,#5273);
#5270 = PRODUCT_DEFINITION_FORMATION('','',#5271);
#5271 = PRODUCT('FLOOR','FLOOR','',(#5272));
#5272 = PRODUCT_CONTEXT('',#2,'mechanical');
#5273 = PRODUCT_DEFINITION_CONTEXT('part definition',#2,'design');
#5274 = ADVANCED_BREP_SHAPE_REPRESENTATION('',(#11,#5275),#5605);
#5275 = MANIFOLD_SOLID_BREP('',#5276);
#5276 = CLOSED_SHELL('',(#5277,#5397,#5497,#5544,#5591,#5598));
#5277 = ADVANCED_FACE('',(#5278),#5292,.F.);
#5278 = FACE_BOUND('',#5279,.F.);
#5279 = EDGE_LOOP('',(#5280,#5315,#5343,#5371));
#5280 = ORIENTED_EDGE('',*,*,#5281,.F.);
#5281 = EDGE_CURVE('',#5282,#5284,#5286,.T.);
#5282 = VERTEX_POINT('',#5283);
#5283 = CARTESIAN_POINT('',(0.,81.2,298.8));
#5284 = VERTEX_POINT('',#5285);
#5285 = CARTESIAN_POINT('',(0.,81.2,300.));
#5286 = SURFACE_CURVE('',#5287,(#5291,#5303),.PCURVE_S1.);
#5287 = LINE('',#5288,#5289);
#5288 = CARTESIAN_POINT('',(0.,81.2,298.8));
#5289 = VECTOR('',#5290,1.);
#5290 = DIRECTION('',(0.,0.,1.));
#5291 = PCURVE('',#5292,#5297);
#5292 = PLANE('',#5293);
#5293 = AXIS2_PLACEMENT_3D('',#5294,#5295,#5296);
#5294 = CARTESIAN_POINT('',(0.,81.2,298.8));
#5295 = DIRECTION('',(1.,0.,0.));
#5296 = DIRECTION('',(0.,0.,1.));
#5297 = DEFINITIONAL_REPRESENTATION('',(#5298),#5302);
#5298 = LINE('',#5299,#5300);
#5299 = CARTESIAN_POINT('',(0.,0.));
#5300 = VECTOR('',#5301,1.);
#5301 = DIRECTION('',(1.,0.));
#5302 = ( GEOMETRIC_REPRESENTATION_CONTEXT(2) 
PARAMETRIC_REPRESENTATION_CONTEXT() REPRESENTATION_CONTEXT('2D SPACE',''
  ) );
#5303 = PCURVE('',#5304,#5309);
#5304 = PLANE('',#5305);
#5305 = AXIS2_PLACEMENT_3D('',#5306,#5307,#5308);
#5306 = CARTESIAN_POINT('',(0.,81.2,298.8));
#5307 = DIRECTION('',(0.,1.,0.));
#5308 = DIRECTION('',(0.,0.,1.));
#5309 = DEFINITIONAL_REPRESENTATION('',(#5310),#5314);
#5310 = LINE('',#5311,#5312);
#5311 = CARTESIAN_POINT('',(0.,0.));
#5312 = VECTOR('',#5313,1.);
#5313 = DIRECTION('',(1.,0.));
#5314 = ( GEOMETRIC_REPRESENTATION_CONTEXT(2) 
PARAMETRIC_REPRESENTATION_CONTEXT() REPRESENTATION_CONTEXT('2D SPACE',''
  ) );
#5315 = ORIENTED_EDGE('',*,*,#5316,.T.);
#5316 = EDGE_CURVE('',#5282,#5317,#5319,.T.);
#5317 = VERTEX_POINT('',#5318);
#5318 = CARTESIAN_POINT('',(0.,900.,298.8));
#5319 = SURFACE_CURVE('',#5320,(#5324,#5331),.PCURVE_S1.);
#5320 = LINE('',#5321,#5322);
#5321 = CARTESIAN_POINT('',(0.,81.2,298.8));
#5322 = VECTOR('',#5323,1.);
#5323 = DIRECTION('',(0.,1.,0.));
#5324 = PCURVE('',#5292,#5325);
#5325 = DEFINITIONAL_REPRESENTATION('',(#5326),#5330);
#5326 = LINE('',#5327,#5328);
#5327 = CARTESIAN_POINT('',(0.,0.));
#5328 = VECTOR('',#5329,1.);
#5329 = DIRECTION('',(0.,-1.));
#5330 = ( GEOMETRIC_REPRESENTATION_CONTEXT(2) 
PARAMETRIC_REPRESENTATION_CONTEXT() REPRESENTATION_CONTEXT('2D SPACE',''
  ) );
#5331 = PCURVE('',#5332,#5337);
#5332 = PLANE('',#5333);
#5333 = AXIS2_PLACEMENT_3D('',#5334,#5335,#5336);
#5334 = CARTESIAN_POINT('',(0.,81.2,298.8));
#5335 = DIRECTION('',(0.,0.,1.));
#5336 = DIRECTION('',(1.,0.,0.));
#5337 = DEFINITIONAL_REPRESENTATION('',(#5338),#5342);
#5338 = LINE('',#5339,#5340);
#5339 = CARTESIAN_POINT('',(0.,0.));
#5340 = VECTOR('',#5341,1.);
#5341 = DIRECTION('',(0.,1.));
#5342 = ( GEOMETRIC_REPRESENTATION_CONTEXT(2) 
PARAMETRIC_REPRESENTATION_CONTEXT() REPRESENTATION_CONTEXT('2D SPACE',''
  ) );
#5343 = ORIENTED_EDGE('',*,*,#5344,.T.);
#5344 = EDGE_CURVE('',#5317,#5345,#5347,.T.);
#5345 = VERTEX_POINT('',#5346);
#5346 = CARTESIAN_POINT('',(0.,900.,300.));
#5347 = SURFACE_CURVE('',#5348,(#5352,#5359),.PCURVE_S1.);
#5348 = LINE('',#5349,#5350);
#5349 = CARTESIAN_POINT('',(0.,900.,298.8));
#5350 = VECTOR('',#5351,1.);
#5351 = DIRECTION('',(0.,0.,1.));
#5352 = PCURVE('',#5292,#5353);
#5353 = DEFINITIONAL_REPRESENTATION('',(#5354),#5358);
#5354 = LINE('',#5355,#5356);
#5355 = CARTESIAN_POINT('',(0.,-818.8));
#5356 = VECTOR('',#5357,1.);
#5357 = DIRECTION('',(1.,0.));
#5358 = ( GEOMETRIC_REPRESENTATION_CONTEXT(2) 
PARAMETRIC_REPRESENTATION_CONTEXT() REPRESENTATION_CONTEXT('2D SPACE',''
  ) );
#5359 = PCURVE('',#5360,#5365);
#5360 = PLANE('',#5361);
#5361 = AXIS2_PLACEMENT_3D('',#5362,#5363,#5364);
#5362 = CARTESIAN_POINT('',(0.,900.,298.8));
#5363 = DIRECTION('',(0.,1.,0.));
#5364 = DIRECTION('',(0.,0.,1.));
#5365 = DEFINITIONAL_REPRESENTATION('',(#5366),#5370);
#5366 = LINE('',#5367,#5368);
#5367 = CARTESIAN_POINT('',(0.,0.));
#5368 = VECTOR('',#5369,1.);
#5369 = DIRECTION('',(1.,0.));
#5370 = ( GEOMETRIC_REPRESENTATION_CONTEXT(2) 
PARAMETRIC_REPRESENTATION_CONTEXT() REPRESENTATION_CONTEXT('2D SPACE',''
  ) );
#5371 = ORIENTED_EDGE('',*,*,#5372,.F.);
#5372 = EDGE_CURVE('',#5284,#5345,#5373,.T.);
#5373 = SURFACE_CURVE('',#5374,(#5378,#5385),.PCURVE_S1.);
#5374 = LINE('',#5375,#5376);
#5375 = CARTESIAN_POINT('',(0.,81.2,300.));
#5376 = VECTOR('',#5377,1.);
#5377 = DIRECTION('',(0.,1.,0.));
#5378 = PCURVE('',#5292,#5379);
#5379 = DEFINITIONAL_REPRESENTATION('',(#5380),#5384);
#5380 = LINE('',#5381,#5382);
#5381 = CARTESIAN_POINT('',(1.2,0.));
#5382 = VECTOR('',#5383,1.);
#5383 = DIRECTION('',(0.,-1.));
#5384 = ( GEOMETRIC_REPRESENTATION_CONTEXT(2) 
PARAMETRIC_REPRESENTATION_CONTEXT() REPRESENTATION_CONTEXT('2D SPACE',''
  ) );
#5385 = PCURVE('',#5386,#5391);
#5386 = PLANE('',#5387);
#5387 = AXIS2_PLACEMENT_3D('',#5388,#5389,#5390);
#5388 = CARTESIAN_POINT('',(0.,81.2,300.));
#5389 = DIRECTION('',(0.,0.,1.));
#5390 = DIRECTION('',(1.,0.,0.));
#5391 = DEFINITIONAL_REPRESENTATION('',(#5392),#5396);
#5392 = LINE('',#5393,#5394);
#5393 = CARTESIAN_POINT('',(0.,0.));
#5394 = VECTOR('',#5395,1.);
#5395 = DIRECTION('',(0.,1.));
#5396 = ( GEOMETRIC_REPRESENTATION_CONTEXT(2) 
PARAMETRIC_REPRESENTATION_CONTEXT() REPRESENTATION_CONTEXT('2D SPACE',''
  ) );
#5397 = ADVANCED_FACE('',(#5398),#5412,.T.);
#5398 = FACE_BOUND('',#5399,.T.);
#5399 = EDGE_LOOP('',(#5400,#5430,#5453,#5476));
#5400 = ORIENTED_EDGE('',*,*,#5401,.F.);
#5401 = EDGE_CURVE('',#5402,#5404,#5406,.T.);
#5402 = VERTEX_POINT('',#5403);
#5403 = CARTESIAN_POINT('',(2.4E+03,81.2,298.8));
#5404 = VERTEX_POINT('',#5405);
#5405 = CARTESIAN_POINT('',(2.4E+03,81.2,300.));
#5406 = SURFACE_CURVE('',#5407,(#5411,#5423),.PCURVE_S1.);
#5407 = LINE('',#5408,#5409);
#5408 = CARTESIAN_POINT('',(2.4E+03,81.2,298.8));
#5409 = VECTOR('',#5410,1.);
#5410 = DIRECTION('',(0.,0.,1.));
#5411 = PCURVE('',#5412,#5417);
#5412 = PLANE('',#5413);
#5413 = AXIS2_PLACEMENT_3D('',#5414,#5415,#5416);
#5414 = CARTESIAN_POINT('',(2.4E+03,81.2,298.8));
#5415 = DIRECTION('',(1.,0.,0.));
#5416 = DIRECTION('',(0.,0.,1.));
#5417 = DEFINITIONAL_REPRESENTATION('',(#5418),#5422);
#5418 = LINE('',#5419,#5420);
#5419 = CARTESIAN_POINT('',(0.,0.));
#5420 = VECTOR('',#5421,1.);
#5421 = DIRECTION('',(1.,0.));
#5422 = ( GEOMETRIC_REPRESENTATION_CONTEXT(2) 
PARAMETRIC_REPRESENTATION_CONTEXT() REPRESENTATION_CONTEXT('2D SPACE',''
  ) );
#5423 = PCURVE('',#5304,#5424);
#5424 = DEFINITIONAL_REPRESENTATION('',(#5425),#5429);
#5425 = LINE('',#5426,#5427);
#5426 = CARTESIAN_POINT('',(0.,2.4E+03));
#5427 = VECTOR('',#5428,1.);
#5428 = DIRECTION('',(1.,0.));
#5429 = ( GEOMETRIC_REPRESENTATION_CONTEXT(2) 
PARAMETRIC_REPRESENTATION_CONTEXT() REPRESENTATION_CONTEXT('2D SPACE',''
  ) );
#5430 = ORIENTED_EDGE('',*,*,#5431,.T.);
#5431 = EDGE_CURVE('',#5402,#5432,#5434,.T.);
#5432 = VERTEX_POINT('',#5433);
#5433 = CARTESIAN_POINT('',(2.4E+03,900.,298.8));
#5434 = SURFACE_CURVE('',#5435,(#5439,#5446),.PCURVE_S1.);
#5435 = LINE('',#5436,#5437);
#5436 = CARTESIAN_POINT('',(2.4E+03,81.2,298.8));
#5437 = VECTOR('',#5438,1.);
#5438 = DIRECTION('',(0.,1.,0.));
#5439 = PCURVE('',#5412,#5440);
#5440 = DEFINITIONAL_REPRESENTATION('',(#5441),#5445);
#5441 = LINE('',#5442,#5443);
#5442 = CARTESIAN_POINT('',(0.,0.));
#5443 = VECTOR('',#5444,1.);
#5444 = DIRECTION('',(0.,-1.));
#5445 = ( GEOMETRIC_REPRESENTATION_CONTEXT(2) 
PARAMETRIC_REPRESENTATION_CONTEXT() REPRESENTATION_CONTEXT('2D SPACE',''
  ) );
#5446 = PCURVE('',#5332,#5447);
#5447 = DEFINITIONAL_REPRESENTATION('',(#5448),#5452);
#5448 = LINE('',#5449,#5450);
#5449 = CARTESIAN_POINT('',(2.4E+03,0.));
#5450 = VECTOR('',#5451,1.);
#5451 = DIRECTION('',(0.,1.));
#5452 = ( GEOMETRIC_REPRESENTATION_CONTEXT(2) 
PARAMETRIC_REPRESENTATION_CONTEXT() REPRESENTATION_CONTEXT('2D SPACE',''
  ) );
#5453 = ORIENTED_EDGE('',*,*,#5454,.T.);
#5454 = EDGE_CURVE('',#5432,#5455,#5457,.T.);
#5455 = VERTEX_POINT('',#5456);
#5456 = CARTESIAN_POINT('',(2.4E+03,900.,300.));
#5457 = SURFACE_CURVE('',#5458,(#5462,#5469),.PCURVE_S1.);
#5458 = LINE('',#5459,#5460);
#5459 = CARTESIAN_POINT('',(2.4E+03,900.,298.8));
#5460 = VECTOR('',#5461,1.);
#5461 = DIRECTION('',(0.,0.,1.));
#5462 = PCURVE('',#5412,#5463);
#5463 = DEFINITIONAL_REPRESENTATION('',(#5464),#5468);
#5464 = LINE('',#5465,#5466);
#5465 = CARTESIAN_POINT('',(0.,-818.8));
#5466 = VECTOR('',#5467,1.);
#5467 = DIRECTION('',(1.,0.));
#5468 = ( GEOMETRIC_REPRESENTATION_CONTEXT(2) 
PARAMETRIC_REPRESENTATION_CONTEXT() REPRESENTATION_CONTEXT('2D SPACE',''
  ) );
#5469 = PCURVE('',#5360,#5470);
#5470 = DEFINITIONAL_REPRESENTATION('',(#5471),#5475);
#5471 = LINE('',#5472,#5473);
#5472 = CARTESIAN_POINT('',(0.,2.4E+03));
#5473 = VECTOR('',#5474,1.);
#5474 = DIRECTION('',(1.,0.));
#5475 = ( GEOMETRIC_REPRESENTATION_CONTEXT(2) 
PARAMETRIC_REPRESENTATION_CONTEXT() REPRESENTATION_CONTEXT('2D SPACE',''
  ) );
#5476 = ORIENTED_EDGE('',*,*,#5477,.F.);
#5477 = EDGE_CURVE('',#5404,#5455,#5478,.T.);
#5478 = SURFACE_CURVE('',#5479,(#5483,#5490),.PCURVE_S1.);
#5479 = LINE('',#5480,#5481);
#5480 = CARTESIAN_POINT('',(2.4E+03,81.2,300.));
#5481 = VECTOR('',#5482,1.);
#5482 = DIRECTION('',(0.,1.,0.));
#5483 = PCURVE('',#5412,#5484);
#5484 = DEFINITIONAL_REPRESENTATION('',(#5485),#5489);
#5485 = LINE('',#5486,#5487);
#5486 = CARTESIAN_POINT('',(1.2,0.));
#5487 = VECTOR('',#5488,1.);
#5488 = DIRECTION('',(0.,-1.));
#5489 = ( GEOMETRIC_REPRESENTATION_CONTEXT(2) 
PARAMETRIC_REPRESENTATION_CONTEXT() REPRESENTATION_CONTEXT('2D SPACE',''
  ) );
#5490 = PCURVE('',#5386,#5491);
#5491 = DEFINITIONAL_REPRESENTATION('',(#5492),#5496);
#5492 = LINE('',#5493,#5494);
#5493 = CARTESIAN_POINT('',(2.4E+03,0.));
#5494 = VECTOR('',#5495,1.);
#5495 = DIRECTION('',(0.,1.));
#5496 = ( GEOMETRIC_REPRESENTATION_CONTEXT(2) 
PARAMETRIC_REPRESENTATION_CONTEXT() REPRESENTATION_CONTEXT('2D SPACE',''
  ) );
#5497 = ADVANCED_FACE('',(#5498),#5304,.F.);
#5498 = FACE_BOUND('',#5499,.F.);
#5499 = EDGE_LOOP('',(#5500,#5521,#5522,#5543));
#5500 = ORIENTED_EDGE('',*,*,#5501,.F.);
#5501 = EDGE_CURVE('',#5282,#5402,#5502,.T.);
#5502 = SURFACE_CURVE('',#5503,(#5507,#5514),.PCURVE_S1.);
#5503 = LINE('',#5504,#5505);
#5504 = CARTESIAN_POINT('',(0.,81.2,298.8));
#5505 = VECTOR('',#5506,1.);
#5506 = DIRECTION('',(1.,0.,0.));
#5507 = PCURVE('',#5304,#5508);
#5508 = DEFINITIONAL_REPRESENTATION('',(#5509),#5513);
#5509 = LINE('',#5510,#5511);
#5510 = CARTESIAN_POINT('',(0.,0.));
#5511 = VECTOR('',#5512,1.);
#5512 = DIRECTION('',(0.,1.));
#5513 = ( GEOMETRIC_REPRESENTATION_CONTEXT(2) 
PARAMETRIC_REPRESENTATION_CONTEXT() REPRESENTATION_CONTEXT('2D SPACE',''
  ) );
#5514 = PCURVE('',#5332,#5515);
#5515 = DEFINITIONAL_REPRESENTATION('',(#5516),#5520);
#5516 = LINE('',#5517,#5518);
#5517 = CARTESIAN_POINT('',(0.,0.));
#5518 = VECTOR('',#5519,1.);
#5519 = DIRECTION('',(1.,0.));
#5520 = ( GEOMETRIC_REPRESENTATION_CONTEXT(2) 
PARAMETRIC_REPRESENTATION_CONTEXT() REPRESENTATION_CONTEXT('2D SPACE',''
  ) );
#5521 = ORIENTED_EDGE('',*,*,#5281,.T.);
#5522 = ORIENTED_EDGE('',*,*,#5523,.T.);
#5523 = EDGE_CURVE('',#5284,#5404,#5524,.T.);
#5524 = SURFACE_CURVE('',#5525,(#5529,#5536),.PCURVE_S1.);
#5525 = LINE('',#5526,#5527);
#5526 = CARTESIAN_POINT('',(0.,81.2,300.));
#5527 = VECTOR('',#5528,1.);
#5528 = DIRECTION('',(1.,0.,0.));
#5529 = PCURVE('',#5304,#5530);
#5530 = DEFINITIONAL_REPRESENTATION('',(#5531),#5535);
#5531 = LINE('',#5532,#5533);
#5532 = CARTESIAN_POINT('',(1.2,0.));
#5533 = VECTOR('',#5534,1.);
#5534 = DIRECTION('',(0.,1.));
#5535 = ( GEOMETRIC_REPRESENTATION_CONTEXT(2) 
PARAMETRIC_REPRESENTATION_CONTEXT() REPRESENTATION_CONTEXT('2D SPACE',''
  ) );
#5536 = PCURVE('',#5386,#5537);
#5537 = DEFINITIONAL_REPRESENTATION('',(#5538),#5542);
#5538 = LINE('',#5539,#5540);
#5539 = CARTESIAN_POINT('',(0.,0.));
#5540 = VECTOR('',#5541,1.);
#5541 = DIRECTION('',(1.,0.));
#5542 = ( GEOMETRIC_REPRESENTATION_CONTEXT(2) 
PARAMETRIC_REPRESENTATION_CONTEXT() REPRESENTATION_CONTEXT('2D SPACE',''
  ) );
#5543 = ORIENTED_EDGE('',*,*,#5401,.F.);
#5544 = ADVANCED_FACE('',(#5545),#5360,.T.);
#5545 = FACE_BOUND('',#5546,.T.);
#5546 = EDGE_LOOP('',(#5547,#5568,#5569,#5590));
#5547 = ORIENTED_EDGE('',*,*,#5548,.F.);
#5548 = EDGE_CURVE('',#5317,#5432,#5549,.T.);
#5549 = SURFACE_CURVE('',#5550,(#5554,#5561),.PCURVE_S1.);
#5550 = LINE('',#5551,#5552);
#5551 = CARTESIAN_POINT('',(0.,900.,298.8));
#5552 = VECTOR('',#5553,1.);
#5553 = DIRECTION('',(1.,0.,0.));
#5554 = PCURVE('',#5360,#5555);
#5555 = DEFINITIONAL_REPRESENTATION('',(#5556),#5560);
#5556 = LINE('',#5557,#5558);
#5557 = CARTESIAN_POINT('',(0.,0.));
#5558 = VECTOR('',#5559,1.);
#5559 = DIRECTION('',(0.,1.));
#5560 = ( GEOMETRIC_REPRESENTATION_CONTEXT(2) 
PARAMETRIC_REPRESENTATION_CONTEXT() REPRESENTATION_CONTEXT('2D SPACE',''
  ) );
#5561 = PCURVE('',#5332,#5562);
#5562 = DEFINITIONAL_REPRESENTATION('',(#5563),#5567);
#5563 = LINE('',#5564,#5565);
#5564 = CARTESIAN_POINT('',(0.,818.8));
#5565 = VECTOR('',#5566,1.);
#5566 = DIRECTION('',(1.,0.));
#5567 = ( GEOMETRIC_REPRESENTATION_CONTEXT(2) 
PARAMETRIC_REPRESENTATION_CONTEXT() REPRESENTATION_CONTEXT('2D SPACE',''
  ) );
#5568 = ORIENTED_EDGE('',*,*,#5344,.T.);
#5569 = ORIENTED_EDGE('',*,*,#5570,.T.);
#5570 = EDGE_CURVE('',#5345,#5455,#5571,.T.);
#5571 = SURFACE_CURVE('',#5572,(#5576,#5583),.PCURVE_S1.);
#5572 = LINE('',#5573,#5574);
#5573 = CARTESIAN_POINT('',(0.,900.,300.));
#5574 = VECTOR('',#5575,1.);
#5575 = DIRECTION('',(1.,0.,0.));
#5576 = PCURVE('',#5360,#5577);
#5577 = DEFINITIONAL_REPRESENTATION('',(#5578),#5582);
#5578 = LINE('',#5579,#5580);
#5579 = CARTESIAN_POINT('',(1.2,0.));
#5580 = VECTOR('',#5581,1.);
#5581 = DIRECTION('',(0.,1.));
#5582 = ( GEOMETRIC_REPRESENTATION_CONTEXT(2) 
PARAMETRIC_REPRESENTATION_CONTEXT() REPRESENTATION_CONTEXT('2D SPACE',''
  ) );
#5583 = PCURVE('',#5386,#5584);
#5584 = DEFINITIONAL_REPRESENTATION('',(#5585),#5589);
#5585 = LINE('',#5586,#5587);
#5586 = CARTESIAN_POINT('',(0.,818.8));
#5587 = VECTOR('',#5588,1.);
#5588 = DIRECTION('',(1.,0.));
#5589 = ( GEOMETRIC_REPRESENTATION_CONTEXT(2) 
PARAMETRIC_REPRESENTATION_CONTEXT() REPRESENTATION_CONTEXT('2D SPACE',''
  ) );
#5590 = ORIENTED_EDGE('',*,*,#5454,.F.);
#5591 = ADVANCED_FACE('',(#5592),#5332,.F.);
#5592 = FACE_BOUND('',#5593,.F.);
#5593 = EDGE_LOOP('',(#5594,#5595,#5596,#5597));
#5594 = ORIENTED_EDGE('',*,*,#5316,.F.);
#5595 = ORIENTED_EDGE('',*,*,#5501,.T.);
#5596 = ORIENTED_EDGE('',*,*,#5431,.T.);
#5597 = ORIENTED_EDGE('',*,*,#5548,.F.);
#5598 = ADVANCED_FACE('',(#5599),#5386,.T.);
#5599 = FACE_BOUND('',#5600,.T.);
#5600 = EDGE_LOOP('',(#5601,#5602,#5603,#5604));
#5601 = ORIENTED_EDGE('',*,*,#5372,.F.);
#5602 = ORIENTED_EDGE('',*,*,#5523,.T.);
#5603 = ORIENTED_EDGE('',*,*,#5477,.T.);
#5604 = ORIENTED_EDGE('',*,*,#5570,.F.);
#5605 = ( GEOMETRIC_REPRESENTATION_CONTEXT(3) 
GLOBAL_UNCERTAINTY_ASSIGNED_CONTEXT((#5609)) 
GLOBAL_UNIT_ASSIGNED_CONTEXT((#5606,#5607,#5608)) REPRESENTATION_CONTEXT
('Context #1','3D Context with UNIT and UNCERTAINTY') );
#5606 = ( LENGTH_UNIT() NAMED_UNIT(*) SI_UNIT(.MILLI.,.METRE.) );
#5607 = ( NAMED_UNIT(*) PLANE_ANGLE_UNIT() SI_UNIT($,.RADIAN.) );
#5608 = ( NAMED_UNIT(*) SI_UNIT($,.STERADIAN.) SOLID_ANGLE_UNIT() );
#5609 = UNCERTAINTY_MEASURE_WITH_UNIT(LENGTH_MEASURE(1.E-07),#5606,
  'distance_accuracy_value','confusion accuracy');
#5610 = CONTEXT_DEPENDENT_SHAPE_REPRESENTATION(#5611,#5613);
#5611 = ( REPRESENTATION_RELATIONSHIP('','',#5274,#10) 
REPRESENTATION_RELATIONSHIP_WITH_TRANSFORMATION(#5612) 
SHAPE_REPRESENTATION_RELATIONSHIP() );
#5612 = ITEM_DEFINED_TRANSFORMATION('','',#11,#71);
#5613 = PRODUCT_DEFINITION_SHAPE('Placement','Placement of an item',
  #5614);
#5614 = NEXT_ASSEMBLY_USAGE_OCCURRENCE('105','FLOOR','',#5,#5269,$);
#5615 = PRODUCT_RELATED_PRODUCT_CATEGORY('part',$,(#5271));
#5616 = SHAPE_DEFINITION_REPRESENTATION(#5617,#5623);
#5617 = PRODUCT_DEFINITION_SHAPE('','',#5618);
#5618 = PRODUCT_DEFINITION('design','',#5619,#5622);
#5619 = PRODUCT_DEFINITION_FORMATION('','',#5620);
#5620 = PRODUCT('SPOT_S00','SPOT_S00','',(#5621));
#5621 = PRODUCT_CONTEXT('',#2,'mechanical');
#5622 = PRODUCT_DEFINITION_CONTEXT('part definition',#2,'design');
#5623 = ADVANCED_BREP_SHAPE_REPRESENTATION('',(#11,#5624),#5636);
#5624 = MANIFOLD_SOLID_BREP('',#5625);
#5625 = CLOSED_SHELL('',(#5626));
#5626 = ADVANCED_FACE('',(#5627),#5631,.T.);
#5627 = FACE_BOUND('',#5628,.T.);
#5628 = VERTEX_LOOP('',#5629);
#5629 = VERTEX_POINT('',#5630);
#5630 = CARTESIAN_POINT('',(100.,-1.2,559.5));
#5631 = SPHERICAL_SURFACE('',#5632,3.);
#5632 = AXIS2_PLACEMENT_3D('',#5633,#5634,#5635);
#5633 = CARTESIAN_POINT('',(100.,-1.2,562.5));
#5634 = DIRECTION('',(0.,0.,1.));
#5635 = DIRECTION('',(1.,0.,0.));
#5636 = ( GEOMETRIC_REPRESENTATION_CONTEXT(3) 
GLOBAL_UNCERTAINTY_ASSIGNED_CONTEXT((#5640)) 
GLOBAL_UNIT_ASSIGNED_CONTEXT((#5637,#5638,#5639)) REPRESENTATION_CONTEXT
('Context #1','3D Context with UNIT and UNCERTAINTY') );
#5637 = ( LENGTH_UNIT() NAMED_UNIT(*) SI_UNIT(.MILLI.,.METRE.) );
#5638 = ( NAMED_UNIT(*) PLANE_ANGLE_UNIT() SI_UNIT($,.RADIAN.) );
#5639 = ( NAMED_UNIT(*) SI_UNIT($,.STERADIAN.) SOLID_ANGLE_UNIT() );
#5640 = UNCERTAINTY_MEASURE_WITH_UNIT(LENGTH_MEASURE(1.E-07),#5637,
  'distance_accuracy_value','confusion accuracy');
#5641 = CONTEXT_DEPENDENT_SHAPE_REPRESENTATION(#5642,#5644);
#5642 = ( REPRESENTATION_RELATIONSHIP('','',#5623,#10) 
REPRESENTATION_RELATIONSHIP_WITH_TRANSFORMATION(#5643) 
SHAPE_REPRESENTATION_RELATIONSHIP() );
#5643 = ITEM_DEFINED_TRANSFORMATION('','',#11,#75);
#5644 = PRODUCT_DEFINITION_SHAPE('Placement','Placement of an item',
  #5645);
#5645 = NEXT_ASSEMBLY_USAGE_OCCURRENCE('106','SPOT_S00','',#5,#5618,$);
#5646 = PRODUCT_RELATED_PRODUCT_CATEGORY('part',$,(#5620));
#5647 = SHAPE_DEFINITION_REPRESENTATION(#5648,#5654);
#5648 = PRODUCT_DEFINITION_SHAPE('','',#5649);
#5649 = PRODUCT_DEFINITION('design','',#5650,#5653);
#5650 = PRODUCT_DEFINITION_FORMATION('','',#5651);
#5651 = PRODUCT('SPOT_S01','SPOT_S01','',(#5652));
#5652 = PRODUCT_CONTEXT('',#2,'mechanical');
#5653 = PRODUCT_DEFINITION_CONTEXT('part definition',#2,'design');
#5654 = ADVANCED_BREP_SHAPE_REPRESENTATION('',(#11,#5655),#5667);
#5655 = MANIFOLD_SOLID_BREP('',#5656);
#5656 = CLOSED_SHELL('',(#5657));
#5657 = ADVANCED_FACE('',(#5658),#5662,.T.);
#5658 = FACE_BOUND('',#5659,.T.);
#5659 = VERTEX_LOOP('',#5660);
#5660 = VERTEX_POINT('',#5661);
#5661 = CARTESIAN_POINT('',(145.,-1.2,559.5));
#5662 = SPHERICAL_SURFACE('',#5663,3.);
#5663 = AXIS2_PLACEMENT_3D('',#5664,#5665,#5666);
#5664 = CARTESIAN_POINT('',(145.,-1.2,562.5));
#5665 = DIRECTION('',(0.,0.,1.));
#5666 = DIRECTION('',(1.,0.,0.));
#5667 = ( GEOMETRIC_REPRESENTATION_CONTEXT(3) 
GLOBAL_UNCERTAINTY_ASSIGNED_CONTEXT((#5671)) 
GLOBAL_UNIT_ASSIGNED_CONTEXT((#5668,#5669,#5670)) REPRESENTATION_CONTEXT
('Context #1','3D Context with UNIT and UNCERTAINTY') );
#5668 = ( LENGTH_UNIT() NAMED_UNIT(*) SI_UNIT(.MILLI.,.METRE.) );
#5669 = ( NAMED_UNIT(*) PLANE_ANGLE_UNIT() SI_UNIT($,.RADIAN.) );
#5670 = ( NAMED_UNIT(*) SI_UNIT($,.STERADIAN.) SOLID_ANGLE_UNIT() );
#5671 = UNCERTAINTY_MEASURE_WITH_UNIT(LENGTH_MEASURE(1.E-07),#5668,
  'distance_accuracy_value','confusion accuracy');
#5672 = CONTEXT_DEPENDENT_SHAPE_REPRESENTATION(#5673,#5675);
#5673 = ( REPRESENTATION_RELATIONSHIP('','',#5654,#10) 
REPRESENTATION_RELATIONSHIP_WITH_TRANSFORMATION(#5674) 
SHAPE_REPRESENTATION_RELATIONSHIP() );
#5674 = ITEM_DEFINED_TRANSFORMATION('','',#11,#79);
#5675 = PRODUCT_DEFINITION_SHAPE('Placement','Placement of an item',
  #5676);
#5676 = NEXT_ASSEMBLY_USAGE_OCCURRENCE('107','SPOT_S01','',#5,#5649,$);
#5677 = PRODUCT_RELATED_PRODUCT_CATEGORY('part',$,(#5651));
#5678 = SHAPE_DEFINITION_REPRESENTATION(#5679,#5685);
#5679 = PRODUCT_DEFINITION_SHAPE('','',#5680);
#5680 = PRODUCT_DEFINITION('design','',#5681,#5684);
#5681 = PRODUCT_DEFINITION_FORMATION('','',#5682);
#5682 = PRODUCT('SPOT_S02','SPOT_S02','',(#5683));
#5683 = PRODUCT_CONTEXT('',#2,'mechanical');
#5684 = PRODUCT_DEFINITION_CONTEXT('part definition',#2,'design');
#5685 = ADVANCED_BREP_SHAPE_REPRESENTATION('',(#11,#5686),#5698);
#5686 = MANIFOLD_SOLID_BREP('',#5687);
#5687 = CLOSED_SHELL('',(#5688));
#5688 = ADVANCED_FACE('',(#5689),#5693,.T.);
#5689 = FACE_BOUND('',#5690,.T.);
#5690 = VERTEX_LOOP('',#5691);
#5691 = VERTEX_POINT('',#5692);
#5692 = CARTESIAN_POINT('',(190.,-1.2,559.5));
#5693 = SPHERICAL_SURFACE('',#5694,3.);
#5694 = AXIS2_PLACEMENT_3D('',#5695,#5696,#5697);
#5695 = CARTESIAN_POINT('',(190.,-1.2,562.5));
#5696 = DIRECTION('',(0.,0.,1.));
#5697 = DIRECTION('',(1.,0.,0.));
#5698 = ( GEOMETRIC_REPRESENTATION_CONTEXT(3) 
GLOBAL_UNCERTAINTY_ASSIGNED_CONTEXT((#5702)) 
GLOBAL_UNIT_ASSIGNED_CONTEXT((#5699,#5700,#5701)) REPRESENTATION_CONTEXT
('Context #1','3D Context with UNIT and UNCERTAINTY') );
#5699 = ( LENGTH_UNIT() NAMED_UNIT(*) SI_UNIT(.MILLI.,.METRE.) );
#5700 = ( NAMED_UNIT(*) PLANE_ANGLE_UNIT() SI_UNIT($,.RADIAN.) );
#5701 = ( NAMED_UNIT(*) SI_UNIT($,.STERADIAN.) SOLID_ANGLE_UNIT() );
#5702 = UNCERTAINTY_MEASURE_WITH_UNIT(LENGTH_MEASURE(1.E-07),#5699,
  'distance_accuracy_value','confusion accuracy');
#5703 = CONTEXT_DEPENDENT_SHAPE_REPRESENTATION(#5704,#5706);
#5704 = ( REPRESENTATION_RELATIONSHIP('','',#5685,#10) 
REPRESENTATION_RELATIONSHIP_WITH_TRANSFORMATION(#5705) 
SHAPE_REPRESENTATION_RELATIONSHIP() );
#5705 = ITEM_DEFINED_TRANSFORMATION('','',#11,#83);
#5706 = PRODUCT_DEFINITION_SHAPE('Placement','Placement of an item',
  #5707);
#5707 = NEXT_ASSEMBLY_USAGE_OCCURRENCE('108','SPOT_S02','',#5,#5680,$);
#5708 = PRODUCT_RELATED_PRODUCT_CATEGORY('part',$,(#5682));
#5709 = SHAPE_DEFINITION_REPRESENTATION(#5710,#5716);
#5710 = PRODUCT_DEFINITION_SHAPE('','',#5711);
#5711 = PRODUCT_DEFINITION('design','',#5712,#5715);
#5712 = PRODUCT_DEFINITION_FORMATION('','',#5713);
#5713 = PRODUCT('SPOT_S03','SPOT_S03','',(#5714));
#5714 = PRODUCT_CONTEXT('',#2,'mechanical');
#5715 = PRODUCT_DEFINITION_CONTEXT('part definition',#2,'design');
#5716 = ADVANCED_BREP_SHAPE_REPRESENTATION('',(#11,#5717),#5729);
#5717 = MANIFOLD_SOLID_BREP('',#5718);
#5718 = CLOSED_SHELL('',(#5719));
#5719 = ADVANCED_FACE('',(#5720),#5724,.T.);
#5720 = FACE_BOUND('',#5721,.T.);
#5721 = VERTEX_LOOP('',#5722);
#5722 = VERTEX_POINT('',#5723);
#5723 = CARTESIAN_POINT('',(235.,-1.2,559.5));
#5724 = SPHERICAL_SURFACE('',#5725,3.);
#5725 = AXIS2_PLACEMENT_3D('',#5726,#5727,#5728);
#5726 = CARTESIAN_POINT('',(235.,-1.2,562.5));
#5727 = DIRECTION('',(0.,0.,1.));
#5728 = DIRECTION('',(1.,0.,0.));
#5729 = ( GEOMETRIC_REPRESENTATION_CONTEXT(3) 
GLOBAL_UNCERTAINTY_ASSIGNED_CONTEXT((#5733)) 
GLOBAL_UNIT_ASSIGNED_CONTEXT((#5730,#5731,#5732)) REPRESENTATION_CONTEXT
('Context #1','3D Context with UNIT and UNCERTAINTY') );
#5730 = ( LENGTH_UNIT() NAMED_UNIT(*) SI_UNIT(.MILLI.,.METRE.) );
#5731 = ( NAMED_UNIT(*) PLANE_ANGLE_UNIT() SI_UNIT($,.RADIAN.) );
#5732 = ( NAMED_UNIT(*) SI_UNIT($,.STERADIAN.) SOLID_ANGLE_UNIT() );
#5733 = UNCERTAINTY_MEASURE_WITH_UNIT(LENGTH_MEASURE(1.E-07),#5730,
  'distance_accuracy_value','confusion accuracy');
#5734 = CONTEXT_DEPENDENT_SHAPE_REPRESENTATION(#5735,#5737);
#5735 = ( REPRESENTATION_RELATIONSHIP('','',#5716,#10) 
REPRESENTATION_RELATIONSHIP_WITH_TRANSFORMATION(#5736) 
SHAPE_REPRESENTATION_RELATIONSHIP() );
#5736 = ITEM_DEFINED_TRANSFORMATION('','',#11,#87);
#5737 = PRODUCT_DEFINITION_SHAPE('Placement','Placement of an item',
  #5738);
#5738 = NEXT_ASSEMBLY_USAGE_OCCURRENCE('109','SPOT_S03','',#5,#5711,$);
#5739 = PRODUCT_RELATED_PRODUCT_CATEGORY('part',$,(#5713));
#5740 = SHAPE_DEFINITION_REPRESENTATION(#5741,#5747);
#5741 = PRODUCT_DEFINITION_SHAPE('','',#5742);
#5742 = PRODUCT_DEFINITION('design','',#5743,#5746);
#5743 = PRODUCT_DEFINITION_FORMATION('','',#5744);
#5744 = PRODUCT('SPOT_S04','SPOT_S04','',(#5745));
#5745 = PRODUCT_CONTEXT('',#2,'mechanical');
#5746 = PRODUCT_DEFINITION_CONTEXT('part definition',#2,'design');
#5747 = ADVANCED_BREP_SHAPE_REPRESENTATION('',(#11,#5748),#5760);
#5748 = MANIFOLD_SOLID_BREP('',#5749);
#5749 = CLOSED_SHELL('',(#5750));
#5750 = ADVANCED_FACE('',(#5751),#5755,.T.);
#5751 = FACE_BOUND('',#5752,.T.);
#5752 = VERTEX_LOOP('',#5753);
#5753 = VERTEX_POINT('',#5754);
#5754 = CARTESIAN_POINT('',(280.,-1.2,559.5));
#5755 = SPHERICAL_SURFACE('',#5756,3.);
#5756 = AXIS2_PLACEMENT_3D('',#5757,#5758,#5759);
#5757 = CARTESIAN_POINT('',(280.,-1.2,562.5));
#5758 = DIRECTION('',(0.,0.,1.));
#5759 = DIRECTION('',(1.,0.,0.));
#5760 = ( GEOMETRIC_REPRESENTATION_CONTEXT(3) 
GLOBAL_UNCERTAINTY_ASSIGNED_CONTEXT((#5764)) 
GLOBAL_UNIT_ASSIGNED_CONTEXT((#5761,#5762,#5763)) REPRESENTATION_CONTEXT
('Context #1','3D Context with UNIT and UNCERTAINTY') );
#5761 = ( LENGTH_UNIT() NAMED_UNIT(*) SI_UNIT(.MILLI.,.METRE.) );
#5762 = ( NAMED_UNIT(*) PLANE_ANGLE_UNIT() SI_UNIT($,.RADIAN.) );
#5763 = ( NAMED_UNIT(*) SI_UNIT($,.STERADIAN.) SOLID_ANGLE_UNIT() );
#5764 = UNCERTAINTY_MEASURE_WITH_UNIT(LENGTH_MEASURE(1.E-07),#5761,
  'distance_accuracy_value','confusion accuracy');
#5765 = CONTEXT_DEPENDENT_SHAPE_REPRESENTATION(#5766,#5768);
#5766 = ( REPRESENTATION_RELATIONSHIP('','',#5747,#10) 
REPRESENTATION_RELATIONSHIP_WITH_TRANSFORMATION(#5767) 
SHAPE_REPRESENTATION_RELATIONSHIP() );
#5767 = ITEM_DEFINED_TRANSFORMATION('','',#11,#91);
#5768 = PRODUCT_DEFINITION_SHAPE('Placement','Placement of an item',
  #5769);
#5769 = NEXT_ASSEMBLY_USAGE_OCCURRENCE('110','SPOT_S04','',#5,#5742,$);
#5770 = PRODUCT_RELATED_PRODUCT_CATEGORY('part',$,(#5744));
#5771 = SHAPE_DEFINITION_REPRESENTATION(#5772,#5778);
#5772 = PRODUCT_DEFINITION_SHAPE('','',#5773);
#5773 = PRODUCT_DEFINITION('design','',#5774,#5777);
#5774 = PRODUCT_DEFINITION_FORMATION('','',#5775);
#5775 = PRODUCT('SPOT_S05','SPOT_S05','',(#5776));
#5776 = PRODUCT_CONTEXT('',#2,'mechanical');
#5777 = PRODUCT_DEFINITION_CONTEXT('part definition',#2,'design');
#5778 = ADVANCED_BREP_SHAPE_REPRESENTATION('',(#11,#5779),#5791);
#5779 = MANIFOLD_SOLID_BREP('',#5780);
#5780 = CLOSED_SHELL('',(#5781));
#5781 = ADVANCED_FACE('',(#5782),#5786,.T.);
#5782 = FACE_BOUND('',#5783,.T.);
#5783 = VERTEX_LOOP('',#5784);
#5784 = VERTEX_POINT('',#5785);
#5785 = CARTESIAN_POINT('',(325.,-1.2,559.5));
#5786 = SPHERICAL_SURFACE('',#5787,3.);
#5787 = AXIS2_PLACEMENT_3D('',#5788,#5789,#5790);
#5788 = CARTESIAN_POINT('',(325.,-1.2,562.5));
#5789 = DIRECTION('',(0.,0.,1.));
#5790 = DIRECTION('',(1.,0.,0.));
#5791 = ( GEOMETRIC_REPRESENTATION_CONTEXT(3) 
GLOBAL_UNCERTAINTY_ASSIGNED_CONTEXT((#5795)) 
GLOBAL_UNIT_ASSIGNED_CONTEXT((#5792,#5793,#5794)) REPRESENTATION_CONTEXT
('Context #1','3D Context with UNIT and UNCERTAINTY') );
#5792 = ( LENGTH_UNIT() NAMED_UNIT(*) SI_UNIT(.MILLI.,.METRE.) );
#5793 = ( NAMED_UNIT(*) PLANE_ANGLE_UNIT() SI_UNIT($,.RADIAN.) );
#5794 = ( NAMED_UNIT(*) SI_UNIT($,.STERADIAN.) SOLID_ANGLE_UNIT() );
#5795 = UNCERTAINTY_MEASURE_WITH_UNIT(LENGTH_MEASURE(1.E-07),#5792,
  'distance_accuracy_value','confusion accuracy');
#5796 = CONTEXT_DEPENDENT_SHAPE_REPRESENTATION(#5797,#5799);
#5797 = ( REPRESENTATION_RELATIONSHIP('','',#5778,#10) 
REPRESENTATION_RELATIONSHIP_WITH_TRANSFORMATION(#5798) 
SHAPE_REPRESENTATION_RELATIONSHIP() );
#5798 = ITEM_DEFINED_TRANSFORMATION('','',#11,#95);
#5799 = PRODUCT_DEFINITION_SHAPE('Placement','Placement of an item',
  #5800);
#5800 = NEXT_ASSEMBLY_USAGE_OCCURRENCE('111','SPOT_S05','',#5,#5773,$);
#5801 = PRODUCT_RELATED_PRODUCT_CATEGORY('part',$,(#5775));
#5802 = SHAPE_DEFINITION_REPRESENTATION(#5803,#5809);
#5803 = PRODUCT_DEFINITION_SHAPE('','',#5804);
#5804 = PRODUCT_DEFINITION('design','',#5805,#5808);
#5805 = PRODUCT_DEFINITION_FORMATION('','',#5806);
#5806 = PRODUCT('SPOT_S06','SPOT_S06','',(#5807));
#5807 = PRODUCT_CONTEXT('',#2,'mechanical');
#5808 = PRODUCT_DEFINITION_CONTEXT('part definition',#2,'design');
#5809 = ADVANCED_BREP_SHAPE_REPRESENTATION('',(#11,#5810),#5822);
#5810 = MANIFOLD_SOLID_BREP('',#5811);
#5811 = CLOSED_SHELL('',(#5812));
#5812 = ADVANCED_FACE('',(#5813),#5817,.T.);
#5813 = FACE_BOUND('',#5814,.T.);
#5814 = VERTEX_LOOP('',#5815);
#5815 = VERTEX_POINT('',#5816);
#5816 = CARTESIAN_POINT('',(370.,-1.2,559.5));
#5817 = SPHERICAL_SURFACE('',#5818,3.);
#5818 = AXIS2_PLACEMENT_3D('',#5819,#5820,#5821);
#5819 = CARTESIAN_POINT('',(370.,-1.2,562.5));
#5820 = DIRECTION('',(0.,0.,1.));
#5821 = DIRECTION('',(1.,0.,0.));
#5822 = ( GEOMETRIC_REPRESENTATION_CONTEXT(3) 
GLOBAL_UNCERTAINTY_ASSIGNED_CONTEXT((#5826)) 
GLOBAL_UNIT_ASSIGNED_CONTEXT((#5823,#5824,#5825)) REPRESENTATION_CONTEXT
('Context #1','3D Context with UNIT and UNCERTAINTY') );
#5823 = ( LENGTH_UNIT() NAMED_UNIT(*) SI_UNIT(.MILLI.,.METRE.) );
#5824 = ( NAMED_UNIT(*) PLANE_ANGLE_UNIT() SI_UNIT($,.RADIAN.) );
#5825 = ( NAMED_UNIT(*) SI_UNIT($,.STERADIAN.) SOLID_ANGLE_UNIT() );
#5826 = UNCERTAINTY_MEASURE_WITH_UNIT(LENGTH_MEASURE(1.E-07),#5823,
  'distance_accuracy_value','confusion accuracy');
#5827 = CONTEXT_DEPENDENT_SHAPE_REPRESENTATION(#5828,#5830);
#5828 = ( REPRESENTATION_RELATIONSHIP('','',#5809,#10) 
REPRESENTATION_RELATIONSHIP_WITH_TRANSFORMATION(#5829) 
SHAPE_REPRESENTATION_RELATIONSHIP() );
#5829 = ITEM_DEFINED_TRANSFORMATION('','',#11,#99);
#5830 = PRODUCT_DEFINITION_SHAPE('Placement','Placement of an item',
  #5831);
#5831 = NEXT_ASSEMBLY_USAGE_OCCURRENCE('112','SPOT_S06','',#5,#5804,$);
#5832 = PRODUCT_RELATED_PRODUCT_CATEGORY('part',$,(#5806));
#5833 = SHAPE_DEFINITION_REPRESENTATION(#5834,#5840);
#5834 = PRODUCT_DEFINITION_SHAPE('','',#5835);
#5835 = PRODUCT_DEFINITION('design','',#5836,#5839);
#5836 = PRODUCT_DEFINITION_FORMATION('','',#5837);
#5837 = PRODUCT('SPOT_S07','SPOT_S07','',(#5838));
#5838 = PRODUCT_CONTEXT('',#2,'mechanical');
#5839 = PRODUCT_DEFINITION_CONTEXT('part definition',#2,'design');
#5840 = ADVANCED_BREP_SHAPE_REPRESENTATION('',(#11,#5841),#5853);
#5841 = MANIFOLD_SOLID_BREP('',#5842);
#5842 = CLOSED_SHELL('',(#5843));
#5843 = ADVANCED_FACE('',(#5844),#5848,.T.);
#5844 = FACE_BOUND('',#5845,.T.);
#5845 = VERTEX_LOOP('',#5846);
#5846 = VERTEX_POINT('',#5847);
#5847 = CARTESIAN_POINT('',(415.,-1.2,559.5));
#5848 = SPHERICAL_SURFACE('',#5849,3.);
#5849 = AXIS2_PLACEMENT_3D('',#5850,#5851,#5852);
#5850 = CARTESIAN_POINT('',(415.,-1.2,562.5));
#5851 = DIRECTION('',(0.,0.,1.));
#5852 = DIRECTION('',(1.,0.,0.));
#5853 = ( GEOMETRIC_REPRESENTATION_CONTEXT(3) 
GLOBAL_UNCERTAINTY_ASSIGNED_CONTEXT((#5857)) 
GLOBAL_UNIT_ASSIGNED_CONTEXT((#5854,#5855,#5856)) REPRESENTATION_CONTEXT
('Context #1','3D Context with UNIT and UNCERTAINTY') );
#5854 = ( LENGTH_UNIT() NAMED_UNIT(*) SI_UNIT(.MILLI.,.METRE.) );
#5855 = ( NAMED_UNIT(*) PLANE_ANGLE_UNIT() SI_UNIT($,.RADIAN.) );
#5856 = ( NAMED_UNIT(*) SI_UNIT($,.STERADIAN.) SOLID_ANGLE_UNIT() );
#5857 = UNCERTAINTY_MEASURE_WITH_UNIT(LENGTH_MEASURE(1.E-07),#5854,
  'distance_accuracy_value','confusion accuracy');
#5858 = CONTEXT_DEPENDENT_SHAPE_REPRESENTATION(#5859,#5861);
#5859 = ( REPRESENTATION_RELATIONSHIP('','',#5840,#10) 
REPRESENTATION_RELATIONSHIP_WITH_TRANSFORMATION(#5860) 
SHAPE_REPRESENTATION_RELATIONSHIP() );
#5860 = ITEM_DEFINED_TRANSFORMATION('','',#11,#103);
#5861 = PRODUCT_DEFINITION_SHAPE('Placement','Placement of an item',
  #5862);
#5862 = NEXT_ASSEMBLY_USAGE_OCCURRENCE('113','SPOT_S07','',#5,#5835,$);
#5863 = PRODUCT_RELATED_PRODUCT_CATEGORY('part',$,(#5837));
#5864 = SHAPE_DEFINITION_REPRESENTATION(#5865,#5871);
#5865 = PRODUCT_DEFINITION_SHAPE('','',#5866);
#5866 = PRODUCT_DEFINITION('design','',#5867,#5870);
#5867 = PRODUCT_DEFINITION_FORMATION('','',#5868);
#5868 = PRODUCT('SPOT_S08','SPOT_S08','',(#5869));
#5869 = PRODUCT_CONTEXT('',#2,'mechanical');
#5870 = PRODUCT_DEFINITION_CONTEXT('part definition',#2,'design');
#5871 = ADVANCED_BREP_SHAPE_REPRESENTATION('',(#11,#5872),#5884);
#5872 = MANIFOLD_SOLID_BREP('',#5873);
#5873 = CLOSED_SHELL('',(#5874));
#5874 = ADVANCED_FACE('',(#5875),#5879,.T.);
#5875 = FACE_BOUND('',#5876,.T.);
#5876 = VERTEX_LOOP('',#5877);
#5877 = VERTEX_POINT('',#5878);
#5878 = CARTESIAN_POINT('',(460.,-1.2,559.5));
#5879 = SPHERICAL_SURFACE('',#5880,3.);
#5880 = AXIS2_PLACEMENT_3D('',#5881,#5882,#5883);
#5881 = CARTESIAN_POINT('',(460.,-1.2,562.5));
#5882 = DIRECTION('',(0.,0.,1.));
#5883 = DIRECTION('',(1.,0.,0.));
#5884 = ( GEOMETRIC_REPRESENTATION_CONTEXT(3) 
GLOBAL_UNCERTAINTY_ASSIGNED_CONTEXT((#5888)) 
GLOBAL_UNIT_ASSIGNED_CONTEXT((#5885,#5886,#5887)) REPRESENTATION_CONTEXT
('Context #1','3D Context with UNIT and UNCERTAINTY') );
#5885 = ( LENGTH_UNIT() NAMED_UNIT(*) SI_UNIT(.MILLI.,.METRE.) );
#5886 = ( NAMED_UNIT(*) PLANE_ANGLE_UNIT() SI_UNIT($,.RADIAN.) );
#5887 = ( NAMED_UNIT(*) SI_UNIT($,.STERADIAN.) SOLID_ANGLE_UNIT() );
#5888 = UNCERTAINTY_MEASURE_WITH_UNIT(LENGTH_MEASURE(1.E-07),#5885,
  'distance_accuracy_value','confusion accuracy');
#5889 = CONTEXT_DEPENDENT_SHAPE_REPRESENTATION(#5890,#5892);
#5890 = ( REPRESENTATION_RELATIONSHIP('','',#5871,#10) 
REPRESENTATION_RELATIONSHIP_WITH_TRANSFORMATION(#5891) 
SHAPE_REPRESENTATION_RELATIONSHIP() );
#5891 = ITEM_DEFINED_TRANSFORMATION('','',#11,#107);
#5892 = PRODUCT_DEFINITION_SHAPE('Placement','Placement of an item',
  #5893);
#5893 = NEXT_ASSEMBLY_USAGE_OCCURRENCE('114','SPOT_S08','',#5,#5866,$);
#5894 = PRODUCT_RELATED_PRODUCT_CATEGORY('part',$,(#5868));
#5895 = SHAPE_DEFINITION_REPRESENTATION(#5896,#5902);
#5896 = PRODUCT_DEFINITION_SHAPE('','',#5897);
#5897 = PRODUCT_DEFINITION('design','',#5898,#5901);
#5898 = PRODUCT_DEFINITION_FORMATION('','',#5899);
#5899 = PRODUCT('SPOT_S09','SPOT_S09','',(#5900));
#5900 = PRODUCT_CONTEXT('',#2,'mechanical');
#5901 = PRODUCT_DEFINITION_CONTEXT('part definition',#2,'design');
#5902 = ADVANCED_BREP_SHAPE_REPRESENTATION('',(#11,#5903),#5915);
#5903 = MANIFOLD_SOLID_BREP('',#5904);
#5904 = CLOSED_SHELL('',(#5905));
#5905 = ADVANCED_FACE('',(#5906),#5910,.T.);
#5906 = FACE_BOUND('',#5907,.T.);
#5907 = VERTEX_LOOP('',#5908);
#5908 = VERTEX_POINT('',#5909);
#5909 = CARTESIAN_POINT('',(505.,-1.2,559.5));
#5910 = SPHERICAL_SURFACE('',#5911,3.);
#5911 = AXIS2_PLACEMENT_3D('',#5912,#5913,#5914);
#5912 = CARTESIAN_POINT('',(505.,-1.2,562.5));
#5913 = DIRECTION('',(0.,0.,1.));
#5914 = DIRECTION('',(1.,0.,0.));
#5915 = ( GEOMETRIC_REPRESENTATION_CONTEXT(3) 
GLOBAL_UNCERTAINTY_ASSIGNED_CONTEXT((#5919)) 
GLOBAL_UNIT_ASSIGNED_CONTEXT((#5916,#5917,#5918)) REPRESENTATION_CONTEXT
('Context #1','3D Context with UNIT and UNCERTAINTY') );
#5916 = ( LENGTH_UNIT() NAMED_UNIT(*) SI_UNIT(.MILLI.,.METRE.) );
#5917 = ( NAMED_UNIT(*) PLANE_ANGLE_UNIT() SI_UNIT($,.RADIAN.) );
#5918 = ( NAMED_UNIT(*) SI_UNIT($,.STERADIAN.) SOLID_ANGLE_UNIT() );
#5919 = UNCERTAINTY_MEASURE_WITH_UNIT(LENGTH_MEASURE(1.E-07),#5916,
  'distance_accuracy_value','confusion accuracy');
#5920 = CONTEXT_DEPENDENT_SHAPE_REPRESENTATION(#5921,#5923);
#5921 = ( REPRESENTATION_RELATIONSHIP('','',#5902,#10) 
REPRESENTATION_RELATIONSHIP_WITH_TRANSFORMATION(#5922) 
SHAPE_REPRESENTATION_RELATIONSHIP() );
#5922 = ITEM_DEFINED_TRANSFORMATION('','',#11,#111);
#5923 = PRODUCT_DEFINITION_SHAPE('Placement','Placement of an item',
  #5924);
#5924 = NEXT_ASSEMBLY_USAGE_OCCURRENCE('115','SPOT_S09','',#5,#5897,$);
#5925 = PRODUCT_RELATED_PRODUCT_CATEGORY('part',$,(#5899));
#5926 = SHAPE_DEFINITION_REPRESENTATION(#5927,#5933);
#5927 = PRODUCT_DEFINITION_SHAPE('','',#5928);
#5928 = PRODUCT_DEFINITION('design','',#5929,#5932);
#5929 = PRODUCT_DEFINITION_FORMATION('','',#5930);
#5930 = PRODUCT('SPOT_S10','SPOT_S10','',(#5931));
#5931 = PRODUCT_CONTEXT('',#2,'mechanical');
#5932 = PRODUCT_DEFINITION_CONTEXT('part definition',#2,'design');
#5933 = ADVANCED_BREP_SHAPE_REPRESENTATION('',(#11,#5934),#5946);
#5934 = MANIFOLD_SOLID_BREP('',#5935);
#5935 = CLOSED_SHELL('',(#5936));
#5936 = ADVANCED_FACE('',(#5937),#5941,.T.);
#5937 = FACE_BOUND('',#5938,.T.);
#5938 = VERTEX_LOOP('',#5939);
#5939 = VERTEX_POINT('',#5940);
#5940 = CARTESIAN_POINT('',(550.,-1.2,559.5));
#5941 = SPHERICAL_SURFACE('',#5942,3.);
#5942 = AXIS2_PLACEMENT_3D('',#5943,#5944,#5945);
#5943 = CARTESIAN_POINT('',(550.,-1.2,562.5));
#5944 = DIRECTION('',(0.,0.,1.));
#5945 = DIRECTION('',(1.,0.,0.));
#5946 = ( GEOMETRIC_REPRESENTATION_CONTEXT(3) 
GLOBAL_UNCERTAINTY_ASSIGNED_CONTEXT((#5950)) 
GLOBAL_UNIT_ASSIGNED_CONTEXT((#5947,#5948,#5949)) REPRESENTATION_CONTEXT
('Context #1','3D Context with UNIT and UNCERTAINTY') );
#5947 = ( LENGTH_UNIT() NAMED_UNIT(*) SI_UNIT(.MILLI.,.METRE.) );
#5948 = ( NAMED_UNIT(*) PLANE_ANGLE_UNIT() SI_UNIT($,.RADIAN.) );
#5949 = ( NAMED_UNIT(*) SI_UNIT($,.STERADIAN.) SOLID_ANGLE_UNIT() );
#5950 = UNCERTAINTY_MEASURE_WITH_UNIT(LENGTH_MEASURE(1.E-07),#5947,
  'distance_accuracy_value','confusion accuracy');
#5951 = CONTEXT_DEPENDENT_SHAPE_REPRESENTATION(#5952,#5954);
#5952 = ( REPRESENTATION_RELATIONSHIP('','',#5933,#10) 
REPRESENTATION_RELATIONSHIP_WITH_TRANSFORMATION(#5953) 
SHAPE_REPRESENTATION_RELATIONSHIP() );
#5953 = ITEM_DEFINED_TRANSFORMATION('','',#11,#115);
#5954 = PRODUCT_DEFINITION_SHAPE('Placement','Placement of an item',
  #5955);
#5955 = NEXT_ASSEMBLY_USAGE_OCCURRENCE('116','SPOT_S10','',#5,#5928,$);
#5956 = PRODUCT_RELATED_PRODUCT_CATEGORY('part',$,(#5930));
#5957 = SHAPE_DEFINITION_REPRESENTATION(#5958,#5964);
#5958 = PRODUCT_DEFINITION_SHAPE('','',#5959);
#5959 = PRODUCT_DEFINITION('design','',#5960,#5963);
#5960 = PRODUCT_DEFINITION_FORMATION('','',#5961);
#5961 = PRODUCT('SPOT_S11','SPOT_S11','',(#5962));
#5962 = PRODUCT_CONTEXT('',#2,'mechanical');
#5963 = PRODUCT_DEFINITION_CONTEXT('part definition',#2,'design');
#5964 = ADVANCED_BREP_SHAPE_REPRESENTATION('',(#11,#5965),#5977);
#5965 = MANIFOLD_SOLID_BREP('',#5966);
#5966 = CLOSED_SHELL('',(#5967));
#5967 = ADVANCED_FACE('',(#5968),#5972,.T.);
#5968 = FACE_BOUND('',#5969,.T.);
#5969 = VERTEX_LOOP('',#5970);
#5970 = VERTEX_POINT('',#5971);
#5971 = CARTESIAN_POINT('',(595.,-1.2,559.5));
#5972 = SPHERICAL_SURFACE('',#5973,3.);
#5973 = AXIS2_PLACEMENT_3D('',#5974,#5975,#5976);
#5974 = CARTESIAN_POINT('',(595.,-1.2,562.5));
#5975 = DIRECTION('',(0.,0.,1.));
#5976 = DIRECTION('',(1.,0.,0.));
#5977 = ( GEOMETRIC_REPRESENTATION_CONTEXT(3) 
GLOBAL_UNCERTAINTY_ASSIGNED_CONTEXT((#5981)) 
GLOBAL_UNIT_ASSIGNED_CONTEXT((#5978,#5979,#5980)) REPRESENTATION_CONTEXT
('Context #1','3D Context with UNIT and UNCERTAINTY') );
#5978 = ( LENGTH_UNIT() NAMED_UNIT(*) SI_UNIT(.MILLI.,.METRE.) );
#5979 = ( NAMED_UNIT(*) PLANE_ANGLE_UNIT() SI_UNIT($,.RADIAN.) );
#5980 = ( NAMED_UNIT(*) SI_UNIT($,.STERADIAN.) SOLID_ANGLE_UNIT() );
#5981 = UNCERTAINTY_MEASURE_WITH_UNIT(LENGTH_MEASURE(1.E-07),#5978,
  'distance_accuracy_value','confusion accuracy');
#5982 = CONTEXT_DEPENDENT_SHAPE_REPRESENTATION(#5983,#5985);
#5983 = ( REPRESENTATION_RELATIONSHIP('','',#5964,#10) 
REPRESENTATION_RELATIONSHIP_WITH_TRANSFORMATION(#5984) 
SHAPE_REPRESENTATION_RELATIONSHIP() );
#5984 = ITEM_DEFINED_TRANSFORMATION('','',#11,#119);
#5985 = PRODUCT_DEFINITION_SHAPE('Placement','Placement of an item',
  #5986);
#5986 = NEXT_ASSEMBLY_USAGE_OCCURRENCE('117','SPOT_S11','',#5,#5959,$);
#5987 = PRODUCT_RELATED_PRODUCT_CATEGORY('part',$,(#5961));
#5988 = SHAPE_DEFINITION_REPRESENTATION(#5989,#5995);
#5989 = PRODUCT_DEFINITION_SHAPE('','',#5990);
#5990 = PRODUCT_DEFINITION('design','',#5991,#5994);
#5991 = PRODUCT_DEFINITION_FORMATION('','',#5992);
#5992 = PRODUCT('SPOT_S12','SPOT_S12','',(#5993));
#5993 = PRODUCT_CONTEXT('',#2,'mechanical');
#5994 = PRODUCT_DEFINITION_CONTEXT('part definition',#2,'design');
#5995 = ADVANCED_BREP_SHAPE_REPRESENTATION('',(#11,#5996),#6008);
#5996 = MANIFOLD_SOLID_BREP('',#5997);
#5997 = CLOSED_SHELL('',(#5998));
#5998 = ADVANCED_FACE('',(#5999),#6003,.T.);
#5999 = FACE_BOUND('',#6000,.T.);
#6000 = VERTEX_LOOP('',#6001);
#6001 = VERTEX_POINT('',#6002);
#6002 = CARTESIAN_POINT('',(640.,-1.2,559.5));
#6003 = SPHERICAL_SURFACE('',#6004,3.);
#6004 = AXIS2_PLACEMENT_3D('',#6005,#6006,#6007);
#6005 = CARTESIAN_POINT('',(640.,-1.2,562.5));
#6006 = DIRECTION('',(0.,0.,1.));
#6007 = DIRECTION('',(1.,0.,0.));
#6008 = ( GEOMETRIC_REPRESENTATION_CONTEXT(3) 
GLOBAL_UNCERTAINTY_ASSIGNED_CONTEXT((#6012)) 
GLOBAL_UNIT_ASSIGNED_CONTEXT((#6009,#6010,#6011)) REPRESENTATION_CONTEXT
('Context #1','3D Context with UNIT and UNCERTAINTY') );
#6009 = ( LENGTH_UNIT() NAMED_UNIT(*) SI_UNIT(.MILLI.,.METRE.) );
#6010 = ( NAMED_UNIT(*) PLANE_ANGLE_UNIT() SI_UNIT($,.RADIAN.) );
#6011 = ( NAMED_UNIT(*) SI_UNIT($,.STERADIAN.) SOLID_ANGLE_UNIT() );
#6012 = UNCERTAINTY_MEASURE_WITH_UNIT(LENGTH_MEASURE(1.E-07),#6009,
  'distance_accuracy_value','confusion accuracy');
#6013 = CONTEXT_DEPENDENT_SHAPE_REPRESENTATION(#6014,#6016);
#6014 = ( REPRESENTATION_RELATIONSHIP('','',#5995,#10) 
REPRESENTATION_RELATIONSHIP_WITH_TRANSFORMATION(#6015) 
SHAPE_REPRESENTATION_RELATIONSHIP() );
#6015 = ITEM_DEFINED_TRANSFORMATION('','',#11,#123);
#6016 = PRODUCT_DEFINITION_SHAPE('Placement','Placement of an item',
  #6017);
#6017 = NEXT_ASSEMBLY_USAGE_OCCURRENCE('118','SPOT_S12','',#5,#5990,$);
#6018 = PRODUCT_RELATED_PRODUCT_CATEGORY('part',$,(#5992));
#6019 = SHAPE_DEFINITION_REPRESENTATION(#6020,#6026);
#6020 = PRODUCT_DEFINITION_SHAPE('','',#6021);
#6021 = PRODUCT_DEFINITION('design','',#6022,#6025);
#6022 = PRODUCT_DEFINITION_FORMATION('','',#6023);
#6023 = PRODUCT('SPOT_S13','SPOT_S13','',(#6024));
#6024 = PRODUCT_CONTEXT('',#2,'mechanical');
#6025 = PRODUCT_DEFINITION_CONTEXT('part definition',#2,'design');
#6026 = ADVANCED_BREP_SHAPE_REPRESENTATION('',(#11,#6027),#6039);
#6027 = MANIFOLD_SOLID_BREP('',#6028);
#6028 = CLOSED_SHELL('',(#6029));
#6029 = ADVANCED_FACE('',(#6030),#6034,.T.);
#6030 = FACE_BOUND('',#6031,.T.);
#6031 = VERTEX_LOOP('',#6032);
#6032 = VERTEX_POINT('',#6033);
#6033 = CARTESIAN_POINT('',(685.,-1.2,559.5));
#6034 = SPHERICAL_SURFACE('',#6035,3.);
#6035 = AXIS2_PLACEMENT_3D('',#6036,#6037,#6038);
#6036 = CARTESIAN_POINT('',(685.,-1.2,562.5));
#6037 = DIRECTION('',(0.,0.,1.));
#6038 = DIRECTION('',(1.,0.,0.));
#6039 = ( GEOMETRIC_REPRESENTATION_CONTEXT(3) 
GLOBAL_UNCERTAINTY_ASSIGNED_CONTEXT((#6043)) 
GLOBAL_UNIT_ASSIGNED_CONTEXT((#6040,#6041,#6042)) REPRESENTATION_CONTEXT
('Context #1','3D Context with UNIT and UNCERTAINTY') );
#6040 = ( LENGTH_UNIT() NAMED_UNIT(*) SI_UNIT(.MILLI.,.METRE.) );
#6041 = ( NAMED_UNIT(*) PLANE_ANGLE_UNIT() SI_UNIT($,.RADIAN.) );
#6042 = ( NAMED_UNIT(*) SI_UNIT($,.STERADIAN.) SOLID_ANGLE_UNIT() );
#6043 = UNCERTAINTY_MEASURE_WITH_UNIT(LENGTH_MEASURE(1.E-07),#6040,
  'distance_accuracy_value','confusion accuracy');
#6044 = CONTEXT_DEPENDENT_SHAPE_REPRESENTATION(#6045,#6047);
#6045 = ( REPRESENTATION_RELATIONSHIP('','',#6026,#10) 
REPRESENTATION_RELATIONSHIP_WITH_TRANSFORMATION(#6046) 
SHAPE_REPRESENTATION_RELATIONSHIP() );
#6046 = ITEM_DEFINED_TRANSFORMATION('','',#11,#127);
#6047 = PRODUCT_DEFINITION_SHAPE('Placement','Placement of an item',
  #6048);
#6048 = NEXT_ASSEMBLY_USAGE_OCCURRENCE('119','SPOT_S13','',#5,#6021,$);
#6049 = PRODUCT_RELATED_PRODUCT_CATEGORY('part',$,(#6023));
#6050 = SHAPE_DEFINITION_REPRESENTATION(#6051,#6057);
#6051 = PRODUCT_DEFINITION_SHAPE('','',#6052);
#6052 = PRODUCT_DEFINITION('design','',#6053,#6056);
#6053 = PRODUCT_DEFINITION_FORMATION('','',#6054);
#6054 = PRODUCT('SPOT_S14','SPOT_S14','',(#6055));
#6055 = PRODUCT_CONTEXT('',#2,'mechanical');
#6056 = PRODUCT_DEFINITION_CONTEXT('part definition',#2,'design');
#6057 = ADVANCED_BREP_SHAPE_REPRESENTATION('',(#11,#6058),#6070);
#6058 = MANIFOLD_SOLID_BREP('',#6059);
#6059 = CLOSED_SHELL('',(#6060));
#6060 = ADVANCED_FACE('',(#6061),#6065,.T.);
#6061 = FACE_BOUND('',#6062,.T.);
#6062 = VERTEX_LOOP('',#6063);
#6063 = VERTEX_POINT('',#6064);
#6064 = CARTESIAN_POINT('',(730.,-1.2,559.5));
#6065 = SPHERICAL_SURFACE('',#6066,3.);
#6066 = AXIS2_PLACEMENT_3D('',#6067,#6068,#6069);
#6067 = CARTESIAN_POINT('',(730.,-1.2,562.5));
#6068 = DIRECTION('',(0.,0.,1.));
#6069 = DIRECTION('',(1.,0.,0.));
#6070 = ( GEOMETRIC_REPRESENTATION_CONTEXT(3) 
GLOBAL_UNCERTAINTY_ASSIGNED_CONTEXT((#6074)) 
GLOBAL_UNIT_ASSIGNED_CONTEXT((#6071,#6072,#6073)) REPRESENTATION_CONTEXT
('Context #1','3D Context with UNIT and UNCERTAINTY') );
#6071 = ( LENGTH_UNIT() NAMED_UNIT(*) SI_UNIT(.MILLI.,.METRE.) );
#6072 = ( NAMED_UNIT(*) PLANE_ANGLE_UNIT() SI_UNIT($,.RADIAN.) );
#6073 = ( NAMED_UNIT(*) SI_UNIT($,.STERADIAN.) SOLID_ANGLE_UNIT() );
#6074 = UNCERTAINTY_MEASURE_WITH_UNIT(LENGTH_MEASURE(1.E-07),#6071,
  'distance_accuracy_value','confusion accuracy');
#6075 = CONTEXT_DEPENDENT_SHAPE_REPRESENTATION(#6076,#6078);
#6076 = ( REPRESENTATION_RELATIONSHIP('','',#6057,#10) 
REPRESENTATION_RELATIONSHIP_WITH_TRANSFORMATION(#6077) 
SHAPE_REPRESENTATION_RELATIONSHIP() );
#6077 = ITEM_DEFINED_TRANSFORMATION('','',#11,#131);
#6078 = PRODUCT_DEFINITION_SHAPE('Placement','Placement of an item',
  #6079);
#6079 = NEXT_ASSEMBLY_USAGE_OCCURRENCE('120','SPOT_S14','',#5,#6052,$);
#6080 = PRODUCT_RELATED_PRODUCT_CATEGORY('part',$,(#6054));
#6081 = SHAPE_DEFINITION_REPRESENTATION(#6082,#6088);
#6082 = PRODUCT_DEFINITION_SHAPE('','',#6083);
#6083 = PRODUCT_DEFINITION('design','',#6084,#6087);
#6084 = PRODUCT_DEFINITION_FORMATION('','',#6085);
#6085 = PRODUCT('SPOT_S15','SPOT_S15','',(#6086));
#6086 = PRODUCT_CONTEXT('',#2,'mechanical');
#6087 = PRODUCT_DEFINITION_CONTEXT('part definition',#2,'design');
#6088 = ADVANCED_BREP_SHAPE_REPRESENTATION('',(#11,#6089),#6101);
#6089 = MANIFOLD_SOLID_BREP('',#6090);
#6090 = CLOSED_SHELL('',(#6091));
#6091 = ADVANCED_FACE('',(#6092),#6096,.T.);
#6092 = FACE_BOUND('',#6093,.T.);
#6093 = VERTEX_LOOP('',#6094);
#6094 = VERTEX_POINT('',#6095);
#6095 = CARTESIAN_POINT('',(775.,-1.2,559.5));
#6096 = SPHERICAL_SURFACE('',#6097,3.);
#6097 = AXIS2_PLACEMENT_3D('',#6098,#6099,#6100);
#6098 = CARTESIAN_POINT('',(775.,-1.2,562.5));
#6099 = DIRECTION('',(0.,0.,1.));
#6100 = DIRECTION('',(1.,0.,0.));
#6101 = ( GEOMETRIC_REPRESENTATION_CONTEXT(3) 
GLOBAL_UNCERTAINTY_ASSIGNED_CONTEXT((#6105)) 
GLOBAL_UNIT_ASSIGNED_CONTEXT((#6102,#6103,#6104)) REPRESENTATION_CONTEXT
('Context #1','3D Context with UNIT and UNCERTAINTY') );
#6102 = ( LENGTH_UNIT() NAMED_UNIT(*) SI_UNIT(.MILLI.,.METRE.) );
#6103 = ( NAMED_UNIT(*) PLANE_ANGLE_UNIT() SI_UNIT($,.RADIAN.) );
#6104 = ( NAMED_UNIT(*) SI_UNIT($,.STERADIAN.) SOLID_ANGLE_UNIT() );
#6105 = UNCERTAINTY_MEASURE_WITH_UNIT(LENGTH_MEASURE(1.E-07),#6102,
  'distance_accuracy_value','confusion accuracy');
#6106 = CONTEXT_DEPENDENT_SHAPE_REPRESENTATION(#6107,#6109);
#6107 = ( REPRESENTATION_RELATIONSHIP('','',#6088,#10) 
REPRESENTATION_RELATIONSHIP_WITH_TRANSFORMATION(#6108) 
SHAPE_REPRESENTATION_RELATIONSHIP() );
#6108 = ITEM_DEFINED_TRANSFORMATION('','',#11,#135);
#6109 = PRODUCT_DEFINITION_SHAPE('Placement','Placement of an item',
  #6110);
#6110 = NEXT_ASSEMBLY_USAGE_OCCURRENCE('121','SPOT_S15','',#5,#6083,$);
#6111 = PRODUCT_RELATED_PRODUCT_CATEGORY('part',$,(#6085));
#6112 = SHAPE_DEFINITION_REPRESENTATION(#6113,#6119);
#6113 = PRODUCT_DEFINITION_SHAPE('','',#6114);
#6114 = PRODUCT_DEFINITION('design','',#6115,#6118);
#6115 = PRODUCT_DEFINITION_FORMATION('','',#6116);
#6116 = PRODUCT('SPOT_S16','SPOT_S16','',(#6117));
#6117 = PRODUCT_CONTEXT('',#2,'mechanical');
#6118 = PRODUCT_DEFINITION_CONTEXT('part definition',#2,'design');
#6119 = ADVANCED_BREP_SHAPE_REPRESENTATION('',(#11,#6120),#6132);
#6120 = MANIFOLD_SOLID_BREP('',#6121);
#6121 = CLOSED_SHELL('',(#6122));
#6122 = ADVANCED_FACE('',(#6123),#6127,.T.);
#6123 = FACE_BOUND('',#6124,.T.);
#6124 = VERTEX_LOOP('',#6125);
#6125 = VERTEX_POINT('',#6126);
#6126 = CARTESIAN_POINT('',(820.,-1.2,559.5));
#6127 = SPHERICAL_SURFACE('',#6128,3.);
#6128 = AXIS2_PLACEMENT_3D('',#6129,#6130,#6131);
#6129 = CARTESIAN_POINT('',(820.,-1.2,562.5));
#6130 = DIRECTION('',(0.,0.,1.));
#6131 = DIRECTION('',(1.,0.,0.));
#6132 = ( GEOMETRIC_REPRESENTATION_CONTEXT(3) 
GLOBAL_UNCERTAINTY_ASSIGNED_CONTEXT((#6136)) 
GLOBAL_UNIT_ASSIGNED_CONTEXT((#6133,#6134,#6135)) REPRESENTATION_CONTEXT
('Context #1','3D Context with UNIT and UNCERTAINTY') );
#6133 = ( LENGTH_UNIT() NAMED_UNIT(*) SI_UNIT(.MILLI.,.METRE.) );
#6134 = ( NAMED_UNIT(*) PLANE_ANGLE_UNIT() SI_UNIT($,.RADIAN.) );
#6135 = ( NAMED_UNIT(*) SI_UNIT($,.STERADIAN.) SOLID_ANGLE_UNIT() );
#6136 = UNCERTAINTY_MEASURE_WITH_UNIT(LENGTH_MEASURE(1.E-07),#6133,
  'distance_accuracy_value','confusion accuracy');
#6137 = CONTEXT_DEPENDENT_SHAPE_REPRESENTATION(#6138,#6140);
#6138 = ( REPRESENTATION_RELATIONSHIP('','',#6119,#10) 
REPRESENTATION_RELATIONSHIP_WITH_TRANSFORMATION(#6139) 
SHAPE_REPRESENTATION_RELATIONSHIP() );
#6139 = ITEM_DEFINED_TRANSFORMATION('','',#11,#139);
#6140 = PRODUCT_DEFINITION_SHAPE('Placement','Placement of an item',
  #6141);
#6141 = NEXT_ASSEMBLY_USAGE_OCCURRENCE('122','SPOT_S16','',#5,#6114,$);
#6142 = PRODUCT_RELATED_PRODUCT_CATEGORY('part',$,(#6116));
#6143 = SHAPE_DEFINITION_REPRESENTATION(#6144,#6150);
#6144 = PRODUCT_DEFINITION_SHAPE('','',#6145);
#6145 = PRODUCT_DEFINITION('design','',#6146,#6149);
#6146 = PRODUCT_DEFINITION_FORMATION('','',#6147);
#6147 = PRODUCT('SPOT_S17','SPOT_S17','',(#6148));
#6148 = PRODUCT_CONTEXT('',#2,'mechanical');
#6149 = PRODUCT_DEFINITION_CONTEXT('part definition',#2,'design');
#6150 = ADVANCED_BREP_SHAPE_REPRESENTATION('',(#11,#6151),#6163);
#6151 = MANIFOLD_SOLID_BREP('',#6152);
#6152 = CLOSED_SHELL('',(#6153));
#6153 = ADVANCED_FACE('',(#6154),#6158,.T.);
#6154 = FACE_BOUND('',#6155,.T.);
#6155 = VERTEX_LOOP('',#6156);
#6156 = VERTEX_POINT('',#6157);
#6157 = CARTESIAN_POINT('',(865.,-1.2,559.5));
#6158 = SPHERICAL_SURFACE('',#6159,3.);
#6159 = AXIS2_PLACEMENT_3D('',#6160,#6161,#6162);
#6160 = CARTESIAN_POINT('',(865.,-1.2,562.5));
#6161 = DIRECTION('',(0.,0.,1.));
#6162 = DIRECTION('',(1.,0.,0.));
#6163 = ( GEOMETRIC_REPRESENTATION_CONTEXT(3) 
GLOBAL_UNCERTAINTY_ASSIGNED_CONTEXT((#6167)) 
GLOBAL_UNIT_ASSIGNED_CONTEXT((#6164,#6165,#6166)) REPRESENTATION_CONTEXT
('Context #1','3D Context with UNIT and UNCERTAINTY') );
#6164 = ( LENGTH_UNIT() NAMED_UNIT(*) SI_UNIT(.MILLI.,.METRE.) );
#6165 = ( NAMED_UNIT(*) PLANE_ANGLE_UNIT() SI_UNIT($,.RADIAN.) );
#6166 = ( NAMED_UNIT(*) SI_UNIT($,.STERADIAN.) SOLID_ANGLE_UNIT() );
#6167 = UNCERTAINTY_MEASURE_WITH_UNIT(LENGTH_MEASURE(1.E-07),#6164,
  'distance_accuracy_value','confusion accuracy');
#6168 = CONTEXT_DEPENDENT_SHAPE_REPRESENTATION(#6169,#6171);
#6169 = ( REPRESENTATION_RELATIONSHIP('','',#6150,#10) 
REPRESENTATION_RELATIONSHIP_WITH_TRANSFORMATION(#6170) 
SHAPE_REPRESENTATION_RELATIONSHIP() );
#6170 = ITEM_DEFINED_TRANSFORMATION('','',#11,#143);
#6171 = PRODUCT_DEFINITION_SHAPE('Placement','Placement of an item',
  #6172);
#6172 = NEXT_ASSEMBLY_USAGE_OCCURRENCE('123','SPOT_S17','',#5,#6145,$);
#6173 = PRODUCT_RELATED_PRODUCT_CATEGORY('part',$,(#6147));
#6174 = SHAPE_DEFINITION_REPRESENTATION(#6175,#6181);
#6175 = PRODUCT_DEFINITION_SHAPE('','',#6176);
#6176 = PRODUCT_DEFINITION('design','',#6177,#6180);
#6177 = PRODUCT_DEFINITION_FORMATION('','',#6178);
#6178 = PRODUCT('SPOT_S18','SPOT_S18','',(#6179));
#6179 = PRODUCT_CONTEXT('',#2,'mechanical');
#6180 = PRODUCT_DEFINITION_CONTEXT('part definition',#2,'design');
#6181 = ADVANCED_BREP_SHAPE_REPRESENTATION('',(#11,#6182),#6194);
#6182 = MANIFOLD_SOLID_BREP('',#6183);
#6183 = CLOSED_SHELL('',(#6184));
#6184 = ADVANCED_FACE('',(#6185),#6189,.T.);
#6185 = FACE_BOUND('',#6186,.T.);
#6186 = VERTEX_LOOP('',#6187);
#6187 = VERTEX_POINT('',#6188);
#6188 = CARTESIAN_POINT('',(910.,-1.2,559.5));
#6189 = SPHERICAL_SURFACE('',#6190,3.);
#6190 = AXIS2_PLACEMENT_3D('',#6191,#6192,#6193);
#6191 = CARTESIAN_POINT('',(910.,-1.2,562.5));
#6192 = DIRECTION('',(0.,0.,1.));
#6193 = DIRECTION('',(1.,0.,0.));
#6194 = ( GEOMETRIC_REPRESENTATION_CONTEXT(3) 
GLOBAL_UNCERTAINTY_ASSIGNED_CONTEXT((#6198)) 
GLOBAL_UNIT_ASSIGNED_CONTEXT((#6195,#6196,#6197)) REPRESENTATION_CONTEXT
('Context #1','3D Context with UNIT and UNCERTAINTY') );
#6195 = ( LENGTH_UNIT() NAMED_UNIT(*) SI_UNIT(.MILLI.,.METRE.) );
#6196 = ( NAMED_UNIT(*) PLANE_ANGLE_UNIT() SI_UNIT($,.RADIAN.) );
#6197 = ( NAMED_UNIT(*) SI_UNIT($,.STERADIAN.) SOLID_ANGLE_UNIT() );
#6198 = UNCERTAINTY_MEASURE_WITH_UNIT(LENGTH_MEASURE(1.E-07),#6195,
  'distance_accuracy_value','confusion accuracy');
#6199 = CONTEXT_DEPENDENT_SHAPE_REPRESENTATION(#6200,#6202);
#6200 = ( REPRESENTATION_RELATIONSHIP('','',#6181,#10) 
REPRESENTATION_RELATIONSHIP_WITH_TRANSFORMATION(#6201) 
SHAPE_REPRESENTATION_RELATIONSHIP() );
#6201 = ITEM_DEFINED_TRANSFORMATION('','',#11,#147);
#6202 = PRODUCT_DEFINITION_SHAPE('Placement','Placement of an item',
  #6203);
#6203 = NEXT_ASSEMBLY_USAGE_OCCURRENCE('124','SPOT_S18','',#5,#6176,$);
#6204 = PRODUCT_RELATED_PRODUCT_CATEGORY('part',$,(#6178));
#6205 = SHAPE_DEFINITION_REPRESENTATION(#6206,#6212);
#6206 = PRODUCT_DEFINITION_SHAPE('','',#6207);
#6207 = PRODUCT_DEFINITION('design','',#6208,#6211);
#6208 = PRODUCT_DEFINITION_FORMATION('','',#6209);
#6209 = PRODUCT('SPOT_S19','SPOT_S19','',(#6210));
#6210 = PRODUCT_CONTEXT('',#2,'mechanical');
#6211 = PRODUCT_DEFINITION_CONTEXT('part definition',#2,'design');
#6212 = ADVANCED_BREP_SHAPE_REPRESENTATION('',(#11,#6213),#6225);
#6213 = MANIFOLD_SOLID_BREP('',#6214);
#6214 = CLOSED_SHELL('',(#6215));
#6215 = ADVANCED_FACE('',(#6216),#6220,.T.);
#6216 = FACE_BOUND('',#6217,.T.);
#6217 = VERTEX_LOOP('',#6218);
#6218 = VERTEX_POINT('',#6219);
#6219 = CARTESIAN_POINT('',(955.,-1.2,559.5));
#6220 = SPHERICAL_SURFACE('',#6221,3.);
#6221 = AXIS2_PLACEMENT_3D('',#6222,#6223,#6224);
#6222 = CARTESIAN_POINT('',(955.,-1.2,562.5));
#6223 = DIRECTION('',(0.,0.,1.));
#6224 = DIRECTION('',(1.,0.,0.));
#6225 = ( GEOMETRIC_REPRESENTATION_CONTEXT(3) 
GLOBAL_UNCERTAINTY_ASSIGNED_CONTEXT((#6229)) 
GLOBAL_UNIT_ASSIGNED_CONTEXT((#6226,#6227,#6228)) REPRESENTATION_CONTEXT
('Context #1','3D Context with UNIT and UNCERTAINTY') );
#6226 = ( LENGTH_UNIT() NAMED_UNIT(*) SI_UNIT(.MILLI.,.METRE.) );
#6227 = ( NAMED_UNIT(*) PLANE_ANGLE_UNIT() SI_UNIT($,.RADIAN.) );
#6228 = ( NAMED_UNIT(*) SI_UNIT($,.STERADIAN.) SOLID_ANGLE_UNIT() );
#6229 = UNCERTAINTY_MEASURE_WITH_UNIT(LENGTH_MEASURE(1.E-07),#6226,
  'distance_accuracy_value','confusion accuracy');
#6230 = CONTEXT_DEPENDENT_SHAPE_REPRESENTATION(#6231,#6233);
#6231 = ( REPRESENTATION_RELATIONSHIP('','',#6212,#10) 
REPRESENTATION_RELATIONSHIP_WITH_TRANSFORMATION(#6232) 
SHAPE_REPRESENTATION_RELATIONSHIP() );
#6232 = ITEM_DEFINED_TRANSFORMATION('','',#11,#151);
#6233 = PRODUCT_DEFINITION_SHAPE('Placement','Placement of an item',
  #6234);
#6234 = NEXT_ASSEMBLY_USAGE_OCCURRENCE('125','SPOT_S19','',#5,#6207,$);
#6235 = PRODUCT_RELATED_PRODUCT_CATEGORY('part',$,(#6209));
#6236 = SHAPE_DEFINITION_REPRESENTATION(#6237,#6243);
#6237 = PRODUCT_DEFINITION_SHAPE('','',#6238);
#6238 = PRODUCT_DEFINITION('design','',#6239,#6242);
#6239 = PRODUCT_DEFINITION_FORMATION('','',#6240);
#6240 = PRODUCT('SPOT_S20','SPOT_S20','',(#6241));
#6241 = PRODUCT_CONTEXT('',#2,'mechanical');
#6242 = PRODUCT_DEFINITION_CONTEXT('part definition',#2,'design');
#6243 = ADVANCED_BREP_SHAPE_REPRESENTATION('',(#11,#6244),#6256);
#6244 = MANIFOLD_SOLID_BREP('',#6245);
#6245 = CLOSED_SHELL('',(#6246));
#6246 = ADVANCED_FACE('',(#6247),#6251,.T.);
#6247 = FACE_BOUND('',#6248,.T.);
#6248 = VERTEX_LOOP('',#6249);
#6249 = VERTEX_POINT('',#6250);
#6250 = CARTESIAN_POINT('',(1000.,-1.2,559.5));
#6251 = SPHERICAL_SURFACE('',#6252,3.);
#6252 = AXIS2_PLACEMENT_3D('',#6253,#6254,#6255);
#6253 = CARTESIAN_POINT('',(1000.,-1.2,562.5));
#6254 = DIRECTION('',(0.,0.,1.));
#6255 = DIRECTION('',(1.,0.,0.));
#6256 = ( GEOMETRIC_REPRESENTATION_CONTEXT(3) 
GLOBAL_UNCERTAINTY_ASSIGNED_CONTEXT((#6260)) 
GLOBAL_UNIT_ASSIGNED_CONTEXT((#6257,#6258,#6259)) REPRESENTATION_CONTEXT
('Context #1','3D Context with UNIT and UNCERTAINTY') );
#6257 = ( LENGTH_UNIT() NAMED_UNIT(*) SI_UNIT(.MILLI.,.METRE.) );
#6258 = ( NAMED_UNIT(*) PLANE_ANGLE_UNIT() SI_UNIT($,.RADIAN.) );
#6259 = ( NAMED_UNIT(*) SI_UNIT($,.STERADIAN.) SOLID_ANGLE_UNIT() );
#6260 = UNCERTAINTY_MEASURE_WITH_UNIT(LENGTH_MEASURE(1.E-07),#6257,
  'distance_accuracy_value','confusion accuracy');
#6261 = CONTEXT_DEPENDENT_SHAPE_REPRESENTATION(#6262,#6264);
#6262 = ( REPRESENTATION_RELATIONSHIP('','',#6243,#10) 
REPRESENTATION_RELATIONSHIP_WITH_TRANSFORMATION(#6263) 
SHAPE_REPRESENTATION_RELATIONSHIP() );
#6263 = ITEM_DEFINED_TRANSFORMATION('','',#11,#155);
#6264 = PRODUCT_DEFINITION_SHAPE('Placement','Placement of an item',
  #6265);
#6265 = NEXT_ASSEMBLY_USAGE_OCCURRENCE('126','SPOT_S20','',#5,#6238,$);
#6266 = PRODUCT_RELATED_PRODUCT_CATEGORY('part',$,(#6240));
#6267 = SHAPE_DEFINITION_REPRESENTATION(#6268,#6274);
#6268 = PRODUCT_DEFINITION_SHAPE('','',#6269);
#6269 = PRODUCT_DEFINITION('design','',#6270,#6273);
#6270 = PRODUCT_DEFINITION_FORMATION('','',#6271);
#6271 = PRODUCT('SPOT_S21','SPOT_S21','',(#6272));
#6272 = PRODUCT_CONTEXT('',#2,'mechanical');
#6273 = PRODUCT_DEFINITION_CONTEXT('part definition',#2,'design');
#6274 = ADVANCED_BREP_SHAPE_REPRESENTATION('',(#11,#6275),#6287);
#6275 = MANIFOLD_SOLID_BREP('',#6276);
#6276 = CLOSED_SHELL('',(#6277));
#6277 = ADVANCED_FACE('',(#6278),#6282,.T.);
#6278 = FACE_BOUND('',#6279,.T.);
#6279 = VERTEX_LOOP('',#6280);
#6280 = VERTEX_POINT('',#6281);
#6281 = CARTESIAN_POINT('',(1.045E+03,-1.2,559.5));
#6282 = SPHERICAL_SURFACE('',#6283,3.);
#6283 = AXIS2_PLACEMENT_3D('',#6284,#6285,#6286);
#6284 = CARTESIAN_POINT('',(1.045E+03,-1.2,562.5));
#6285 = DIRECTION('',(0.,0.,1.));
#6286 = DIRECTION('',(1.,0.,0.));
#6287 = ( GEOMETRIC_REPRESENTATION_CONTEXT(3) 
GLOBAL_UNCERTAINTY_ASSIGNED_CONTEXT((#6291)) 
GLOBAL_UNIT_ASSIGNED_CONTEXT((#6288,#6289,#6290)) REPRESENTATION_CONTEXT
('Context #1','3D Context with UNIT and UNCERTAINTY') );
#6288 = ( LENGTH_UNIT() NAMED_UNIT(*) SI_UNIT(.MILLI.,.METRE.) );
#6289 = ( NAMED_UNIT(*) PLANE_ANGLE_UNIT() SI_UNIT($,.RADIAN.) );
#6290 = ( NAMED_UNIT(*) SI_UNIT($,.STERADIAN.) SOLID_ANGLE_UNIT() );
#6291 = UNCERTAINTY_MEASURE_WITH_UNIT(LENGTH_MEASURE(1.E-07),#6288,
  'distance_accuracy_value','confusion accuracy');
#6292 = CONTEXT_DEPENDENT_SHAPE_REPRESENTATION(#6293,#6295);
#6293 = ( REPRESENTATION_RELATIONSHIP('','',#6274,#10) 
REPRESENTATION_RELATIONSHIP_WITH_TRANSFORMATION(#6294) 
SHAPE_REPRESENTATION_RELATIONSHIP() );
#6294 = ITEM_DEFINED_TRANSFORMATION('','',#11,#159);
#6295 = PRODUCT_DEFINITION_SHAPE('Placement','Placement of an item',
  #6296);
#6296 = NEXT_ASSEMBLY_USAGE_OCCURRENCE('127','SPOT_S21','',#5,#6269,$);
#6297 = PRODUCT_RELATED_PRODUCT_CATEGORY('part',$,(#6271));
#6298 = SHAPE_DEFINITION_REPRESENTATION(#6299,#6305);
#6299 = PRODUCT_DEFINITION_SHAPE('','',#6300);
#6300 = PRODUCT_DEFINITION('design','',#6301,#6304);
#6301 = PRODUCT_DEFINITION_FORMATION('','',#6302);
#6302 = PRODUCT('SPOT_S22','SPOT_S22','',(#6303));
#6303 = PRODUCT_CONTEXT('',#2,'mechanical');
#6304 = PRODUCT_DEFINITION_CONTEXT('part definition',#2,'design');
#6305 = ADVANCED_BREP_SHAPE_REPRESENTATION('',(#11,#6306),#6318);
#6306 = MANIFOLD_SOLID_BREP('',#6307);
#6307 = CLOSED_SHELL('',(#6308));
#6308 = ADVANCED_FACE('',(#6309),#6313,.T.);
#6309 = FACE_BOUND('',#6310,.T.);
#6310 = VERTEX_LOOP('',#6311);
#6311 = VERTEX_POINT('',#6312);
#6312 = CARTESIAN_POINT('',(1.09E+03,-1.2,559.5));
#6313 = SPHERICAL_SURFACE('',#6314,3.);
#6314 = AXIS2_PLACEMENT_3D('',#6315,#6316,#6317);
#6315 = CARTESIAN_POINT('',(1.09E+03,-1.2,562.5));
#6316 = DIRECTION('',(0.,0.,1.));
#6317 = DIRECTION('',(1.,0.,0.));
#6318 = ( GEOMETRIC_REPRESENTATION_CONTEXT(3) 
GLOBAL_UNCERTAINTY_ASSIGNED_CONTEXT((#6322)) 
GLOBAL_UNIT_ASSIGNED_CONTEXT((#6319,#6320,#6321)) REPRESENTATION_CONTEXT
('Context #1','3D Context with UNIT and UNCERTAINTY') );
#6319 = ( LENGTH_UNIT() NAMED_UNIT(*) SI_UNIT(.MILLI.,.METRE.) );
#6320 = ( NAMED_UNIT(*) PLANE_ANGLE_UNIT() SI_UNIT($,.RADIAN.) );
#6321 = ( NAMED_UNIT(*) SI_UNIT($,.STERADIAN.) SOLID_ANGLE_UNIT() );
#6322 = UNCERTAINTY_MEASURE_WITH_UNIT(LENGTH_MEASURE(1.E-07),#6319,
  'distance_accuracy_value','confusion accuracy');
#6323 = CONTEXT_DEPENDENT_SHAPE_REPRESENTATION(#6324,#6326);
#6324 = ( REPRESENTATION_RELATIONSHIP('','',#6305,#10) 
REPRESENTATION_RELATIONSHIP_WITH_TRANSFORMATION(#6325) 
SHAPE_REPRESENTATION_RELATIONSHIP() );
#6325 = ITEM_DEFINED_TRANSFORMATION('','',#11,#163);
#6326 = PRODUCT_DEFINITION_SHAPE('Placement','Placement of an item',
  #6327);
#6327 = NEXT_ASSEMBLY_USAGE_OCCURRENCE('128','SPOT_S22','',#5,#6300,$);
#6328 = PRODUCT_RELATED_PRODUCT_CATEGORY('part',$,(#6302));
#6329 = SHAPE_DEFINITION_REPRESENTATION(#6330,#6336);
#6330 = PRODUCT_DEFINITION_SHAPE('','',#6331);
#6331 = PRODUCT_DEFINITION('design','',#6332,#6335);
#6332 = PRODUCT_DEFINITION_FORMATION('','',#6333);
#6333 = PRODUCT('SPOT_S23','SPOT_S23','',(#6334));
#6334 = PRODUCT_CONTEXT('',#2,'mechanical');
#6335 = PRODUCT_DEFINITION_CONTEXT('part definition',#2,'design');
#6336 = ADVANCED_BREP_SHAPE_REPRESENTATION('',(#11,#6337),#6349);
#6337 = MANIFOLD_SOLID_BREP('',#6338);
#6338 = CLOSED_SHELL('',(#6339));
#6339 = ADVANCED_FACE('',(#6340),#6344,.T.);
#6340 = FACE_BOUND('',#6341,.T.);
#6341 = VERTEX_LOOP('',#6342);
#6342 = VERTEX_POINT('',#6343);
#6343 = CARTESIAN_POINT('',(1.31E+03,-1.2,559.5));
#6344 = SPHERICAL_SURFACE('',#6345,3.);
#6345 = AXIS2_PLACEMENT_3D('',#6346,#6347,#6348);
#6346 = CARTESIAN_POINT('',(1.31E+03,-1.2,562.5));
#6347 = DIRECTION('',(0.,0.,1.));
#6348 = DIRECTION('',(1.,0.,0.));
#6349 = ( GEOMETRIC_REPRESENTATION_CONTEXT(3) 
GLOBAL_UNCERTAINTY_ASSIGNED_CONTEXT((#6353)) 
GLOBAL_UNIT_ASSIGNED_CONTEXT((#6350,#6351,#6352)) REPRESENTATION_CONTEXT
('Context #1','3D Context with UNIT and UNCERTAINTY') );
#6350 = ( LENGTH_UNIT() NAMED_UNIT(*) SI_UNIT(.MILLI.,.METRE.) );
#6351 = ( NAMED_UNIT(*) PLANE_ANGLE_UNIT() SI_UNIT($,.RADIAN.) );
#6352 = ( NAMED_UNIT(*) SI_UNIT($,.STERADIAN.) SOLID_ANGLE_UNIT() );
#6353 = UNCERTAINTY_MEASURE_WITH_UNIT(LENGTH_MEASURE(1.E-07),#6350,
  'distance_accuracy_value','confusion accuracy');
#6354 = CONTEXT_DEPENDENT_SHAPE_REPRESENTATION(#6355,#6357);
#6355 = ( REPRESENTATION_RELATIONSHIP('','',#6336,#10) 
REPRESENTATION_RELATIONSHIP_WITH_TRANSFORMATION(#6356) 
SHAPE_REPRESENTATION_RELATIONSHIP() );
#6356 = ITEM_DEFINED_TRANSFORMATION('','',#11,#167);
#6357 = PRODUCT_DEFINITION_SHAPE('Placement','Placement of an item',
  #6358);
#6358 = NEXT_ASSEMBLY_USAGE_OCCURRENCE('129','SPOT_S23','',#5,#6331,$);
#6359 = PRODUCT_RELATED_PRODUCT_CATEGORY('part',$,(#6333));
#6360 = SHAPE_DEFINITION_REPRESENTATION(#6361,#6367);
#6361 = PRODUCT_DEFINITION_SHAPE('','',#6362);
#6362 = PRODUCT_DEFINITION('design','',#6363,#6366);
#6363 = PRODUCT_DEFINITION_FORMATION('','',#6364);
#6364 = PRODUCT('SPOT_S24','SPOT_S24','',(#6365));
#6365 = PRODUCT_CONTEXT('',#2,'mechanical');
#6366 = PRODUCT_DEFINITION_CONTEXT('part definition',#2,'design');
#6367 = ADVANCED_BREP_SHAPE_REPRESENTATION('',(#11,#6368),#6380);
#6368 = MANIFOLD_SOLID_BREP('',#6369);
#6369 = CLOSED_SHELL('',(#6370));
#6370 = ADVANCED_FACE('',(#6371),#6375,.T.);
#6371 = FACE_BOUND('',#6372,.T.);
#6372 = VERTEX_LOOP('',#6373);
#6373 = VERTEX_POINT('',#6374);
#6374 = CARTESIAN_POINT('',(1.357142857143E+03,-1.2,559.5));
#6375 = SPHERICAL_SURFACE('',#6376,3.);
#6376 = AXIS2_PLACEMENT_3D('',#6377,#6378,#6379);
#6377 = CARTESIAN_POINT('',(1.357142857143E+03,-1.2,562.5));
#6378 = DIRECTION('',(0.,0.,1.));
#6379 = DIRECTION('',(1.,0.,0.));
#6380 = ( GEOMETRIC_REPRESENTATION_CONTEXT(3) 
GLOBAL_UNCERTAINTY_ASSIGNED_CONTEXT((#6384)) 
GLOBAL_UNIT_ASSIGNED_CONTEXT((#6381,#6382,#6383)) REPRESENTATION_CONTEXT
('Context #1','3D Context with UNIT and UNCERTAINTY') );
#6381 = ( LENGTH_UNIT() NAMED_UNIT(*) SI_UNIT(.MILLI.,.METRE.) );
#6382 = ( NAMED_UNIT(*) PLANE_ANGLE_UNIT() SI_UNIT($,.RADIAN.) );
#6383 = ( NAMED_UNIT(*) SI_UNIT($,.STERADIAN.) SOLID_ANGLE_UNIT() );
#6384 = UNCERTAINTY_MEASURE_WITH_UNIT(LENGTH_MEASURE(1.E-07),#6381,
  'distance_accuracy_value','confusion accuracy');
#6385 = CONTEXT_DEPENDENT_SHAPE_REPRESENTATION(#6386,#6388);
#6386 = ( REPRESENTATION_RELATIONSHIP('','',#6367,#10) 
REPRESENTATION_RELATIONSHIP_WITH_TRANSFORMATION(#6387) 
SHAPE_REPRESENTATION_RELATIONSHIP() );
#6387 = ITEM_DEFINED_TRANSFORMATION('','',#11,#171);
#6388 = PRODUCT_DEFINITION_SHAPE('Placement','Placement of an item',
  #6389);
#6389 = NEXT_ASSEMBLY_USAGE_OCCURRENCE('130','SPOT_S24','',#5,#6362,$);
#6390 = PRODUCT_RELATED_PRODUCT_CATEGORY('part',$,(#6364));
#6391 = SHAPE_DEFINITION_REPRESENTATION(#6392,#6398);
#6392 = PRODUCT_DEFINITION_SHAPE('','',#6393);
#6393 = PRODUCT_DEFINITION('design','',#6394,#6397);
#6394 = PRODUCT_DEFINITION_FORMATION('','',#6395);
#6395 = PRODUCT('SPOT_S25','SPOT_S25','',(#6396));
#6396 = PRODUCT_CONTEXT('',#2,'mechanical');
#6397 = PRODUCT_DEFINITION_CONTEXT('part definition',#2,'design');
#6398 = ADVANCED_BREP_SHAPE_REPRESENTATION('',(#11,#6399),#6411);
#6399 = MANIFOLD_SOLID_BREP('',#6400);
#6400 = CLOSED_SHELL('',(#6401));
#6401 = ADVANCED_FACE('',(#6402),#6406,.T.);
#6402 = FACE_BOUND('',#6403,.T.);
#6403 = VERTEX_LOOP('',#6404);
#6404 = VERTEX_POINT('',#6405);
#6405 = CARTESIAN_POINT('',(1.404285714286E+03,-1.2,559.5));
#6406 = SPHERICAL_SURFACE('',#6407,3.);
#6407 = AXIS2_PLACEMENT_3D('',#6408,#6409,#6410);
#6408 = CARTESIAN_POINT('',(1.404285714286E+03,-1.2,562.5));
#6409 = DIRECTION('',(0.,0.,1.));
#6410 = DIRECTION('',(1.,0.,0.));
#6411 = ( GEOMETRIC_REPRESENTATION_CONTEXT(3) 
GLOBAL_UNCERTAINTY_ASSIGNED_CONTEXT((#6415)) 
GLOBAL_UNIT_ASSIGNED_CONTEXT((#6412,#6413,#6414)) REPRESENTATION_CONTEXT
('Context #1','3D Context with UNIT and UNCERTAINTY') );
#6412 = ( LENGTH_UNIT() NAMED_UNIT(*) SI_UNIT(.MILLI.,.METRE.) );
#6413 = ( NAMED_UNIT(*) PLANE_ANGLE_UNIT() SI_UNIT($,.RADIAN.) );
#6414 = ( NAMED_UNIT(*) SI_UNIT($,.STERADIAN.) SOLID_ANGLE_UNIT() );
#6415 = UNCERTAINTY_MEASURE_WITH_UNIT(LENGTH_MEASURE(1.E-07),#6412,
  'distance_accuracy_value','confusion accuracy');
#6416 = CONTEXT_DEPENDENT_SHAPE_REPRESENTATION(#6417,#6419);
#6417 = ( REPRESENTATION_RELATIONSHIP('','',#6398,#10) 
REPRESENTATION_RELATIONSHIP_WITH_TRANSFORMATION(#6418) 
SHAPE_REPRESENTATION_RELATIONSHIP() );
#6418 = ITEM_DEFINED_TRANSFORMATION('','',#11,#175);
#6419 = PRODUCT_DEFINITION_SHAPE('Placement','Placement of an item',
  #6420);
#6420 = NEXT_ASSEMBLY_USAGE_OCCURRENCE('131','SPOT_S25','',#5,#6393,$);
#6421 = PRODUCT_RELATED_PRODUCT_CATEGORY('part',$,(#6395));
#6422 = SHAPE_DEFINITION_REPRESENTATION(#6423,#6429);
#6423 = PRODUCT_DEFINITION_SHAPE('','',#6424);
#6424 = PRODUCT_DEFINITION('design','',#6425,#6428);
#6425 = PRODUCT_DEFINITION_FORMATION('','',#6426);
#6426 = PRODUCT('SPOT_S26','SPOT_S26','',(#6427));
#6427 = PRODUCT_CONTEXT('',#2,'mechanical');
#6428 = PRODUCT_DEFINITION_CONTEXT('part definition',#2,'design');
#6429 = ADVANCED_BREP_SHAPE_REPRESENTATION('',(#11,#6430),#6442);
#6430 = MANIFOLD_SOLID_BREP('',#6431);
#6431 = CLOSED_SHELL('',(#6432));
#6432 = ADVANCED_FACE('',(#6433),#6437,.T.);
#6433 = FACE_BOUND('',#6434,.T.);
#6434 = VERTEX_LOOP('',#6435);
#6435 = VERTEX_POINT('',#6436);
#6436 = CARTESIAN_POINT('',(1.451428571429E+03,-1.2,559.5));
#6437 = SPHERICAL_SURFACE('',#6438,3.);
#6438 = AXIS2_PLACEMENT_3D('',#6439,#6440,#6441);
#6439 = CARTESIAN_POINT('',(1.451428571429E+03,-1.2,562.5));
#6440 = DIRECTION('',(0.,0.,1.));
#6441 = DIRECTION('',(1.,0.,0.));
#6442 = ( GEOMETRIC_REPRESENTATION_CONTEXT(3) 
GLOBAL_UNCERTAINTY_ASSIGNED_CONTEXT((#6446)) 
GLOBAL_UNIT_ASSIGNED_CONTEXT((#6443,#6444,#6445)) REPRESENTATION_CONTEXT
('Context #1','3D Context with UNIT and UNCERTAINTY') );
#6443 = ( LENGTH_UNIT() NAMED_UNIT(*) SI_UNIT(.MILLI.,.METRE.) );
#6444 = ( NAMED_UNIT(*) PLANE_ANGLE_UNIT() SI_UNIT($,.RADIAN.) );
#6445 = ( NAMED_UNIT(*) SI_UNIT($,.STERADIAN.) SOLID_ANGLE_UNIT() );
#6446 = UNCERTAINTY_MEASURE_WITH_UNIT(LENGTH_MEASURE(1.E-07),#6443,
  'distance_accuracy_value','confusion accuracy');
#6447 = CONTEXT_DEPENDENT_SHAPE_REPRESENTATION(#6448,#6450);
#6448 = ( REPRESENTATION_RELATIONSHIP('','',#6429,#10) 
REPRESENTATION_RELATIONSHIP_WITH_TRANSFORMATION(#6449) 
SHAPE_REPRESENTATION_RELATIONSHIP() );
#6449 = ITEM_DEFINED_TRANSFORMATION('','',#11,#179);
#6450 = PRODUCT_DEFINITION_SHAPE('Placement','Placement of an item',
  #6451);
#6451 = NEXT_ASSEMBLY_USAGE_OCCURRENCE('132','SPOT_S26','',#5,#6424,$);
#6452 = PRODUCT_RELATED_PRODUCT_CATEGORY('part',$,(#6426));
#6453 = SHAPE_DEFINITION_REPRESENTATION(#6454,#6460);
#6454 = PRODUCT_DEFINITION_SHAPE('','',#6455);
#6455 = PRODUCT_DEFINITION('design','',#6456,#6459);
#6456 = PRODUCT_DEFINITION_FORMATION('','',#6457);
#6457 = PRODUCT('SPOT_S27','SPOT_S27','',(#6458));
#6458 = PRODUCT_CONTEXT('',#2,'mechanical');
#6459 = PRODUCT_DEFINITION_CONTEXT('part definition',#2,'design');
#6460 = ADVANCED_BREP_SHAPE_REPRESENTATION('',(#11,#6461),#6473);
#6461 = MANIFOLD_SOLID_BREP('',#6462);
#6462 = CLOSED_SHELL('',(#6463));
#6463 = ADVANCED_FACE('',(#6464),#6468,.T.);
#6464 = FACE_BOUND('',#6465,.T.);
#6465 = VERTEX_LOOP('',#6466);
#6466 = VERTEX_POINT('',#6467);
#6467 = CARTESIAN_POINT('',(1.498571428571E+03,-1.2,559.5));
#6468 = SPHERICAL_SURFACE('',#6469,3.);
#6469 = AXIS2_PLACEMENT_3D('',#6470,#6471,#6472);
#6470 = CARTESIAN_POINT('',(1.498571428571E+03,-1.2,562.5));
#6471 = DIRECTION('',(0.,0.,1.));
#6472 = DIRECTION('',(1.,0.,0.));
#6473 = ( GEOMETRIC_REPRESENTATION_CONTEXT(3) 
GLOBAL_UNCERTAINTY_ASSIGNED_CONTEXT((#6477)) 
GLOBAL_UNIT_ASSIGNED_CONTEXT((#6474,#6475,#6476)) REPRESENTATION_CONTEXT
('Context #1','3D Context with UNIT and UNCERTAINTY') );
#6474 = ( LENGTH_UNIT() NAMED_UNIT(*) SI_UNIT(.MILLI.,.METRE.) );
#6475 = ( NAMED_UNIT(*) PLANE_ANGLE_UNIT() SI_UNIT($,.RADIAN.) );
#6476 = ( NAMED_UNIT(*) SI_UNIT($,.STERADIAN.) SOLID_ANGLE_UNIT() );
#6477 = UNCERTAINTY_MEASURE_WITH_UNIT(LENGTH_MEASURE(1.E-07),#6474,
  'distance_accuracy_value','confusion accuracy');
#6478 = CONTEXT_DEPENDENT_SHAPE_REPRESENTATION(#6479,#6481);
#6479 = ( REPRESENTATION_RELATIONSHIP('','',#6460,#10) 
REPRESENTATION_RELATIONSHIP_WITH_TRANSFORMATION(#6480) 
SHAPE_REPRESENTATION_RELATIONSHIP() );
#6480 = ITEM_DEFINED_TRANSFORMATION('','',#11,#183);
#6481 = PRODUCT_DEFINITION_SHAPE('Placement','Placement of an item',
  #6482);
#6482 = NEXT_ASSEMBLY_USAGE_OCCURRENCE('133','SPOT_S27','',#5,#6455,$);
#6483 = PRODUCT_RELATED_PRODUCT_CATEGORY('part',$,(#6457));
#6484 = SHAPE_DEFINITION_REPRESENTATION(#6485,#6491);
#6485 = PRODUCT_DEFINITION_SHAPE('','',#6486);
#6486 = PRODUCT_DEFINITION('design','',#6487,#6490);
#6487 = PRODUCT_DEFINITION_FORMATION('','',#6488);
#6488 = PRODUCT('SPOT_S28','SPOT_S28','',(#6489));
#6489 = PRODUCT_CONTEXT('',#2,'mechanical');
#6490 = PRODUCT_DEFINITION_CONTEXT('part definition',#2,'design');
#6491 = ADVANCED_BREP_SHAPE_REPRESENTATION('',(#11,#6492),#6504);
#6492 = MANIFOLD_SOLID_BREP('',#6493);
#6493 = CLOSED_SHELL('',(#6494));
#6494 = ADVANCED_FACE('',(#6495),#6499,.T.);
#6495 = FACE_BOUND('',#6496,.T.);
#6496 = VERTEX_LOOP('',#6497);
#6497 = VERTEX_POINT('',#6498);
#6498 = CARTESIAN_POINT('',(1.545714285714E+03,-1.2,559.5));
#6499 = SPHERICAL_SURFACE('',#6500,3.);
#6500 = AXIS2_PLACEMENT_3D('',#6501,#6502,#6503);
#6501 = CARTESIAN_POINT('',(1.545714285714E+03,-1.2,562.5));
#6502 = DIRECTION('',(0.,0.,1.));
#6503 = DIRECTION('',(1.,0.,0.));
#6504 = ( GEOMETRIC_REPRESENTATION_CONTEXT(3) 
GLOBAL_UNCERTAINTY_ASSIGNED_CONTEXT((#6508)) 
GLOBAL_UNIT_ASSIGNED_CONTEXT((#6505,#6506,#6507)) REPRESENTATION_CONTEXT
('Context #1','3D Context with UNIT and UNCERTAINTY') );
#6505 = ( LENGTH_UNIT() NAMED_UNIT(*) SI_UNIT(.MILLI.,.METRE.) );
#6506 = ( NAMED_UNIT(*) PLANE_ANGLE_UNIT() SI_UNIT($,.RADIAN.) );
#6507 = ( NAMED_UNIT(*) SI_UNIT($,.STERADIAN.) SOLID_ANGLE_UNIT() );
#6508 = UNCERTAINTY_MEASURE_WITH_UNIT(LENGTH_MEASURE(1.E-07),#6505,
  'distance_accuracy_value','confusion accuracy');
#6509 = CONTEXT_DEPENDENT_SHAPE_REPRESENTATION(#6510,#6512);
#6510 = ( REPRESENTATION_RELATIONSHIP('','',#6491,#10) 
REPRESENTATION_RELATIONSHIP_WITH_TRANSFORMATION(#6511) 
SHAPE_REPRESENTATION_RELATIONSHIP() );
#6511 = ITEM_DEFINED_TRANSFORMATION('','',#11,#187);
#6512 = PRODUCT_DEFINITION_SHAPE('Placement','Placement of an item',
  #6513);
#6513 = NEXT_ASSEMBLY_USAGE_OCCURRENCE('134','SPOT_S28','',#5,#6486,$);
#6514 = PRODUCT_RELATED_PRODUCT_CATEGORY('part',$,(#6488));
#6515 = SHAPE_DEFINITION_REPRESENTATION(#6516,#6522);
#6516 = PRODUCT_DEFINITION_SHAPE('','',#6517);
#6517 = PRODUCT_DEFINITION('design','',#6518,#6521);
#6518 = PRODUCT_DEFINITION_FORMATION('','',#6519);
#6519 = PRODUCT('SPOT_S29','SPOT_S29','',(#6520));
#6520 = PRODUCT_CONTEXT('',#2,'mechanical');
#6521 = PRODUCT_DEFINITION_CONTEXT('part definition',#2,'design');
#6522 = ADVANCED_BREP_SHAPE_REPRESENTATION('',(#11,#6523),#6535);
#6523 = MANIFOLD_SOLID_BREP('',#6524);
#6524 = CLOSED_SHELL('',(#6525));
#6525 = ADVANCED_FACE('',(#6526),#6530,.T.);
#6526 = FACE_BOUND('',#6527,.T.);
#6527 = VERTEX_LOOP('',#6528);
#6528 = VERTEX_POINT('',#6529);
#6529 = CARTESIAN_POINT('',(1.592857142857E+03,-1.2,559.5));
#6530 = SPHERICAL_SURFACE('',#6531,3.);
#6531 = AXIS2_PLACEMENT_3D('',#6532,#6533,#6534);
#6532 = CARTESIAN_POINT('',(1.592857142857E+03,-1.2,562.5));
#6533 = DIRECTION('',(0.,0.,1.));
#6534 = DIRECTION('',(1.,0.,0.));
#6535 = ( GEOMETRIC_REPRESENTATION_CONTEXT(3) 
GLOBAL_UNCERTAINTY_ASSIGNED_CONTEXT((#6539)) 
GLOBAL_UNIT_ASSIGNED_CONTEXT((#6536,#6537,#6538)) REPRESENTATION_CONTEXT
('Context #1','3D Context with UNIT and UNCERTAINTY') );
#6536 = ( LENGTH_UNIT() NAMED_UNIT(*) SI_UNIT(.MILLI.,.METRE.) );
#6537 = ( NAMED_UNIT(*) PLANE_ANGLE_UNIT() SI_UNIT($,.RADIAN.) );
#6538 = ( NAMED_UNIT(*) SI_UNIT($,.STERADIAN.) SOLID_ANGLE_UNIT() );
#6539 = UNCERTAINTY_MEASURE_WITH_UNIT(LENGTH_MEASURE(1.E-07),#6536,
  'distance_accuracy_value','confusion accuracy');
#6540 = CONTEXT_DEPENDENT_SHAPE_REPRESENTATION(#6541,#6543);
#6541 = ( REPRESENTATION_RELATIONSHIP('','',#6522,#10) 
REPRESENTATION_RELATIONSHIP_WITH_TRANSFORMATION(#6542) 
SHAPE_REPRESENTATION_RELATIONSHIP() );
#6542 = ITEM_DEFINED_TRANSFORMATION('','',#11,#191);
#6543 = PRODUCT_DEFINITION_SHAPE('Placement','Placement of an item',
  #6544);
#6544 = NEXT_ASSEMBLY_USAGE_OCCURRENCE('135','SPOT_S29','',#5,#6517,$);
#6545 = PRODUCT_RELATED_PRODUCT_CATEGORY('part',$,(#6519));
#6546 = SHAPE_DEFINITION_REPRESENTATION(#6547,#6553);
#6547 = PRODUCT_DEFINITION_SHAPE('','',#6548);
#6548 = PRODUCT_DEFINITION('design','',#6549,#6552);
#6549 = PRODUCT_DEFINITION_FORMATION('','',#6550);
#6550 = PRODUCT('SPOT_S30','SPOT_S30','',(#6551));
#6551 = PRODUCT_CONTEXT('',#2,'mechanical');
#6552 = PRODUCT_DEFINITION_CONTEXT('part definition',#2,'design');
#6553 = ADVANCED_BREP_SHAPE_REPRESENTATION('',(#11,#6554),#6566);
#6554 = MANIFOLD_SOLID_BREP('',#6555);
#6555 = CLOSED_SHELL('',(#6556));
#6556 = ADVANCED_FACE('',(#6557),#6561,.T.);
#6557 = FACE_BOUND('',#6558,.T.);
#6558 = VERTEX_LOOP('',#6559);
#6559 = VERTEX_POINT('',#6560);
#6560 = CARTESIAN_POINT('',(1.64E+03,-1.2,559.5));
#6561 = SPHERICAL_SURFACE('',#6562,3.);
#6562 = AXIS2_PLACEMENT_3D('',#6563,#6564,#6565);
#6563 = CARTESIAN_POINT('',(1.64E+03,-1.2,562.5));
#6564 = DIRECTION('',(0.,0.,1.));
#6565 = DIRECTION('',(1.,0.,0.));
#6566 = ( GEOMETRIC_REPRESENTATION_CONTEXT(3) 
GLOBAL_UNCERTAINTY_ASSIGNED_CONTEXT((#6570)) 
GLOBAL_UNIT_ASSIGNED_CONTEXT((#6567,#6568,#6569)) REPRESENTATION_CONTEXT
('Context #1','3D Context with UNIT and UNCERTAINTY') );
#6567 = ( LENGTH_UNIT() NAMED_UNIT(*) SI_UNIT(.MILLI.,.METRE.) );
#6568 = ( NAMED_UNIT(*) PLANE_ANGLE_UNIT() SI_UNIT($,.RADIAN.) );
#6569 = ( NAMED_UNIT(*) SI_UNIT($,.STERADIAN.) SOLID_ANGLE_UNIT() );
#6570 = UNCERTAINTY_MEASURE_WITH_UNIT(LENGTH_MEASURE(1.E-07),#6567,
  'distance_accuracy_value','confusion accuracy');
#6571 = CONTEXT_DEPENDENT_SHAPE_REPRESENTATION(#6572,#6574);
#6572 = ( REPRESENTATION_RELATIONSHIP('','',#6553,#10) 
REPRESENTATION_RELATIONSHIP_WITH_TRANSFORMATION(#6573) 
SHAPE_REPRESENTATION_RELATIONSHIP() );
#6573 = ITEM_DEFINED_TRANSFORMATION('','',#11,#195);
#6574 = PRODUCT_DEFINITION_SHAPE('Placement','Placement of an item',
  #6575);
#6575 = NEXT_ASSEMBLY_USAGE_OCCURRENCE('136','SPOT_S30','',#5,#6548,$);
#6576 = PRODUCT_RELATED_PRODUCT_CATEGORY('part',$,(#6550));
#6577 = SHAPE_DEFINITION_REPRESENTATION(#6578,#6584);
#6578 = PRODUCT_DEFINITION_SHAPE('','',#6579);
#6579 = PRODUCT_DEFINITION('design','',#6580,#6583);
#6580 = PRODUCT_DEFINITION_FORMATION('','',#6581);
#6581 = PRODUCT('SPOT_S31','SPOT_S31','',(#6582));
#6582 = PRODUCT_CONTEXT('',#2,'mechanical');
#6583 = PRODUCT_DEFINITION_CONTEXT('part definition',#2,'design');
#6584 = ADVANCED_BREP_SHAPE_REPRESENTATION('',(#11,#6585),#6597);
#6585 = MANIFOLD_SOLID_BREP('',#6586);
#6586 = CLOSED_SHELL('',(#6587));
#6587 = ADVANCED_FACE('',(#6588),#6592,.T.);
#6588 = FACE_BOUND('',#6589,.T.);
#6589 = VERTEX_LOOP('',#6590);
#6590 = VERTEX_POINT('',#6591);
#6591 = CARTESIAN_POINT('',(1.687142857143E+03,-1.2,559.5));
#6592 = SPHERICAL_SURFACE('',#6593,3.);
#6593 = AXIS2_PLACEMENT_3D('',#6594,#6595,#6596);
#6594 = CARTESIAN_POINT('',(1.687142857143E+03,-1.2,562.5));
#6595 = DIRECTION('',(0.,0.,1.));
#6596 = DIRECTION('',(1.,0.,0.));
#6597 = ( GEOMETRIC_REPRESENTATION_CONTEXT(3) 
GLOBAL_UNCERTAINTY_ASSIGNED_CONTEXT((#6601)) 
GLOBAL_UNIT_ASSIGNED_CONTEXT((#6598,#6599,#6600)) REPRESENTATION_CONTEXT
('Context #1','3D Context with UNIT and UNCERTAINTY') );
#6598 = ( LENGTH_UNIT() NAMED_UNIT(*) SI_UNIT(.MILLI.,.METRE.) );
#6599 = ( NAMED_UNIT(*) PLANE_ANGLE_UNIT() SI_UNIT($,.RADIAN.) );
#6600 = ( NAMED_UNIT(*) SI_UNIT($,.STERADIAN.) SOLID_ANGLE_UNIT() );
#6601 = UNCERTAINTY_MEASURE_WITH_UNIT(LENGTH_MEASURE(1.E-07),#6598,
  'distance_accuracy_value','confusion accuracy');
#6602 = CONTEXT_DEPENDENT_SHAPE_REPRESENTATION(#6603,#6605);
#6603 = ( REPRESENTATION_RELATIONSHIP('','',#6584,#10) 
REPRESENTATION_RELATIONSHIP_WITH_TRANSFORMATION(#6604) 
SHAPE_REPRESENTATION_RELATIONSHIP() );
#6604 = ITEM_DEFINED_TRANSFORMATION('','',#11,#199);
#6605 = PRODUCT_DEFINITION_SHAPE('Placement','Placement of an item',
  #6606);
#6606 = NEXT_ASSEMBLY_USAGE_OCCURRENCE('137','SPOT_S31','',#5,#6579,$);
#6607 = PRODUCT_RELATED_PRODUCT_CATEGORY('part',$,(#6581));
#6608 = SHAPE_DEFINITION_REPRESENTATION(#6609,#6615);
#6609 = PRODUCT_DEFINITION_SHAPE('','',#6610);
#6610 = PRODUCT_DEFINITION('design','',#6611,#6614);
#6611 = PRODUCT_DEFINITION_FORMATION('','',#6612);
#6612 = PRODUCT('SPOT_S32','SPOT_S32','',(#6613));
#6613 = PRODUCT_CONTEXT('',#2,'mechanical');
#6614 = PRODUCT_DEFINITION_CONTEXT('part definition',#2,'design');
#6615 = ADVANCED_BREP_SHAPE_REPRESENTATION('',(#11,#6616),#6628);
#6616 = MANIFOLD_SOLID_BREP('',#6617);
#6617 = CLOSED_SHELL('',(#6618));
#6618 = ADVANCED_FACE('',(#6619),#6623,.T.);
#6619 = FACE_BOUND('',#6620,.T.);
#6620 = VERTEX_LOOP('',#6621);
#6621 = VERTEX_POINT('',#6622);
#6622 = CARTESIAN_POINT('',(1.734285714286E+03,-1.2,559.5));
#6623 = SPHERICAL_SURFACE('',#6624,3.);
#6624 = AXIS2_PLACEMENT_3D('',#6625,#6626,#6627);
#6625 = CARTESIAN_POINT('',(1.734285714286E+03,-1.2,562.5));
#6626 = DIRECTION('',(0.,0.,1.));
#6627 = DIRECTION('',(1.,0.,0.));
#6628 = ( GEOMETRIC_REPRESENTATION_CONTEXT(3) 
GLOBAL_UNCERTAINTY_ASSIGNED_CONTEXT((#6632)) 
GLOBAL_UNIT_ASSIGNED_CONTEXT((#6629,#6630,#6631)) REPRESENTATION_CONTEXT
('Context #1','3D Context with UNIT and UNCERTAINTY') );
#6629 = ( LENGTH_UNIT() NAMED_UNIT(*) SI_UNIT(.MILLI.,.METRE.) );
#6630 = ( NAMED_UNIT(*) PLANE_ANGLE_UNIT() SI_UNIT($,.RADIAN.) );
#6631 = ( NAMED_UNIT(*) SI_UNIT($,.STERADIAN.) SOLID_ANGLE_UNIT() );
#6632 = UNCERTAINTY_MEASURE_WITH_UNIT(LENGTH_MEASURE(1.E-07),#6629,
  'distance_accuracy_value','confusion accuracy');
#6633 = CONTEXT_DEPENDENT_SHAPE_REPRESENTATION(#6634,#6636);
#6634 = ( REPRESENTATION_RELATIONSHIP('','',#6615,#10) 
REPRESENTATION_RELATIONSHIP_WITH_TRANSFORMATION(#6635) 
SHAPE_REPRESENTATION_RELATIONSHIP() );
#6635 = ITEM_DEFINED_TRANSFORMATION('','',#11,#203);
#6636 = PRODUCT_DEFINITION_SHAPE('Placement','Placement of an item',
  #6637);
#6637 = NEXT_ASSEMBLY_USAGE_OCCURRENCE('138','SPOT_S32','',#5,#6610,$);
#6638 = PRODUCT_RELATED_PRODUCT_CATEGORY('part',$,(#6612));
#6639 = SHAPE_DEFINITION_REPRESENTATION(#6640,#6646);
#6640 = PRODUCT_DEFINITION_SHAPE('','',#6641);
#6641 = PRODUCT_DEFINITION('design','',#6642,#6645);
#6642 = PRODUCT_DEFINITION_FORMATION('','',#6643);
#6643 = PRODUCT('SPOT_S33','SPOT_S33','',(#6644));
#6644 = PRODUCT_CONTEXT('',#2,'mechanical');
#6645 = PRODUCT_DEFINITION_CONTEXT('part definition',#2,'design');
#6646 = ADVANCED_BREP_SHAPE_REPRESENTATION('',(#11,#6647),#6659);
#6647 = MANIFOLD_SOLID_BREP('',#6648);
#6648 = CLOSED_SHELL('',(#6649));
#6649 = ADVANCED_FACE('',(#6650),#6654,.T.);
#6650 = FACE_BOUND('',#6651,.T.);
#6651 = VERTEX_LOOP('',#6652);
#6652 = VERTEX_POINT('',#6653);
#6653 = CARTESIAN_POINT('',(1.781428571429E+03,-1.2,559.5));
#6654 = SPHERICAL_SURFACE('',#6655,3.);
#6655 = AXIS2_PLACEMENT_3D('',#6656,#6657,#6658);
#6656 = CARTESIAN_POINT('',(1.781428571429E+03,-1.2,562.5));
#6657 = DIRECTION('',(0.,0.,1.));
#6658 = DIRECTION('',(1.,0.,0.));
#6659 = ( GEOMETRIC_REPRESENTATION_CONTEXT(3) 
GLOBAL_UNCERTAINTY_ASSIGNED_CONTEXT((#6663)) 
GLOBAL_UNIT_ASSIGNED_CONTEXT((#6660,#6661,#6662)) REPRESENTATION_CONTEXT
('Context #1','3D Context with UNIT and UNCERTAINTY') );
#6660 = ( LENGTH_UNIT() NAMED_UNIT(*) SI_UNIT(.MILLI.,.METRE.) );
#6661 = ( NAMED_UNIT(*) PLANE_ANGLE_UNIT() SI_UNIT($,.RADIAN.) );
#6662 = ( NAMED_UNIT(*) SI_UNIT($,.STERADIAN.) SOLID_ANGLE_UNIT() );
#6663 = UNCERTAINTY_MEASURE_WITH_UNIT(LENGTH_MEASURE(1.E-07),#6660,
  'distance_accuracy_value','confusion accuracy');
#6664 = CONTEXT_DEPENDENT_SHAPE_REPRESENTATION(#6665,#6667);
#6665 = ( REPRESENTATION_RELATIONSHIP('','',#6646,#10) 
REPRESENTATION_RELATIONSHIP_WITH_TRANSFORMATION(#6666) 
SHAPE_REPRESENTATION_RELATIONSHIP() );
#6666 = ITEM_DEFINED_TRANSFORMATION('','',#11,#207);
#6667 = PRODUCT_DEFINITION_SHAPE('Placement','Placement of an item',
  #6668);
#6668 = NEXT_ASSEMBLY_USAGE_OCCURRENCE('139','SPOT_S33','',#5,#6641,$);
#6669 = PRODUCT_RELATED_PRODUCT_CATEGORY('part',$,(#6643));
#6670 = SHAPE_DEFINITION_REPRESENTATION(#6671,#6677);
#6671 = PRODUCT_DEFINITION_SHAPE('','',#6672);
#6672 = PRODUCT_DEFINITION('design','',#6673,#6676);
#6673 = PRODUCT_DEFINITION_FORMATION('','',#6674);
#6674 = PRODUCT('SPOT_S34','SPOT_S34','',(#6675));
#6675 = PRODUCT_CONTEXT('',#2,'mechanical');
#6676 = PRODUCT_DEFINITION_CONTEXT('part definition',#2,'design');
#6677 = ADVANCED_BREP_SHAPE_REPRESENTATION('',(#11,#6678),#6690);
#6678 = MANIFOLD_SOLID_BREP('',#6679);
#6679 = CLOSED_SHELL('',(#6680));
#6680 = ADVANCED_FACE('',(#6681),#6685,.T.);
#6681 = FACE_BOUND('',#6682,.T.);
#6682 = VERTEX_LOOP('',#6683);
#6683 = VERTEX_POINT('',#6684);
#6684 = CARTESIAN_POINT('',(1.828571428571E+03,-1.2,559.5));
#6685 = SPHERICAL_SURFACE('',#6686,3.);
#6686 = AXIS2_PLACEMENT_3D('',#6687,#6688,#6689);
#6687 = CARTESIAN_POINT('',(1.828571428571E+03,-1.2,562.5));
#6688 = DIRECTION('',(0.,0.,1.));
#6689 = DIRECTION('',(1.,0.,0.));
#6690 = ( GEOMETRIC_REPRESENTATION_CONTEXT(3) 
GLOBAL_UNCERTAINTY_ASSIGNED_CONTEXT((#6694)) 
GLOBAL_UNIT_ASSIGNED_CONTEXT((#6691,#6692,#6693)) REPRESENTATION_CONTEXT
('Context #1','3D Context with UNIT and UNCERTAINTY') );
#6691 = ( LENGTH_UNIT() NAMED_UNIT(*) SI_UNIT(.MILLI.,.METRE.) );
#6692 = ( NAMED_UNIT(*) PLANE_ANGLE_UNIT() SI_UNIT($,.RADIAN.) );
#6693 = ( NAMED_UNIT(*) SI_UNIT($,.STERADIAN.) SOLID_ANGLE_UNIT() );
#6694 = UNCERTAINTY_MEASURE_WITH_UNIT(LENGTH_MEASURE(1.E-07),#6691,
  'distance_accuracy_value','confusion accuracy');
#6695 = CONTEXT_DEPENDENT_SHAPE_REPRESENTATION(#6696,#6698);
#6696 = ( REPRESENTATION_RELATIONSHIP('','',#6677,#10) 
REPRESENTATION_RELATIONSHIP_WITH_TRANSFORMATION(#6697) 
SHAPE_REPRESENTATION_RELATIONSHIP() );
#6697 = ITEM_DEFINED_TRANSFORMATION('','',#11,#211);
#6698 = PRODUCT_DEFINITION_SHAPE('Placement','Placement of an item',
  #6699);
#6699 = NEXT_ASSEMBLY_USAGE_OCCURRENCE('140','SPOT_S34','',#5,#6672,$);
#6700 = PRODUCT_RELATED_PRODUCT_CATEGORY('part',$,(#6674));
#6701 = SHAPE_DEFINITION_REPRESENTATION(#6702,#6708);
#6702 = PRODUCT_DEFINITION_SHAPE('','',#6703);
#6703 = PRODUCT_DEFINITION('design','',#6704,#6707);
#6704 = PRODUCT_DEFINITION_FORMATION('','',#6705);
#6705 = PRODUCT('SPOT_S35','SPOT_S35','',(#6706));
#6706 = PRODUCT_CONTEXT('',#2,'mechanical');
#6707 = PRODUCT_DEFINITION_CONTEXT('part definition',#2,'design');
#6708 = ADVANCED_BREP_SHAPE_REPRESENTATION('',(#11,#6709),#6721);
#6709 = MANIFOLD_SOLID_BREP('',#6710);
#6710 = CLOSED_SHELL('',(#6711));
#6711 = ADVANCED_FACE('',(#6712),#6716,.T.);
#6712 = FACE_BOUND('',#6713,.T.);
#6713 = VERTEX_LOOP('',#6714);
#6714 = VERTEX_POINT('',#6715);
#6715 = CARTESIAN_POINT('',(1.875714285714E+03,-1.2,559.5));
#6716 = SPHERICAL_SURFACE('',#6717,3.);
#6717 = AXIS2_PLACEMENT_3D('',#6718,#6719,#6720);
#6718 = CARTESIAN_POINT('',(1.875714285714E+03,-1.2,562.5));
#6719 = DIRECTION('',(0.,0.,1.));
#6720 = DIRECTION('',(1.,0.,0.));
#6721 = ( GEOMETRIC_REPRESENTATION_CONTEXT(3) 
GLOBAL_UNCERTAINTY_ASSIGNED_CONTEXT((#6725)) 
GLOBAL_UNIT_ASSIGNED_CONTEXT((#6722,#6723,#6724)) REPRESENTATION_CONTEXT
('Context #1','3D Context with UNIT and UNCERTAINTY') );
#6722 = ( LENGTH_UNIT() NAMED_UNIT(*) SI_UNIT(.MILLI.,.METRE.) );
#6723 = ( NAMED_UNIT(*) PLANE_ANGLE_UNIT() SI_UNIT($,.RADIAN.) );
#6724 = ( NAMED_UNIT(*) SI_UNIT($,.STERADIAN.) SOLID_ANGLE_UNIT() );
#6725 = UNCERTAINTY_MEASURE_WITH_UNIT(LENGTH_MEASURE(1.E-07),#6722,
  'distance_accuracy_value','confusion accuracy');
#6726 = CONTEXT_DEPENDENT_SHAPE_REPRESENTATION(#6727,#6729);
#6727 = ( REPRESENTATION_RELATIONSHIP('','',#6708,#10) 
REPRESENTATION_RELATIONSHIP_WITH_TRANSFORMATION(#6728) 
SHAPE_REPRESENTATION_RELATIONSHIP() );
#6728 = ITEM_DEFINED_TRANSFORMATION('','',#11,#215);
#6729 = PRODUCT_DEFINITION_SHAPE('Placement','Placement of an item',
  #6730);
#6730 = NEXT_ASSEMBLY_USAGE_OCCURRENCE('141','SPOT_S35','',#5,#6703,$);
#6731 = PRODUCT_RELATED_PRODUCT_CATEGORY('part',$,(#6705));
#6732 = SHAPE_DEFINITION_REPRESENTATION(#6733,#6739);
#6733 = PRODUCT_DEFINITION_SHAPE('','',#6734);
#6734 = PRODUCT_DEFINITION('design','',#6735,#6738);
#6735 = PRODUCT_DEFINITION_FORMATION('','',#6736);
#6736 = PRODUCT('SPOT_S36','SPOT_S36','',(#6737));
#6737 = PRODUCT_CONTEXT('',#2,'mechanical');
#6738 = PRODUCT_DEFINITION_CONTEXT('part definition',#2,'design');
#6739 = ADVANCED_BREP_SHAPE_REPRESENTATION('',(#11,#6740),#6752);
#6740 = MANIFOLD_SOLID_BREP('',#6741);
#6741 = CLOSED_SHELL('',(#6742));
#6742 = ADVANCED_FACE('',(#6743),#6747,.T.);
#6743 = FACE_BOUND('',#6744,.T.);
#6744 = VERTEX_LOOP('',#6745);
#6745 = VERTEX_POINT('',#6746);
#6746 = CARTESIAN_POINT('',(1.922857142857E+03,-1.2,559.5));
#6747 = SPHERICAL_SURFACE('',#6748,3.);
#6748 = AXIS2_PLACEMENT_3D('',#6749,#6750,#6751);
#6749 = CARTESIAN_POINT('',(1.922857142857E+03,-1.2,562.5));
#6750 = DIRECTION('',(0.,0.,1.));
#6751 = DIRECTION('',(1.,0.,0.));
#6752 = ( GEOMETRIC_REPRESENTATION_CONTEXT(3) 
GLOBAL_UNCERTAINTY_ASSIGNED_CONTEXT((#6756)) 
GLOBAL_UNIT_ASSIGNED_CONTEXT((#6753,#6754,#6755)) REPRESENTATION_CONTEXT
('Context #1','3D Context with UNIT and UNCERTAINTY') );
#6753 = ( LENGTH_UNIT() NAMED_UNIT(*) SI_UNIT(.MILLI.,.METRE.) );
#6754 = ( NAMED_UNIT(*) PLANE_ANGLE_UNIT() SI_UNIT($,.RADIAN.) );
#6755 = ( NAMED_UNIT(*) SI_UNIT($,.STERADIAN.) SOLID_ANGLE_UNIT() );
#6756 = UNCERTAINTY_MEASURE_WITH_UNIT(LENGTH_MEASURE(1.E-07),#6753,
  'distance_accuracy_value','confusion accuracy');
#6757 = CONTEXT_DEPENDENT_SHAPE_REPRESENTATION(#6758,#6760);
#6758 = ( REPRESENTATION_RELATIONSHIP('','',#6739,#10) 
REPRESENTATION_RELATIONSHIP_WITH_TRANSFORMATION(#6759) 
SHAPE_REPRESENTATION_RELATIONSHIP() );
#6759 = ITEM_DEFINED_TRANSFORMATION('','',#11,#219);
#6760 = PRODUCT_DEFINITION_SHAPE('Placement','Placement of an item',
  #6761);
#6761 = NEXT_ASSEMBLY_USAGE_OCCURRENCE('142','SPOT_S36','',#5,#6734,$);
#6762 = PRODUCT_RELATED_PRODUCT_CATEGORY('part',$,(#6736));
#6763 = SHAPE_DEFINITION_REPRESENTATION(#6764,#6770);
#6764 = PRODUCT_DEFINITION_SHAPE('','',#6765);
#6765 = PRODUCT_DEFINITION('design','',#6766,#6769);
#6766 = PRODUCT_DEFINITION_FORMATION('','',#6767);
#6767 = PRODUCT('SPOT_S37','SPOT_S37','',(#6768));
#6768 = PRODUCT_CONTEXT('',#2,'mechanical');
#6769 = PRODUCT_DEFINITION_CONTEXT('part definition',#2,'design');
#6770 = ADVANCED_BREP_SHAPE_REPRESENTATION('',(#11,#6771),#6783);
#6771 = MANIFOLD_SOLID_BREP('',#6772);
#6772 = CLOSED_SHELL('',(#6773));
#6773 = ADVANCED_FACE('',(#6774),#6778,.T.);
#6774 = FACE_BOUND('',#6775,.T.);
#6775 = VERTEX_LOOP('',#6776);
#6776 = VERTEX_POINT('',#6777);
#6777 = CARTESIAN_POINT('',(1.97E+03,-1.2,559.5));
#6778 = SPHERICAL_SURFACE('',#6779,3.);
#6779 = AXIS2_PLACEMENT_3D('',#6780,#6781,#6782);
#6780 = CARTESIAN_POINT('',(1.97E+03,-1.2,562.5));
#6781 = DIRECTION('',(0.,0.,1.));
#6782 = DIRECTION('',(1.,0.,0.));
#6783 = ( GEOMETRIC_REPRESENTATION_CONTEXT(3) 
GLOBAL_UNCERTAINTY_ASSIGNED_CONTEXT((#6787)) 
GLOBAL_UNIT_ASSIGNED_CONTEXT((#6784,#6785,#6786)) REPRESENTATION_CONTEXT
('Context #1','3D Context with UNIT and UNCERTAINTY') );
#6784 = ( LENGTH_UNIT() NAMED_UNIT(*) SI_UNIT(.MILLI.,.METRE.) );
#6785 = ( NAMED_UNIT(*) PLANE_ANGLE_UNIT() SI_UNIT($,.RADIAN.) );
#6786 = ( NAMED_UNIT(*) SI_UNIT($,.STERADIAN.) SOLID_ANGLE_UNIT() );
#6787 = UNCERTAINTY_MEASURE_WITH_UNIT(LENGTH_MEASURE(1.E-07),#6784,
  'distance_accuracy_value','confusion accuracy');
#6788 = CONTEXT_DEPENDENT_SHAPE_REPRESENTATION(#6789,#6791);
#6789 = ( REPRESENTATION_RELATIONSHIP('','',#6770,#10) 
REPRESENTATION_RELATIONSHIP_WITH_TRANSFORMATION(#6790) 
SHAPE_REPRESENTATION_RELATIONSHIP() );
#6790 = ITEM_DEFINED_TRANSFORMATION('','',#11,#223);
#6791 = PRODUCT_DEFINITION_SHAPE('Placement','Placement of an item',
  #6792);
#6792 = NEXT_ASSEMBLY_USAGE_OCCURRENCE('143','SPOT_S37','',#5,#6765,$);
#6793 = PRODUCT_RELATED_PRODUCT_CATEGORY('part',$,(#6767));
#6794 = SHAPE_DEFINITION_REPRESENTATION(#6795,#6801);
#6795 = PRODUCT_DEFINITION_SHAPE('','',#6796);
#6796 = PRODUCT_DEFINITION('design','',#6797,#6800);
#6797 = PRODUCT_DEFINITION_FORMATION('','',#6798);
#6798 = PRODUCT('SPOT_S38','SPOT_S38','',(#6799));
#6799 = PRODUCT_CONTEXT('',#2,'mechanical');
#6800 = PRODUCT_DEFINITION_CONTEXT('part definition',#2,'design');
#6801 = ADVANCED_BREP_SHAPE_REPRESENTATION('',(#11,#6802),#6814);
#6802 = MANIFOLD_SOLID_BREP('',#6803);
#6803 = CLOSED_SHELL('',(#6804));
#6804 = ADVANCED_FACE('',(#6805),#6809,.T.);
#6805 = FACE_BOUND('',#6806,.T.);
#6806 = VERTEX_LOOP('',#6807);
#6807 = VERTEX_POINT('',#6808);
#6808 = CARTESIAN_POINT('',(2.017142857143E+03,-1.2,559.5));
#6809 = SPHERICAL_SURFACE('',#6810,3.);
#6810 = AXIS2_PLACEMENT_3D('',#6811,#6812,#6813);
#6811 = CARTESIAN_POINT('',(2.017142857143E+03,-1.2,562.5));
#6812 = DIRECTION('',(0.,0.,1.));
#6813 = DIRECTION('',(1.,0.,0.));
#6814 = ( GEOMETRIC_REPRESENTATION_CONTEXT(3) 
GLOBAL_UNCERTAINTY_ASSIGNED_CONTEXT((#6818)) 
GLOBAL_UNIT_ASSIGNED_CONTEXT((#6815,#6816,#6817)) REPRESENTATION_CONTEXT
('Context #1','3D Context with UNIT and UNCERTAINTY') );
#6815 = ( LENGTH_UNIT() NAMED_UNIT(*) SI_UNIT(.MILLI.,.METRE.) );
#6816 = ( NAMED_UNIT(*) PLANE_ANGLE_UNIT() SI_UNIT($,.RADIAN.) );
#6817 = ( NAMED_UNIT(*) SI_UNIT($,.STERADIAN.) SOLID_ANGLE_UNIT() );
#6818 = UNCERTAINTY_MEASURE_WITH_UNIT(LENGTH_MEASURE(1.E-07),#6815,
  'distance_accuracy_value','confusion accuracy');
#6819 = CONTEXT_DEPENDENT_SHAPE_REPRESENTATION(#6820,#6822);
#6820 = ( REPRESENTATION_RELATIONSHIP('','',#6801,#10) 
REPRESENTATION_RELATIONSHIP_WITH_TRANSFORMATION(#6821) 
SHAPE_REPRESENTATION_RELATIONSHIP() );
#6821 = ITEM_DEFINED_TRANSFORMATION('','',#11,#227);
#6822 = PRODUCT_DEFINITION_SHAPE('Placement','Placement of an item',
  #6823);
#6823 = NEXT_ASSEMBLY_USAGE_OCCURRENCE('144','SPOT_S38','',#5,#6796,$);
#6824 = PRODUCT_RELATED_PRODUCT_CATEGORY('part',$,(#6798));
#6825 = SHAPE_DEFINITION_REPRESENTATION(#6826,#6832);
#6826 = PRODUCT_DEFINITION_SHAPE('','',#6827);
#6827 = PRODUCT_DEFINITION('design','',#6828,#6831);
#6828 = PRODUCT_DEFINITION_FORMATION('','',#6829);
#6829 = PRODUCT('SPOT_S39','SPOT_S39','',(#6830));
#6830 = PRODUCT_CONTEXT('',#2,'mechanical');
#6831 = PRODUCT_DEFINITION_CONTEXT('part definition',#2,'design');
#6832 = ADVANCED_BREP_SHAPE_REPRESENTATION('',(#11,#6833),#6845);
#6833 = MANIFOLD_SOLID_BREP('',#6834);
#6834 = CLOSED_SHELL('',(#6835));
#6835 = ADVANCED_FACE('',(#6836),#6840,.T.);
#6836 = FACE_BOUND('',#6837,.T.);
#6837 = VERTEX_LOOP('',#6838);
#6838 = VERTEX_POINT('',#6839);
#6839 = CARTESIAN_POINT('',(2.064285714286E+03,-1.2,559.5));
#6840 = SPHERICAL_SURFACE('',#6841,3.);
#6841 = AXIS2_PLACEMENT_3D('',#6842,#6843,#6844);
#6842 = CARTESIAN_POINT('',(2.064285714286E+03,-1.2,562.5));
#6843 = DIRECTION('',(0.,0.,1.));
#6844 = DIRECTION('',(1.,0.,0.));
#6845 = ( GEOMETRIC_REPRESENTATION_CONTEXT(3) 
GLOBAL_UNCERTAINTY_ASSIGNED_CONTEXT((#6849)) 
GLOBAL_UNIT_ASSIGNED_CONTEXT((#6846,#6847,#6848)) REPRESENTATION_CONTEXT
('Context #1','3D Context with UNIT and UNCERTAINTY') );
#6846 = ( LENGTH_UNIT() NAMED_UNIT(*) SI_UNIT(.MILLI.,.METRE.) );
#6847 = ( NAMED_UNIT(*) PLANE_ANGLE_UNIT() SI_UNIT($,.RADIAN.) );
#6848 = ( NAMED_UNIT(*) SI_UNIT($,.STERADIAN.) SOLID_ANGLE_UNIT() );
#6849 = UNCERTAINTY_MEASURE_WITH_UNIT(LENGTH_MEASURE(1.E-07),#6846,
  'distance_accuracy_value','confusion accuracy');
#6850 = CONTEXT_DEPENDENT_SHAPE_REPRESENTATION(#6851,#6853);
#6851 = ( REPRESENTATION_RELATIONSHIP('','',#6832,#10) 
REPRESENTATION_RELATIONSHIP_WITH_TRANSFORMATION(#6852) 
SHAPE_REPRESENTATION_RELATIONSHIP() );
#6852 = ITEM_DEFINED_TRANSFORMATION('','',#11,#231);
#6853 = PRODUCT_DEFINITION_SHAPE('Placement','Placement of an item',
  #6854);
#6854 = NEXT_ASSEMBLY_USAGE_OCCURRENCE('145','SPOT_S39','',#5,#6827,$);
#6855 = PRODUCT_RELATED_PRODUCT_CATEGORY('part',$,(#6829));
#6856 = SHAPE_DEFINITION_REPRESENTATION(#6857,#6863);
#6857 = PRODUCT_DEFINITION_SHAPE('','',#6858);
#6858 = PRODUCT_DEFINITION('design','',#6859,#6862);
#6859 = PRODUCT_DEFINITION_FORMATION('','',#6860);
#6860 = PRODUCT('SPOT_S40','SPOT_S40','',(#6861));
#6861 = PRODUCT_CONTEXT('',#2,'mechanical');
#6862 = PRODUCT_DEFINITION_CONTEXT('part definition',#2,'design');
#6863 = ADVANCED_BREP_SHAPE_REPRESENTATION('',(#11,#6864),#6876);
#6864 = MANIFOLD_SOLID_BREP('',#6865);
#6865 = CLOSED_SHELL('',(#6866));
#6866 = ADVANCED_FACE('',(#6867),#6871,.T.);
#6867 = FACE_BOUND('',#6868,.T.);
#6868 = VERTEX_LOOP('',#6869);
#6869 = VERTEX_POINT('',#6870);
#6870 = CARTESIAN_POINT('',(2.111428571429E+03,-1.2,559.5));
#6871 = SPHERICAL_SURFACE('',#6872,3.);
#6872 = AXIS2_PLACEMENT_3D('',#6873,#6874,#6875);
#6873 = CARTESIAN_POINT('',(2.111428571429E+03,-1.2,562.5));
#6874 = DIRECTION('',(0.,0.,1.));
#6875 = DIRECTION('',(1.,0.,0.));
#6876 = ( GEOMETRIC_REPRESENTATION_CONTEXT(3) 
GLOBAL_UNCERTAINTY_ASSIGNED_CONTEXT((#6880)) 
GLOBAL_UNIT_ASSIGNED_CONTEXT((#6877,#6878,#6879)) REPRESENTATION_CONTEXT
('Context #1','3D Context with UNIT and UNCERTAINTY') );
#6877 = ( LENGTH_UNIT() NAMED_UNIT(*) SI_UNIT(.MILLI.,.METRE.) );
#6878 = ( NAMED_UNIT(*) PLANE_ANGLE_UNIT() SI_UNIT($,.RADIAN.) );
#6879 = ( NAMED_UNIT(*) SI_UNIT($,.STERADIAN.) SOLID_ANGLE_UNIT() );
#6880 = UNCERTAINTY_MEASURE_WITH_UNIT(LENGTH_MEASURE(1.E-07),#6877,
  'distance_accuracy_value','confusion accuracy');
#6881 = CONTEXT_DEPENDENT_SHAPE_REPRESENTATION(#6882,#6884);
#6882 = ( REPRESENTATION_RELATIONSHIP('','',#6863,#10) 
REPRESENTATION_RELATIONSHIP_WITH_TRANSFORMATION(#6883) 
SHAPE_REPRESENTATION_RELATIONSHIP() );
#6883 = ITEM_DEFINED_TRANSFORMATION('','',#11,#235);
#6884 = PRODUCT_DEFINITION_SHAPE('Placement','Placement of an item',
  #6885);
#6885 = NEXT_ASSEMBLY_USAGE_OCCURRENCE('146','SPOT_S40','',#5,#6858,$);
#6886 = PRODUCT_RELATED_PRODUCT_CATEGORY('part',$,(#6860));
#6887 = SHAPE_DEFINITION_REPRESENTATION(#6888,#6894);
#6888 = PRODUCT_DEFINITION_SHAPE('','',#6889);
#6889 = PRODUCT_DEFINITION('design','',#6890,#6893);
#6890 = PRODUCT_DEFINITION_FORMATION('','',#6891);
#6891 = PRODUCT('SPOT_S41','SPOT_S41','',(#6892));
#6892 = PRODUCT_CONTEXT('',#2,'mechanical');
#6893 = PRODUCT_DEFINITION_CONTEXT('part definition',#2,'design');
#6894 = ADVANCED_BREP_SHAPE_REPRESENTATION('',(#11,#6895),#6907);
#6895 = MANIFOLD_SOLID_BREP('',#6896);
#6896 = CLOSED_SHELL('',(#6897));
#6897 = ADVANCED_FACE('',(#6898),#6902,.T.);
#6898 = FACE_BOUND('',#6899,.T.);
#6899 = VERTEX_LOOP('',#6900);
#6900 = VERTEX_POINT('',#6901);
#6901 = CARTESIAN_POINT('',(2.158571428571E+03,-1.2,559.5));
#6902 = SPHERICAL_SURFACE('',#6903,3.);
#6903 = AXIS2_PLACEMENT_3D('',#6904,#6905,#6906);
#6904 = CARTESIAN_POINT('',(2.158571428571E+03,-1.2,562.5));
#6905 = DIRECTION('',(0.,0.,1.));
#6906 = DIRECTION('',(1.,0.,0.));
#6907 = ( GEOMETRIC_REPRESENTATION_CONTEXT(3) 
GLOBAL_UNCERTAINTY_ASSIGNED_CONTEXT((#6911)) 
GLOBAL_UNIT_ASSIGNED_CONTEXT((#6908,#6909,#6910)) REPRESENTATION_CONTEXT
('Context #1','3D Context with UNIT and UNCERTAINTY') );
#6908 = ( LENGTH_UNIT() NAMED_UNIT(*) SI_UNIT(.MILLI.,.METRE.) );
#6909 = ( NAMED_UNIT(*) PLANE_ANGLE_UNIT() SI_UNIT($,.RADIAN.) );
#6910 = ( NAMED_UNIT(*) SI_UNIT($,.STERADIAN.) SOLID_ANGLE_UNIT() );
#6911 = UNCERTAINTY_MEASURE_WITH_UNIT(LENGTH_MEASURE(1.E-07),#6908,
  'distance_accuracy_value','confusion accuracy');
#6912 = CONTEXT_DEPENDENT_SHAPE_REPRESENTATION(#6913,#6915);
#6913 = ( REPRESENTATION_RELATIONSHIP('','',#6894,#10) 
REPRESENTATION_RELATIONSHIP_WITH_TRANSFORMATION(#6914) 
SHAPE_REPRESENTATION_RELATIONSHIP() );
#6914 = ITEM_DEFINED_TRANSFORMATION('','',#11,#239);
#6915 = PRODUCT_DEFINITION_SHAPE('Placement','Placement of an item',
  #6916);
#6916 = NEXT_ASSEMBLY_USAGE_OCCURRENCE('147','SPOT_S41','',#5,#6889,$);
#6917 = PRODUCT_RELATED_PRODUCT_CATEGORY('part',$,(#6891));
#6918 = SHAPE_DEFINITION_REPRESENTATION(#6919,#6925);
#6919 = PRODUCT_DEFINITION_SHAPE('','',#6920);
#6920 = PRODUCT_DEFINITION('design','',#6921,#6924);
#6921 = PRODUCT_DEFINITION_FORMATION('','',#6922);
#6922 = PRODUCT('SPOT_S42','SPOT_S42','',(#6923));
#6923 = PRODUCT_CONTEXT('',#2,'mechanical');
#6924 = PRODUCT_DEFINITION_CONTEXT('part definition',#2,'design');
#6925 = ADVANCED_BREP_SHAPE_REPRESENTATION('',(#11,#6926),#6938);
#6926 = MANIFOLD_SOLID_BREP('',#6927);
#6927 = CLOSED_SHELL('',(#6928));
#6928 = ADVANCED_FACE('',(#6929),#6933,.T.);
#6929 = FACE_BOUND('',#6930,.T.);
#6930 = VERTEX_LOOP('',#6931);
#6931 = VERTEX_POINT('',#6932);
#6932 = CARTESIAN_POINT('',(2.205714285714E+03,-1.2,559.5));
#6933 = SPHERICAL_SURFACE('',#6934,3.);
#6934 = AXIS2_PLACEMENT_3D('',#6935,#6936,#6937);
#6935 = CARTESIAN_POINT('',(2.205714285714E+03,-1.2,562.5));
#6936 = DIRECTION('',(0.,0.,1.));
#6937 = DIRECTION('',(1.,0.,0.));
#6938 = ( GEOMETRIC_REPRESENTATION_CONTEXT(3) 
GLOBAL_UNCERTAINTY_ASSIGNED_CONTEXT((#6942)) 
GLOBAL_UNIT_ASSIGNED_CONTEXT((#6939,#6940,#6941)) REPRESENTATION_CONTEXT
('Context #1','3D Context with UNIT and UNCERTAINTY') );
#6939 = ( LENGTH_UNIT() NAMED_UNIT(*) SI_UNIT(.MILLI.,.METRE.) );
#6940 = ( NAMED_UNIT(*) PLANE_ANGLE_UNIT() SI_UNIT($,.RADIAN.) );
#6941 = ( NAMED_UNIT(*) SI_UNIT($,.STERADIAN.) SOLID_ANGLE_UNIT() );
#6942 = UNCERTAINTY_MEASURE_WITH_UNIT(LENGTH_MEASURE(1.E-07),#6939,
  'distance_accuracy_value','confusion accuracy');
#6943 = CONTEXT_DEPENDENT_SHAPE_REPRESENTATION(#6944,#6946);
#6944 = ( REPRESENTATION_RELATIONSHIP('','',#6925,#10) 
REPRESENTATION_RELATIONSHIP_WITH_TRANSFORMATION(#6945) 
SHAPE_REPRESENTATION_RELATIONSHIP() );
#6945 = ITEM_DEFINED_TRANSFORMATION('','',#11,#243);
#6946 = PRODUCT_DEFINITION_SHAPE('Placement','Placement of an item',
  #6947);
#6947 = NEXT_ASSEMBLY_USAGE_OCCURRENCE('148','SPOT_S42','',#5,#6920,$);
#6948 = PRODUCT_RELATED_PRODUCT_CATEGORY('part',$,(#6922));
#6949 = SHAPE_DEFINITION_REPRESENTATION(#6950,#6956);
#6950 = PRODUCT_DEFINITION_SHAPE('','',#6951);
#6951 = PRODUCT_DEFINITION('design','',#6952,#6955);
#6952 = PRODUCT_DEFINITION_FORMATION('','',#6953);
#6953 = PRODUCT('SPOT_S43','SPOT_S43','',(#6954));
#6954 = PRODUCT_CONTEXT('',#2,'mechanical');
#6955 = PRODUCT_DEFINITION_CONTEXT('part definition',#2,'design');
#6956 = ADVANCED_BREP_SHAPE_REPRESENTATION('',(#11,#6957),#6969);
#6957 = MANIFOLD_SOLID_BREP('',#6958);
#6958 = CLOSED_SHELL('',(#6959));
#6959 = ADVANCED_FACE('',(#6960),#6964,.T.);
#6960 = FACE_BOUND('',#6961,.T.);
#6961 = VERTEX_LOOP('',#6962);
#6962 = VERTEX_POINT('',#6963);
#6963 = CARTESIAN_POINT('',(2.252857142857E+03,-1.2,559.5));
#6964 = SPHERICAL_SURFACE('',#6965,3.);
#6965 = AXIS2_PLACEMENT_3D('',#6966,#6967,#6968);
#6966 = CARTESIAN_POINT('',(2.252857142857E+03,-1.2,562.5));
#6967 = DIRECTION('',(0.,0.,1.));
#6968 = DIRECTION('',(1.,0.,0.));
#6969 = ( GEOMETRIC_REPRESENTATION_CONTEXT(3) 
GLOBAL_UNCERTAINTY_ASSIGNED_CONTEXT((#6973)) 
GLOBAL_UNIT_ASSIGNED_CONTEXT((#6970,#6971,#6972)) REPRESENTATION_CONTEXT
('Context #1','3D Context with UNIT and UNCERTAINTY') );
#6970 = ( LENGTH_UNIT() NAMED_UNIT(*) SI_UNIT(.MILLI.,.METRE.) );
#6971 = ( NAMED_UNIT(*) PLANE_ANGLE_UNIT() SI_UNIT($,.RADIAN.) );
#6972 = ( NAMED_UNIT(*) SI_UNIT($,.STERADIAN.) SOLID_ANGLE_UNIT() );
#6973 = UNCERTAINTY_MEASURE_WITH_UNIT(LENGTH_MEASURE(1.E-07),#6970,
  'distance_accuracy_value','confusion accuracy');
#6974 = CONTEXT_DEPENDENT_SHAPE_REPRESENTATION(#6975,#6977);
#6975 = ( REPRESENTATION_RELATIONSHIP('','',#6956,#10) 
REPRESENTATION_RELATIONSHIP_WITH_TRANSFORMATION(#6976) 
SHAPE_REPRESENTATION_RELATIONSHIP() );
#6976 = ITEM_DEFINED_TRANSFORMATION('','',#11,#247);
#6977 = PRODUCT_DEFINITION_SHAPE('Placement','Placement of an item',
  #6978);
#6978 = NEXT_ASSEMBLY_USAGE_OCCURRENCE('149','SPOT_S43','',#5,#6951,$);
#6979 = PRODUCT_RELATED_PRODUCT_CATEGORY('part',$,(#6953));
#6980 = SHAPE_DEFINITION_REPRESENTATION(#6981,#6987);
#6981 = PRODUCT_DEFINITION_SHAPE('','',#6982);
#6982 = PRODUCT_DEFINITION('design','',#6983,#6986);
#6983 = PRODUCT_DEFINITION_FORMATION('','',#6984);
#6984 = PRODUCT('SPOT_S44','SPOT_S44','',(#6985));
#6985 = PRODUCT_CONTEXT('',#2,'mechanical');
#6986 = PRODUCT_DEFINITION_CONTEXT('part definition',#2,'design');
#6987 = ADVANCED_BREP_SHAPE_REPRESENTATION('',(#11,#6988),#7000);
#6988 = MANIFOLD_SOLID_BREP('',#6989);
#6989 = CLOSED_SHELL('',(#6990));
#6990 = ADVANCED_FACE('',(#6991),#6995,.T.);
#6991 = FACE_BOUND('',#6992,.T.);
#6992 = VERTEX_LOOP('',#6993);
#6993 = VERTEX_POINT('',#6994);
#6994 = CARTESIAN_POINT('',(2.3E+03,-1.2,559.5));
#6995 = SPHERICAL_SURFACE('',#6996,3.);
#6996 = AXIS2_PLACEMENT_3D('',#6997,#6998,#6999);
#6997 = CARTESIAN_POINT('',(2.3E+03,-1.2,562.5));
#6998 = DIRECTION('',(0.,0.,1.));
#6999 = DIRECTION('',(1.,0.,0.));
#7000 = ( GEOMETRIC_REPRESENTATION_CONTEXT(3) 
GLOBAL_UNCERTAINTY_ASSIGNED_CONTEXT((#7004)) 
GLOBAL_UNIT_ASSIGNED_CONTEXT((#7001,#7002,#7003)) REPRESENTATION_CONTEXT
('Context #1','3D Context with UNIT and UNCERTAINTY') );
#7001 = ( LENGTH_UNIT() NAMED_UNIT(*) SI_UNIT(.MILLI.,.METRE.) );
#7002 = ( NAMED_UNIT(*) PLANE_ANGLE_UNIT() SI_UNIT($,.RADIAN.) );
#7003 = ( NAMED_UNIT(*) SI_UNIT($,.STERADIAN.) SOLID_ANGLE_UNIT() );
#7004 = UNCERTAINTY_MEASURE_WITH_UNIT(LENGTH_MEASURE(1.E-07),#7001,
  'distance_accuracy_value','confusion accuracy');
#7005 = CONTEXT_DEPENDENT_SHAPE_REPRESENTATION(#7006,#7008);
#7006 = ( REPRESENTATION_RELATIONSHIP('','',#6987,#10) 
REPRESENTATION_RELATIONSHIP_WITH_TRANSFORMATION(#7007) 
SHAPE_REPRESENTATION_RELATIONSHIP() );
#7007 = ITEM_DEFINED_TRANSFORMATION('','',#11,#251);
#7008 = PRODUCT_DEFINITION_SHAPE('Placement','Placement of an item',
  #7009);
#7009 = NEXT_ASSEMBLY_USAGE_OCCURRENCE('150','SPOT_S44','',#5,#6982,$);
#7010 = PRODUCT_RELATED_PRODUCT_CATEGORY('part',$,(#6984));
#7011 = SHAPE_DEFINITION_REPRESENTATION(#7012,#7018);
#7012 = PRODUCT_DEFINITION_SHAPE('','',#7013);
#7013 = PRODUCT_DEFINITION('design','',#7014,#7017);
#7014 = PRODUCT_DEFINITION_FORMATION('','',#7015);
#7015 = PRODUCT('SPOT_B00','SPOT_B00','',(#7016));
#7016 = PRODUCT_CONTEXT('',#2,'mechanical');
#7017 = PRODUCT_DEFINITION_CONTEXT('part definition',#2,'design');
#7018 = ADVANCED_BREP_SHAPE_REPRESENTATION('',(#11,#7019),#7031);
#7019 = MANIFOLD_SOLID_BREP('',#7020);
#7020 = CLOSED_SHELL('',(#7021));
#7021 = ADVANCED_FACE('',(#7022),#7026,.T.);
#7022 = FACE_BOUND('',#7023,.T.);
#7023 = VERTEX_LOOP('',#7024);
#7024 = VERTEX_POINT('',#7025);
#7025 = CARTESIAN_POINT('',(1.2925E+03,-61.2,597.));
#7026 = SPHERICAL_SURFACE('',#7027,3.);
#7027 = AXIS2_PLACEMENT_3D('',#7028,#7029,#7030);
#7028 = CARTESIAN_POINT('',(1.2925E+03,-61.2,600.));
#7029 = DIRECTION('',(0.,0.,1.));
#7030 = DIRECTION('',(1.,0.,0.));
#7031 = ( GEOMETRIC_REPRESENTATION_CONTEXT(3) 
GLOBAL_UNCERTAINTY_ASSIGNED_CONTEXT((#7035)) 
GLOBAL_UNIT_ASSIGNED_CONTEXT((#7032,#7033,#7034)) REPRESENTATION_CONTEXT
('Context #1','3D Context with UNIT and UNCERTAINTY') );
#7032 = ( LENGTH_UNIT() NAMED_UNIT(*) SI_UNIT(.MILLI.,.METRE.) );
#7033 = ( NAMED_UNIT(*) PLANE_ANGLE_UNIT() SI_UNIT($,.RADIAN.) );
#7034 = ( NAMED_UNIT(*) SI_UNIT($,.STERADIAN.) SOLID_ANGLE_UNIT() );
#7035 = UNCERTAINTY_MEASURE_WITH_UNIT(LENGTH_MEASURE(1.E-07),#7032,
  'distance_accuracy_value','confusion accuracy');
#7036 = CONTEXT_DEPENDENT_SHAPE_REPRESENTATION(#7037,#7039);
#7037 = ( REPRESENTATION_RELATIONSHIP('','',#7018,#10) 
REPRESENTATION_RELATIONSHIP_WITH_TRANSFORMATION(#7038) 
SHAPE_REPRESENTATION_RELATIONSHIP() );
#7038 = ITEM_DEFINED_TRANSFORMATION('','',#11,#255);
#7039 = PRODUCT_DEFINITION_SHAPE('Placement','Placement of an item',
  #7040);
#7040 = NEXT_ASSEMBLY_USAGE_OCCURRENCE('151','SPOT_B00','',#5,#7013,$);
#7041 = PRODUCT_RELATED_PRODUCT_CATEGORY('part',$,(#7015));
#7042 = SHAPE_DEFINITION_REPRESENTATION(#7043,#7049);
#7043 = PRODUCT_DEFINITION_SHAPE('','',#7044);
#7044 = PRODUCT_DEFINITION('design','',#7045,#7048);
#7045 = PRODUCT_DEFINITION_FORMATION('','',#7046);
#7046 = PRODUCT('SPOT_B01','SPOT_B01','',(#7047));
#7047 = PRODUCT_CONTEXT('',#2,'mechanical');
#7048 = PRODUCT_DEFINITION_CONTEXT('part definition',#2,'design');
#7049 = ADVANCED_BREP_SHAPE_REPRESENTATION('',(#11,#7050),#7062);
#7050 = MANIFOLD_SOLID_BREP('',#7051);
#7051 = CLOSED_SHELL('',(#7052));
#7052 = ADVANCED_FACE('',(#7053),#7057,.T.);
#7053 = FACE_BOUND('',#7054,.T.);
#7054 = VERTEX_LOOP('',#7055);
#7055 = VERTEX_POINT('',#7056);
#7056 = CARTESIAN_POINT('',(1.2925E+03,-61.2,647.));
#7057 = SPHERICAL_SURFACE('',#7058,3.);
#7058 = AXIS2_PLACEMENT_3D('',#7059,#7060,#7061);
#7059 = CARTESIAN_POINT('',(1.2925E+03,-61.2,650.));
#7060 = DIRECTION('',(0.,0.,1.));
#7061 = DIRECTION('',(1.,0.,0.));
#7062 = ( GEOMETRIC_REPRESENTATION_CONTEXT(3) 
GLOBAL_UNCERTAINTY_ASSIGNED_CONTEXT((#7066)) 
GLOBAL_UNIT_ASSIGNED_CONTEXT((#7063,#7064,#7065)) REPRESENTATION_CONTEXT
('Context #1','3D Context with UNIT and UNCERTAINTY') );
#7063 = ( LENGTH_UNIT() NAMED_UNIT(*) SI_UNIT(.MILLI.,.METRE.) );
#7064 = ( NAMED_UNIT(*) PLANE_ANGLE_UNIT() SI_UNIT($,.RADIAN.) );
#7065 = ( NAMED_UNIT(*) SI_UNIT($,.STERADIAN.) SOLID_ANGLE_UNIT() );
#7066 = UNCERTAINTY_MEASURE_WITH_UNIT(LENGTH_MEASURE(1.E-07),#7063,
  'distance_accuracy_value','confusion accuracy');
#7067 = CONTEXT_DEPENDENT_SHAPE_REPRESENTATION(#7068,#7070);
#7068 = ( REPRESENTATION_RELATIONSHIP('','',#7049,#10) 
REPRESENTATION_RELATIONSHIP_WITH_TRANSFORMATION(#7069) 
SHAPE_REPRESENTATION_RELATIONSHIP() );
#7069 = ITEM_DEFINED_TRANSFORMATION('','',#11,#259);
#7070 = PRODUCT_DEFINITION_SHAPE('Placement','Placement of an item',
  #7071);
#7071 = NEXT_ASSEMBLY_USAGE_OCCURRENCE('152','SPOT_B01','',#5,#7044,$);
#7072 = PRODUCT_RELATED_PRODUCT_CATEGORY('part',$,(#7046));
#7073 = SHAPE_DEFINITION_REPRESENTATION(#7074,#7080);
#7074 = PRODUCT_DEFINITION_SHAPE('','',#7075);
#7075 = PRODUCT_DEFINITION('design','',#7076,#7079);
#7076 = PRODUCT_DEFINITION_FORMATION('','',#7077);
#7077 = PRODUCT('SPOT_B02','SPOT_B02','',(#7078));
#7078 = PRODUCT_CONTEXT('',#2,'mechanical');
#7079 = PRODUCT_DEFINITION_CONTEXT('part definition',#2,'design');
#7080 = ADVANCED_BREP_SHAPE_REPRESENTATION('',(#11,#7081),#7093);
#7081 = MANIFOLD_SOLID_BREP('',#7082);
#7082 = CLOSED_SHELL('',(#7083));
#7083 = ADVANCED_FACE('',(#7084),#7088,.T.);
#7084 = FACE_BOUND('',#7085,.T.);
#7085 = VERTEX_LOOP('',#7086);
#7086 = VERTEX_POINT('',#7087);
#7087 = CARTESIAN_POINT('',(1.2925E+03,-61.2,697.));
#7088 = SPHERICAL_SURFACE('',#7089,3.);
#7089 = AXIS2_PLACEMENT_3D('',#7090,#7091,#7092);
#7090 = CARTESIAN_POINT('',(1.2925E+03,-61.2,700.));
#7091 = DIRECTION('',(0.,0.,1.));
#7092 = DIRECTION('',(1.,0.,0.));
#7093 = ( GEOMETRIC_REPRESENTATION_CONTEXT(3) 
GLOBAL_UNCERTAINTY_ASSIGNED_CONTEXT((#7097)) 
GLOBAL_UNIT_ASSIGNED_CONTEXT((#7094,#7095,#7096)) REPRESENTATION_CONTEXT
('Context #1','3D Context with UNIT and UNCERTAINTY') );
#7094 = ( LENGTH_UNIT() NAMED_UNIT(*) SI_UNIT(.MILLI.,.METRE.) );
#7095 = ( NAMED_UNIT(*) PLANE_ANGLE_UNIT() SI_UNIT($,.RADIAN.) );
#7096 = ( NAMED_UNIT(*) SI_UNIT($,.STERADIAN.) SOLID_ANGLE_UNIT() );
#7097 = UNCERTAINTY_MEASURE_WITH_UNIT(LENGTH_MEASURE(1.E-07),#7094,
  'distance_accuracy_value','confusion accuracy');
#7098 = CONTEXT_DEPENDENT_SHAPE_REPRESENTATION(#7099,#7101);
#7099 = ( REPRESENTATION_RELATIONSHIP('','',#7080,#10) 
REPRESENTATION_RELATIONSHIP_WITH_TRANSFORMATION(#7100) 
SHAPE_REPRESENTATION_RELATIONSHIP() );
#7100 = ITEM_DEFINED_TRANSFORMATION('','',#11,#263);
#7101 = PRODUCT_DEFINITION_SHAPE('Placement','Placement of an item',
  #7102);
#7102 = NEXT_ASSEMBLY_USAGE_OCCURRENCE('153','SPOT_B02','',#5,#7075,$);
#7103 = PRODUCT_RELATED_PRODUCT_CATEGORY('part',$,(#7077));
#7104 = SHAPE_DEFINITION_REPRESENTATION(#7105,#7111);
#7105 = PRODUCT_DEFINITION_SHAPE('','',#7106);
#7106 = PRODUCT_DEFINITION('design','',#7107,#7110);
#7107 = PRODUCT_DEFINITION_FORMATION('','',#7108);
#7108 = PRODUCT('SPOT_B03','SPOT_B03','',(#7109));
#7109 = PRODUCT_CONTEXT('',#2,'mechanical');
#7110 = PRODUCT_DEFINITION_CONTEXT('part definition',#2,'design');
#7111 = ADVANCED_BREP_SHAPE_REPRESENTATION('',(#11,#7112),#7124);
#7112 = MANIFOLD_SOLID_BREP('',#7113);
#7113 = CLOSED_SHELL('',(#7114));
#7114 = ADVANCED_FACE('',(#7115),#7119,.T.);
#7115 = FACE_BOUND('',#7116,.T.);
#7116 = VERTEX_LOOP('',#7117);
#7117 = VERTEX_POINT('',#7118);
#7118 = CARTESIAN_POINT('',(1.2925E+03,-61.2,747.));
#7119 = SPHERICAL_SURFACE('',#7120,3.);
#7120 = AXIS2_PLACEMENT_3D('',#7121,#7122,#7123);
#7121 = CARTESIAN_POINT('',(1.2925E+03,-61.2,750.));
#7122 = DIRECTION('',(0.,0.,1.));
#7123 = DIRECTION('',(1.,0.,0.));
#7124 = ( GEOMETRIC_REPRESENTATION_CONTEXT(3) 
GLOBAL_UNCERTAINTY_ASSIGNED_CONTEXT((#7128)) 
GLOBAL_UNIT_ASSIGNED_CONTEXT((#7125,#7126,#7127)) REPRESENTATION_CONTEXT
('Context #1','3D Context with UNIT and UNCERTAINTY') );
#7125 = ( LENGTH_UNIT() NAMED_UNIT(*) SI_UNIT(.MILLI.,.METRE.) );
#7126 = ( NAMED_UNIT(*) PLANE_ANGLE_UNIT() SI_UNIT($,.RADIAN.) );
#7127 = ( NAMED_UNIT(*) SI_UNIT($,.STERADIAN.) SOLID_ANGLE_UNIT() );
#7128 = UNCERTAINTY_MEASURE_WITH_UNIT(LENGTH_MEASURE(1.E-07),#7125,
  'distance_accuracy_value','confusion accuracy');
#7129 = CONTEXT_DEPENDENT_SHAPE_REPRESENTATION(#7130,#7132);
#7130 = ( REPRESENTATION_RELATIONSHIP('','',#7111,#10) 
REPRESENTATION_RELATIONSHIP_WITH_TRANSFORMATION(#7131) 
SHAPE_REPRESENTATION_RELATIONSHIP() );
#7131 = ITEM_DEFINED_TRANSFORMATION('','',#11,#267);
#7132 = PRODUCT_DEFINITION_SHAPE('Placement','Placement of an item',
  #7133);
#7133 = NEXT_ASSEMBLY_USAGE_OCCURRENCE('154','SPOT_B03','',#5,#7106,$);
#7134 = PRODUCT_RELATED_PRODUCT_CATEGORY('part',$,(#7108));
#7135 = SHAPE_DEFINITION_REPRESENTATION(#7136,#7142);
#7136 = PRODUCT_DEFINITION_SHAPE('','',#7137);
#7137 = PRODUCT_DEFINITION('design','',#7138,#7141);
#7138 = PRODUCT_DEFINITION_FORMATION('','',#7139);
#7139 = PRODUCT('SPOT_B04','SPOT_B04','',(#7140));
#7140 = PRODUCT_CONTEXT('',#2,'mechanical');
#7141 = PRODUCT_DEFINITION_CONTEXT('part definition',#2,'design');
#7142 = ADVANCED_BREP_SHAPE_REPRESENTATION('',(#11,#7143),#7155);
#7143 = MANIFOLD_SOLID_BREP('',#7144);
#7144 = CLOSED_SHELL('',(#7145));
#7145 = ADVANCED_FACE('',(#7146),#7150,.T.);
#7146 = FACE_BOUND('',#7147,.T.);
#7147 = VERTEX_LOOP('',#7148);
#7148 = VERTEX_POINT('',#7149);
#7149 = CARTESIAN_POINT('',(1.2925E+03,-61.2,797.));
#7150 = SPHERICAL_SURFACE('',#7151,3.);
#7151 = AXIS2_PLACEMENT_3D('',#7152,#7153,#7154);
#7152 = CARTESIAN_POINT('',(1.2925E+03,-61.2,800.));
#7153 = DIRECTION('',(0.,0.,1.));
#7154 = DIRECTION('',(1.,0.,0.));
#7155 = ( GEOMETRIC_REPRESENTATION_CONTEXT(3) 
GLOBAL_UNCERTAINTY_ASSIGNED_CONTEXT((#7159)) 
GLOBAL_UNIT_ASSIGNED_CONTEXT((#7156,#7157,#7158)) REPRESENTATION_CONTEXT
('Context #1','3D Context with UNIT and UNCERTAINTY') );
#7156 = ( LENGTH_UNIT() NAMED_UNIT(*) SI_UNIT(.MILLI.,.METRE.) );
#7157 = ( NAMED_UNIT(*) PLANE_ANGLE_UNIT() SI_UNIT($,.RADIAN.) );
#7158 = ( NAMED_UNIT(*) SI_UNIT($,.STERADIAN.) SOLID_ANGLE_UNIT() );
#7159 = UNCERTAINTY_MEASURE_WITH_UNIT(LENGTH_MEASURE(1.E-07),#7156,
  'distance_accuracy_value','confusion accuracy');
#7160 = CONTEXT_DEPENDENT_SHAPE_REPRESENTATION(#7161,#7163);
#7161 = ( REPRESENTATION_RELATIONSHIP('','',#7142,#10) 
REPRESENTATION_RELATIONSHIP_WITH_TRANSFORMATION(#7162) 
SHAPE_REPRESENTATION_RELATIONSHIP() );
#7162 = ITEM_DEFINED_TRANSFORMATION('','',#11,#271);
#7163 = PRODUCT_DEFINITION_SHAPE('Placement','Placement of an item',
  #7164);
#7164 = NEXT_ASSEMBLY_USAGE_OCCURRENCE('155','SPOT_B04','',#5,#7137,$);
#7165 = PRODUCT_RELATED_PRODUCT_CATEGORY('part',$,(#7139));
#7166 = SHAPE_DEFINITION_REPRESENTATION(#7167,#7173);
#7167 = PRODUCT_DEFINITION_SHAPE('','',#7168);
#7168 = PRODUCT_DEFINITION('design','',#7169,#7172);
#7169 = PRODUCT_DEFINITION_FORMATION('','',#7170);
#7170 = PRODUCT('SPOT_B05','SPOT_B05','',(#7171));
#7171 = PRODUCT_CONTEXT('',#2,'mechanical');
#7172 = PRODUCT_DEFINITION_CONTEXT('part definition',#2,'design');
#7173 = ADVANCED_BREP_SHAPE_REPRESENTATION('',(#11,#7174),#7186);
#7174 = MANIFOLD_SOLID_BREP('',#7175);
#7175 = CLOSED_SHELL('',(#7176));
#7176 = ADVANCED_FACE('',(#7177),#7181,.T.);
#7177 = FACE_BOUND('',#7178,.T.);
#7178 = VERTEX_LOOP('',#7179);
#7179 = VERTEX_POINT('',#7180);
#7180 = CARTESIAN_POINT('',(1.2925E+03,-61.2,847.));
#7181 = SPHERICAL_SURFACE('',#7182,3.);
#7182 = AXIS2_PLACEMENT_3D('',#7183,#7184,#7185);
#7183 = CARTESIAN_POINT('',(1.2925E+03,-61.2,850.));
#7184 = DIRECTION('',(0.,0.,1.));
#7185 = DIRECTION('',(1.,0.,0.));
#7186 = ( GEOMETRIC_REPRESENTATION_CONTEXT(3) 
GLOBAL_UNCERTAINTY_ASSIGNED_CONTEXT((#7190)) 
GLOBAL_UNIT_ASSIGNED_CONTEXT((#7187,#7188,#7189)) REPRESENTATION_CONTEXT
('Context #1','3D Context with UNIT and UNCERTAINTY') );
#7187 = ( LENGTH_UNIT() NAMED_UNIT(*) SI_UNIT(.MILLI.,.METRE.) );
#7188 = ( NAMED_UNIT(*) PLANE_ANGLE_UNIT() SI_UNIT($,.RADIAN.) );
#7189 = ( NAMED_UNIT(*) SI_UNIT($,.STERADIAN.) SOLID_ANGLE_UNIT() );
#7190 = UNCERTAINTY_MEASURE_WITH_UNIT(LENGTH_MEASURE(1.E-07),#7187,
  'distance_accuracy_value','confusion accuracy');
#7191 = CONTEXT_DEPENDENT_SHAPE_REPRESENTATION(#7192,#7194);
#7192 = ( REPRESENTATION_RELATIONSHIP('','',#7173,#10) 
REPRESENTATION_RELATIONSHIP_WITH_TRANSFORMATION(#7193) 
SHAPE_REPRESENTATION_RELATIONSHIP() );
#7193 = ITEM_DEFINED_TRANSFORMATION('','',#11,#275);
#7194 = PRODUCT_DEFINITION_SHAPE('Placement','Placement of an item',
  #7195);
#7195 = NEXT_ASSEMBLY_USAGE_OCCURRENCE('156','SPOT_B05','',#5,#7168,$);
#7196 = PRODUCT_RELATED_PRODUCT_CATEGORY('part',$,(#7170));
#7197 = SHAPE_DEFINITION_REPRESENTATION(#7198,#7204);
#7198 = PRODUCT_DEFINITION_SHAPE('','',#7199);
#7199 = PRODUCT_DEFINITION('design','',#7200,#7203);
#7200 = PRODUCT_DEFINITION_FORMATION('','',#7201);
#7201 = PRODUCT('SPOT_B06','SPOT_B06','',(#7202));
#7202 = PRODUCT_CONTEXT('',#2,'mechanical');
#7203 = PRODUCT_DEFINITION_CONTEXT('part definition',#2,'design');
#7204 = ADVANCED_BREP_SHAPE_REPRESENTATION('',(#11,#7205),#7217);
#7205 = MANIFOLD_SOLID_BREP('',#7206);
#7206 = CLOSED_SHELL('',(#7207));
#7207 = ADVANCED_FACE('',(#7208),#7212,.T.);
#7208 = FACE_BOUND('',#7209,.T.);
#7209 = VERTEX_LOOP('',#7210);
#7210 = VERTEX_POINT('',#7211);
#7211 = CARTESIAN_POINT('',(1.2925E+03,-61.2,897.));
#7212 = SPHERICAL_SURFACE('',#7213,3.);
#7213 = AXIS2_PLACEMENT_3D('',#7214,#7215,#7216);
#7214 = CARTESIAN_POINT('',(1.2925E+03,-61.2,900.));
#7215 = DIRECTION('',(0.,0.,1.));
#7216 = DIRECTION('',(1.,0.,0.));
#7217 = ( GEOMETRIC_REPRESENTATION_CONTEXT(3) 
GLOBAL_UNCERTAINTY_ASSIGNED_CONTEXT((#7221)) 
GLOBAL_UNIT_ASSIGNED_CONTEXT((#7218,#7219,#7220)) REPRESENTATION_CONTEXT
('Context #1','3D Context with UNIT and UNCERTAINTY') );
#7218 = ( LENGTH_UNIT() NAMED_UNIT(*) SI_UNIT(.MILLI.,.METRE.) );
#7219 = ( NAMED_UNIT(*) PLANE_ANGLE_UNIT() SI_UNIT($,.RADIAN.) );
#7220 = ( NAMED_UNIT(*) SI_UNIT($,.STERADIAN.) SOLID_ANGLE_UNIT() );
#7221 = UNCERTAINTY_MEASURE_WITH_UNIT(LENGTH_MEASURE(1.E-07),#7218,
  'distance_accuracy_value','confusion accuracy');
#7222 = CONTEXT_DEPENDENT_SHAPE_REPRESENTATION(#7223,#7225);
#7223 = ( REPRESENTATION_RELATIONSHIP('','',#7204,#10) 
REPRESENTATION_RELATIONSHIP_WITH_TRANSFORMATION(#7224) 
SHAPE_REPRESENTATION_RELATIONSHIP() );
#7224 = ITEM_DEFINED_TRANSFORMATION('','',#11,#279);
#7225 = PRODUCT_DEFINITION_SHAPE('Placement','Placement of an item',
  #7226);
#7226 = NEXT_ASSEMBLY_USAGE_OCCURRENCE('157','SPOT_B06','',#5,#7199,$);
#7227 = PRODUCT_RELATED_PRODUCT_CATEGORY('part',$,(#7201));
#7228 = SHAPE_DEFINITION_REPRESENTATION(#7229,#7235);
#7229 = PRODUCT_DEFINITION_SHAPE('','',#7230);
#7230 = PRODUCT_DEFINITION('design','',#7231,#7234);
#7231 = PRODUCT_DEFINITION_FORMATION('','',#7232);
#7232 = PRODUCT('SPOT_B07','SPOT_B07','',(#7233));
#7233 = PRODUCT_CONTEXT('',#2,'mechanical');
#7234 = PRODUCT_DEFINITION_CONTEXT('part definition',#2,'design');
#7235 = ADVANCED_BREP_SHAPE_REPRESENTATION('',(#11,#7236),#7248);
#7236 = MANIFOLD_SOLID_BREP('',#7237);
#7237 = CLOSED_SHELL('',(#7238));
#7238 = ADVANCED_FACE('',(#7239),#7243,.T.);
#7239 = FACE_BOUND('',#7240,.T.);
#7240 = VERTEX_LOOP('',#7241);
#7241 = VERTEX_POINT('',#7242);
#7242 = CARTESIAN_POINT('',(1.2925E+03,-61.2,947.));
#7243 = SPHERICAL_SURFACE('',#7244,3.);
#7244 = AXIS2_PLACEMENT_3D('',#7245,#7246,#7247);
#7245 = CARTESIAN_POINT('',(1.2925E+03,-61.2,950.));
#7246 = DIRECTION('',(0.,0.,1.));
#7247 = DIRECTION('',(1.,0.,0.));
#7248 = ( GEOMETRIC_REPRESENTATION_CONTEXT(3) 
GLOBAL_UNCERTAINTY_ASSIGNED_CONTEXT((#7252)) 
GLOBAL_UNIT_ASSIGNED_CONTEXT((#7249,#7250,#7251)) REPRESENTATION_CONTEXT
('Context #1','3D Context with UNIT and UNCERTAINTY') );
#7249 = ( LENGTH_UNIT() NAMED_UNIT(*) SI_UNIT(.MILLI.,.METRE.) );
#7250 = ( NAMED_UNIT(*) PLANE_ANGLE_UNIT() SI_UNIT($,.RADIAN.) );
#7251 = ( NAMED_UNIT(*) SI_UNIT($,.STERADIAN.) SOLID_ANGLE_UNIT() );
#7252 = UNCERTAINTY_MEASURE_WITH_UNIT(LENGTH_MEASURE(1.E-07),#7249,
  'distance_accuracy_value','confusion accuracy');
#7253 = CONTEXT_DEPENDENT_SHAPE_REPRESENTATION(#7254,#7256);
#7254 = ( REPRESENTATION_RELATIONSHIP('','',#7235,#10) 
REPRESENTATION_RELATIONSHIP_WITH_TRANSFORMATION(#7255) 
SHAPE_REPRESENTATION_RELATIONSHIP() );
#7255 = ITEM_DEFINED_TRANSFORMATION('','',#11,#283);
#7256 = PRODUCT_DEFINITION_SHAPE('Placement','Placement of an item',
  #7257);
#7257 = NEXT_ASSEMBLY_USAGE_OCCURRENCE('158','SPOT_B07','',#5,#7230,$);
#7258 = PRODUCT_RELATED_PRODUCT_CATEGORY('part',$,(#7232));
#7259 = SHAPE_DEFINITION_REPRESENTATION(#7260,#7266);
#7260 = PRODUCT_DEFINITION_SHAPE('','',#7261);
#7261 = PRODUCT_DEFINITION('design','',#7262,#7265);
#7262 = PRODUCT_DEFINITION_FORMATION('','',#7263);
#7263 = PRODUCT('SPOT_B08','SPOT_B08','',(#7264));
#7264 = PRODUCT_CONTEXT('',#2,'mechanical');
#7265 = PRODUCT_DEFINITION_CONTEXT('part definition',#2,'design');
#7266 = ADVANCED_BREP_SHAPE_REPRESENTATION('',(#11,#7267),#7279);
#7267 = MANIFOLD_SOLID_BREP('',#7268);
#7268 = CLOSED_SHELL('',(#7269));
#7269 = ADVANCED_FACE('',(#7270),#7274,.T.);
#7270 = FACE_BOUND('',#7271,.T.);
#7271 = VERTEX_LOOP('',#7272);
#7272 = VERTEX_POINT('',#7273);
#7273 = CARTESIAN_POINT('',(1.2925E+03,-61.2,997.));
#7274 = SPHERICAL_SURFACE('',#7275,3.);
#7275 = AXIS2_PLACEMENT_3D('',#7276,#7277,#7278);
#7276 = CARTESIAN_POINT('',(1.2925E+03,-61.2,1.E+03));
#7277 = DIRECTION('',(0.,0.,1.));
#7278 = DIRECTION('',(1.,0.,0.));
#7279 = ( GEOMETRIC_REPRESENTATION_CONTEXT(3) 
GLOBAL_UNCERTAINTY_ASSIGNED_CONTEXT((#7283)) 
GLOBAL_UNIT_ASSIGNED_CONTEXT((#7280,#7281,#7282)) REPRESENTATION_CONTEXT
('Context #1','3D Context with UNIT and UNCERTAINTY') );
#7280 = ( LENGTH_UNIT() NAMED_UNIT(*) SI_UNIT(.MILLI.,.METRE.) );
#7281 = ( NAMED_UNIT(*) PLANE_ANGLE_UNIT() SI_UNIT($,.RADIAN.) );
#7282 = ( NAMED_UNIT(*) SI_UNIT($,.STERADIAN.) SOLID_ANGLE_UNIT() );
#7283 = UNCERTAINTY_MEASURE_WITH_UNIT(LENGTH_MEASURE(1.E-07),#7280,
  'distance_accuracy_value','confusion accuracy');
#7284 = CONTEXT_DEPENDENT_SHAPE_REPRESENTATION(#7285,#7287);
#7285 = ( REPRESENTATION_RELATIONSHIP('','',#7266,#10) 
REPRESENTATION_RELATIONSHIP_WITH_TRANSFORMATION(#7286) 
SHAPE_REPRESENTATION_RELATIONSHIP() );
#7286 = ITEM_DEFINED_TRANSFORMATION('','',#11,#287);
#7287 = PRODUCT_DEFINITION_SHAPE('Placement','Placement of an item',
  #7288);
#7288 = NEXT_ASSEMBLY_USAGE_OCCURRENCE('159','SPOT_B08','',#5,#7261,$);
#7289 = PRODUCT_RELATED_PRODUCT_CATEGORY('part',$,(#7263));
#7290 = SHAPE_DEFINITION_REPRESENTATION(#7291,#7297);
#7291 = PRODUCT_DEFINITION_SHAPE('','',#7292);
#7292 = PRODUCT_DEFINITION('design','',#7293,#7296);
#7293 = PRODUCT_DEFINITION_FORMATION('','',#7294);
#7294 = PRODUCT('SPOT_B09','SPOT_B09','',(#7295));
#7295 = PRODUCT_CONTEXT('',#2,'mechanical');
#7296 = PRODUCT_DEFINITION_CONTEXT('part definition',#2,'design');
#7297 = ADVANCED_BREP_SHAPE_REPRESENTATION('',(#11,#7298),#7310);
#7298 = MANIFOLD_SOLID_BREP('',#7299);
#7299 = CLOSED_SHELL('',(#7300));
#7300 = ADVANCED_FACE('',(#7301),#7305,.T.);
#7301 = FACE_BOUND('',#7302,.T.);
#7302 = VERTEX_LOOP('',#7303);
#7303 = VERTEX_POINT('',#7304);
#7304 = CARTESIAN_POINT('',(1.2925E+03,-61.2,1.047E+03));
#7305 = SPHERICAL_SURFACE('',#7306,3.);
#7306 = AXIS2_PLACEMENT_3D('',#7307,#7308,#7309);
#7307 = CARTESIAN_POINT('',(1.2925E+03,-61.2,1.05E+03));
#7308 = DIRECTION('',(0.,0.,1.));
#7309 = DIRECTION('',(1.,0.,0.));
#7310 = ( GEOMETRIC_REPRESENTATION_CONTEXT(3) 
GLOBAL_UNCERTAINTY_ASSIGNED_CONTEXT((#7314)) 
GLOBAL_UNIT_ASSIGNED_CONTEXT((#7311,#7312,#7313)) REPRESENTATION_CONTEXT
('Context #1','3D Context with UNIT and UNCERTAINTY') );
#7311 = ( LENGTH_UNIT() NAMED_UNIT(*) SI_UNIT(.MILLI.,.METRE.) );
#7312 = ( NAMED_UNIT(*) PLANE_ANGLE_UNIT() SI_UNIT($,.RADIAN.) );
#7313 = ( NAMED_UNIT(*) SI_UNIT($,.STERADIAN.) SOLID_ANGLE_UNIT() );
#7314 = UNCERTAINTY_MEASURE_WITH_UNIT(LENGTH_MEASURE(1.E-07),#7311,
  'distance_accuracy_value','confusion accuracy');
#7315 = CONTEXT_DEPENDENT_SHAPE_REPRESENTATION(#7316,#7318);
#7316 = ( REPRESENTATION_RELATIONSHIP('','',#7297,#10) 
REPRESENTATION_RELATIONSHIP_WITH_TRANSFORMATION(#7317) 
SHAPE_REPRESENTATION_RELATIONSHIP() );
#7317 = ITEM_DEFINED_TRANSFORMATION('','',#11,#291);
#7318 = PRODUCT_DEFINITION_SHAPE('Placement','Placement of an item',
  #7319);
#7319 = NEXT_ASSEMBLY_USAGE_OCCURRENCE('160','SPOT_B09','',#5,#7292,$);
#7320 = PRODUCT_RELATED_PRODUCT_CATEGORY('part',$,(#7294));
#7321 = SHAPE_DEFINITION_REPRESENTATION(#7322,#7328);
#7322 = PRODUCT_DEFINITION_SHAPE('','',#7323);
#7323 = PRODUCT_DEFINITION('design','',#7324,#7327);
#7324 = PRODUCT_DEFINITION_FORMATION('','',#7325);
#7325 = PRODUCT('SPOT_B10','SPOT_B10','',(#7326));
#7326 = PRODUCT_CONTEXT('',#2,'mechanical');
#7327 = PRODUCT_DEFINITION_CONTEXT('part definition',#2,'design');
#7328 = ADVANCED_BREP_SHAPE_REPRESENTATION('',(#11,#7329),#7341);
#7329 = MANIFOLD_SOLID_BREP('',#7330);
#7330 = CLOSED_SHELL('',(#7331));
#7331 = ADVANCED_FACE('',(#7332),#7336,.T.);
#7332 = FACE_BOUND('',#7333,.T.);
#7333 = VERTEX_LOOP('',#7334);
#7334 = VERTEX_POINT('',#7335);
#7335 = CARTESIAN_POINT('',(1.2925E+03,-61.2,1.097E+03));
#7336 = SPHERICAL_SURFACE('',#7337,3.);
#7337 = AXIS2_PLACEMENT_3D('',#7338,#7339,#7340);
#7338 = CARTESIAN_POINT('',(1.2925E+03,-61.2,1.1E+03));
#7339 = DIRECTION('',(0.,0.,1.));
#7340 = DIRECTION('',(1.,0.,0.));
#7341 = ( GEOMETRIC_REPRESENTATION_CONTEXT(3) 
GLOBAL_UNCERTAINTY_ASSIGNED_CONTEXT((#7345)) 
GLOBAL_UNIT_ASSIGNED_CONTEXT((#7342,#7343,#7344)) REPRESENTATION_CONTEXT
('Context #1','3D Context with UNIT and UNCERTAINTY') );
#7342 = ( LENGTH_UNIT() NAMED_UNIT(*) SI_UNIT(.MILLI.,.METRE.) );
#7343 = ( NAMED_UNIT(*) PLANE_ANGLE_UNIT() SI_UNIT($,.RADIAN.) );
#7344 = ( NAMED_UNIT(*) SI_UNIT($,.STERADIAN.) SOLID_ANGLE_UNIT() );
#7345 = UNCERTAINTY_MEASURE_WITH_UNIT(LENGTH_MEASURE(1.E-07),#7342,
  'distance_accuracy_value','confusion accuracy');
#7346 = CONTEXT_DEPENDENT_SHAPE_REPRESENTATION(#7347,#7349);
#7347 = ( REPRESENTATION_RELATIONSHIP('','',#7328,#10) 
REPRESENTATION_RELATIONSHIP_WITH_TRANSFORMATION(#7348) 
SHAPE_REPRESENTATION_RELATIONSHIP() );
#7348 = ITEM_DEFINED_TRANSFORMATION('','',#11,#295);
#7349 = PRODUCT_DEFINITION_SHAPE('Placement','Placement of an item',
  #7350);
#7350 = NEXT_ASSEMBLY_USAGE_OCCURRENCE('161','SPOT_B10','',#5,#7323,$);
#7351 = PRODUCT_RELATED_PRODUCT_CATEGORY('part',$,(#7325));
#7352 = SHAPE_DEFINITION_REPRESENTATION(#7353,#7359);
#7353 = PRODUCT_DEFINITION_SHAPE('','',#7354);
#7354 = PRODUCT_DEFINITION('design','',#7355,#7358);
#7355 = PRODUCT_DEFINITION_FORMATION('','',#7356);
#7356 = PRODUCT('SPOT_B11','SPOT_B11','',(#7357));
#7357 = PRODUCT_CONTEXT('',#2,'mechanical');
#7358 = PRODUCT_DEFINITION_CONTEXT('part definition',#2,'design');
#7359 = ADVANCED_BREP_SHAPE_REPRESENTATION('',(#11,#7360),#7372);
#7360 = MANIFOLD_SOLID_BREP('',#7361);
#7361 = CLOSED_SHELL('',(#7362));
#7362 = ADVANCED_FACE('',(#7363),#7367,.T.);
#7363 = FACE_BOUND('',#7364,.T.);
#7364 = VERTEX_LOOP('',#7365);
#7365 = VERTEX_POINT('',#7366);
#7366 = CARTESIAN_POINT('',(1.2925E+03,-61.2,1.147E+03));
#7367 = SPHERICAL_SURFACE('',#7368,3.);
#7368 = AXIS2_PLACEMENT_3D('',#7369,#7370,#7371);
#7369 = CARTESIAN_POINT('',(1.2925E+03,-61.2,1.15E+03));
#7370 = DIRECTION('',(0.,0.,1.));
#7371 = DIRECTION('',(1.,0.,0.));
#7372 = ( GEOMETRIC_REPRESENTATION_CONTEXT(3) 
GLOBAL_UNCERTAINTY_ASSIGNED_CONTEXT((#7376)) 
GLOBAL_UNIT_ASSIGNED_CONTEXT((#7373,#7374,#7375)) REPRESENTATION_CONTEXT
('Context #1','3D Context with UNIT and UNCERTAINTY') );
#7373 = ( LENGTH_UNIT() NAMED_UNIT(*) SI_UNIT(.MILLI.,.METRE.) );
#7374 = ( NAMED_UNIT(*) PLANE_ANGLE_UNIT() SI_UNIT($,.RADIAN.) );
#7375 = ( NAMED_UNIT(*) SI_UNIT($,.STERADIAN.) SOLID_ANGLE_UNIT() );
#7376 = UNCERTAINTY_MEASURE_WITH_UNIT(LENGTH_MEASURE(1.E-07),#7373,
  'distance_accuracy_value','confusion accuracy');
#7377 = CONTEXT_DEPENDENT_SHAPE_REPRESENTATION(#7378,#7380);
#7378 = ( REPRESENTATION_RELATIONSHIP('','',#7359,#10) 
REPRESENTATION_RELATIONSHIP_WITH_TRANSFORMATION(#7379) 
SHAPE_REPRESENTATION_RELATIONSHIP() );
#7379 = ITEM_DEFINED_TRANSFORMATION('','',#11,#299);
#7380 = PRODUCT_DEFINITION_SHAPE('Placement','Placement of an item',
  #7381);
#7381 = NEXT_ASSEMBLY_USAGE_OCCURRENCE('162','SPOT_B11','',#5,#7354,$);
#7382 = PRODUCT_RELATED_PRODUCT_CATEGORY('part',$,(#7356));
#7383 = SHAPE_DEFINITION_REPRESENTATION(#7384,#7390);
#7384 = PRODUCT_DEFINITION_SHAPE('','',#7385);
#7385 = PRODUCT_DEFINITION('design','',#7386,#7389);
#7386 = PRODUCT_DEFINITION_FORMATION('','',#7387);
#7387 = PRODUCT('SPOT_B12','SPOT_B12','',(#7388));
#7388 = PRODUCT_CONTEXT('',#2,'mechanical');
#7389 = PRODUCT_DEFINITION_CONTEXT('part definition',#2,'design');
#7390 = ADVANCED_BREP_SHAPE_REPRESENTATION('',(#11,#7391),#7403);
#7391 = MANIFOLD_SOLID_BREP('',#7392);
#7392 = CLOSED_SHELL('',(#7393));
#7393 = ADVANCED_FACE('',(#7394),#7398,.T.);
#7394 = FACE_BOUND('',#7395,.T.);
#7395 = VERTEX_LOOP('',#7396);
#7396 = VERTEX_POINT('',#7397);
#7397 = CARTESIAN_POINT('',(1.2925E+03,-61.2,1.197E+03));
#7398 = SPHERICAL_SURFACE('',#7399,3.);
#7399 = AXIS2_PLACEMENT_3D('',#7400,#7401,#7402);
#7400 = CARTESIAN_POINT('',(1.2925E+03,-61.2,1.2E+03));
#7401 = DIRECTION('',(0.,0.,1.));
#7402 = DIRECTION('',(1.,0.,0.));
#7403 = ( GEOMETRIC_REPRESENTATION_CONTEXT(3) 
GLOBAL_UNCERTAINTY_ASSIGNED_CONTEXT((#7407)) 
GLOBAL_UNIT_ASSIGNED_CONTEXT((#7404,#7405,#7406)) REPRESENTATION_CONTEXT
('Context #1','3D Context with UNIT and UNCERTAINTY') );
#7404 = ( LENGTH_UNIT() NAMED_UNIT(*) SI_UNIT(.MILLI.,.METRE.) );
#7405 = ( NAMED_UNIT(*) PLANE_ANGLE_UNIT() SI_UNIT($,.RADIAN.) );
#7406 = ( NAMED_UNIT(*) SI_UNIT($,.STERADIAN.) SOLID_ANGLE_UNIT() );
#7407 = UNCERTAINTY_MEASURE_WITH_UNIT(LENGTH_MEASURE(1.E-07),#7404,
  'distance_accuracy_value','confusion accuracy');
#7408 = CONTEXT_DEPENDENT_SHAPE_REPRESENTATION(#7409,#7411);
#7409 = ( REPRESENTATION_RELATIONSHIP('','',#7390,#10) 
REPRESENTATION_RELATIONSHIP_WITH_TRANSFORMATION(#7410) 
SHAPE_REPRESENTATION_RELATIONSHIP() );
#7410 = ITEM_DEFINED_TRANSFORMATION('','',#11,#303);
#7411 = PRODUCT_DEFINITION_SHAPE('Placement','Placement of an item',
  #7412);
#7412 = NEXT_ASSEMBLY_USAGE_OCCURRENCE('163','SPOT_B12','',#5,#7385,$);
#7413 = PRODUCT_RELATED_PRODUCT_CATEGORY('part',$,(#7387));
#7414 = SHAPE_DEFINITION_REPRESENTATION(#7415,#7421);
#7415 = PRODUCT_DEFINITION_SHAPE('','',#7416);
#7416 = PRODUCT_DEFINITION('design','',#7417,#7420);
#7417 = PRODUCT_DEFINITION_FORMATION('','',#7418);
#7418 = PRODUCT('SPOT_B13','SPOT_B13','',(#7419));
#7419 = PRODUCT_CONTEXT('',#2,'mechanical');
#7420 = PRODUCT_DEFINITION_CONTEXT('part definition',#2,'design');
#7421 = ADVANCED_BREP_SHAPE_REPRESENTATION('',(#11,#7422),#7434);
#7422 = MANIFOLD_SOLID_BREP('',#7423);
#7423 = CLOSED_SHELL('',(#7424));
#7424 = ADVANCED_FACE('',(#7425),#7429,.T.);
#7425 = FACE_BOUND('',#7426,.T.);
#7426 = VERTEX_LOOP('',#7427);
#7427 = VERTEX_POINT('',#7428);
#7428 = CARTESIAN_POINT('',(1.2925E+03,-61.2,1.247E+03));
#7429 = SPHERICAL_SURFACE('',#7430,3.);
#7430 = AXIS2_PLACEMENT_3D('',#7431,#7432,#7433);
#7431 = CARTESIAN_POINT('',(1.2925E+03,-61.2,1.25E+03));
#7432 = DIRECTION('',(0.,0.,1.));
#7433 = DIRECTION('',(1.,0.,0.));
#7434 = ( GEOMETRIC_REPRESENTATION_CONTEXT(3) 
GLOBAL_UNCERTAINTY_ASSIGNED_CONTEXT((#7438)) 
GLOBAL_UNIT_ASSIGNED_CONTEXT((#7435,#7436,#7437)) REPRESENTATION_CONTEXT
('Context #1','3D Context with UNIT and UNCERTAINTY') );
#7435 = ( LENGTH_UNIT() NAMED_UNIT(*) SI_UNIT(.MILLI.,.METRE.) );
#7436 = ( NAMED_UNIT(*) PLANE_ANGLE_UNIT() SI_UNIT($,.RADIAN.) );
#7437 = ( NAMED_UNIT(*) SI_UNIT($,.STERADIAN.) SOLID_ANGLE_UNIT() );
#7438 = UNCERTAINTY_MEASURE_WITH_UNIT(LENGTH_MEASURE(1.E-07),#7435,
  'distance_accuracy_value','confusion accuracy');
#7439 = CONTEXT_DEPENDENT_SHAPE_REPRESENTATION(#7440,#7442);
#7440 = ( REPRESENTATION_RELATIONSHIP('','',#7421,#10) 
REPRESENTATION_RELATIONSHIP_WITH_TRANSFORMATION(#7441) 
SHAPE_REPRESENTATION_RELATIONSHIP() );
#7441 = ITEM_DEFINED_TRANSFORMATION('','',#11,#307);
#7442 = PRODUCT_DEFINITION_SHAPE('Placement','Placement of an item',
  #7443);
#7443 = NEXT_ASSEMBLY_USAGE_OCCURRENCE('164','SPOT_B13','',#5,#7416,$);
#7444 = PRODUCT_RELATED_PRODUCT_CATEGORY('part',$,(#7418));
#7445 = SHAPE_DEFINITION_REPRESENTATION(#7446,#7452);
#7446 = PRODUCT_DEFINITION_SHAPE('','',#7447);
#7447 = PRODUCT_DEFINITION('design','',#7448,#7451);
#7448 = PRODUCT_DEFINITION_FORMATION('','',#7449);
#7449 = PRODUCT('SPOT_B14','SPOT_B14','',(#7450));
#7450 = PRODUCT_CONTEXT('',#2,'mechanical');
#7451 = PRODUCT_DEFINITION_CONTEXT('part definition',#2,'design');
#7452 = ADVANCED_BREP_SHAPE_REPRESENTATION('',(#11,#7453),#7465);
#7453 = MANIFOLD_SOLID_BREP('',#7454);
#7454 = CLOSED_SHELL('',(#7455));
#7455 = ADVANCED_FACE('',(#7456),#7460,.T.);
#7456 = FACE_BOUND('',#7457,.T.);
#7457 = VERTEX_LOOP('',#7458);
#7458 = VERTEX_POINT('',#7459);
#7459 = CARTESIAN_POINT('',(1.2925E+03,-61.2,1.297E+03));
#7460 = SPHERICAL_SURFACE('',#7461,3.);
#7461 = AXIS2_PLACEMENT_3D('',#7462,#7463,#7464);
#7462 = CARTESIAN_POINT('',(1.2925E+03,-61.2,1.3E+03));
#7463 = DIRECTION('',(0.,0.,1.));
#7464 = DIRECTION('',(1.,0.,0.));
#7465 = ( GEOMETRIC_REPRESENTATION_CONTEXT(3) 
GLOBAL_UNCERTAINTY_ASSIGNED_CONTEXT((#7469)) 
GLOBAL_UNIT_ASSIGNED_CONTEXT((#7466,#7467,#7468)) REPRESENTATION_CONTEXT
('Context #1','3D Context with UNIT and UNCERTAINTY') );
#7466 = ( LENGTH_UNIT() NAMED_UNIT(*) SI_UNIT(.MILLI.,.METRE.) );
#7467 = ( NAMED_UNIT(*) PLANE_ANGLE_UNIT() SI_UNIT($,.RADIAN.) );
#7468 = ( NAMED_UNIT(*) SI_UNIT($,.STERADIAN.) SOLID_ANGLE_UNIT() );
#7469 = UNCERTAINTY_MEASURE_WITH_UNIT(LENGTH_MEASURE(1.E-07),#7466,
  'distance_accuracy_value','confusion accuracy');
#7470 = CONTEXT_DEPENDENT_SHAPE_REPRESENTATION(#7471,#7473);
#7471 = ( REPRESENTATION_RELATIONSHIP('','',#7452,#10) 
REPRESENTATION_RELATIONSHIP_WITH_TRANSFORMATION(#7472) 
SHAPE_REPRESENTATION_RELATIONSHIP() );
#7472 = ITEM_DEFINED_TRANSFORMATION('','',#11,#311);
#7473 = PRODUCT_DEFINITION_SHAPE('Placement','Placement of an item',
  #7474);
#7474 = NEXT_ASSEMBLY_USAGE_OCCURRENCE('165','SPOT_B14','',#5,#7447,$);
#7475 = PRODUCT_RELATED_PRODUCT_CATEGORY('part',$,(#7449));
#7476 = SHAPE_DEFINITION_REPRESENTATION(#7477,#7483);
#7477 = PRODUCT_DEFINITION_SHAPE('','',#7478);
#7478 = PRODUCT_DEFINITION('design','',#7479,#7482);
#7479 = PRODUCT_DEFINITION_FORMATION('','',#7480);
#7480 = PRODUCT('SPOT_B15','SPOT_B15','',(#7481));
#7481 = PRODUCT_CONTEXT('',#2,'mechanical');
#7482 = PRODUCT_DEFINITION_CONTEXT('part definition',#2,'design');
#7483 = ADVANCED_BREP_SHAPE_REPRESENTATION('',(#11,#7484),#7496);
#7484 = MANIFOLD_SOLID_BREP('',#7485);
#7485 = CLOSED_SHELL('',(#7486));
#7486 = ADVANCED_FACE('',(#7487),#7491,.T.);
#7487 = FACE_BOUND('',#7488,.T.);
#7488 = VERTEX_LOOP('',#7489);
#7489 = VERTEX_POINT('',#7490);
#7490 = CARTESIAN_POINT('',(1.2925E+03,-61.2,1.347E+03));
#7491 = SPHERICAL_SURFACE('',#7492,3.);
#7492 = AXIS2_PLACEMENT_3D('',#7493,#7494,#7495);
#7493 = CARTESIAN_POINT('',(1.2925E+03,-61.2,1.35E+03));
#7494 = DIRECTION('',(0.,0.,1.));
#7495 = DIRECTION('',(1.,0.,0.));
#7496 = ( GEOMETRIC_REPRESENTATION_CONTEXT(3) 
GLOBAL_UNCERTAINTY_ASSIGNED_CONTEXT((#7500)) 
GLOBAL_UNIT_ASSIGNED_CONTEXT((#7497,#7498,#7499)) REPRESENTATION_CONTEXT
('Context #1','3D Context with UNIT and UNCERTAINTY') );
#7497 = ( LENGTH_UNIT() NAMED_UNIT(*) SI_UNIT(.MILLI.,.METRE.) );
#7498 = ( NAMED_UNIT(*) PLANE_ANGLE_UNIT() SI_UNIT($,.RADIAN.) );
#7499 = ( NAMED_UNIT(*) SI_UNIT($,.STERADIAN.) SOLID_ANGLE_UNIT() );
#7500 = UNCERTAINTY_MEASURE_WITH_UNIT(LENGTH_MEASURE(1.E-07),#7497,
  'distance_accuracy_value','confusion accuracy');
#7501 = CONTEXT_DEPENDENT_SHAPE_REPRESENTATION(#7502,#7504);
#7502 = ( REPRESENTATION_RELATIONSHIP('','',#7483,#10) 
REPRESENTATION_RELATIONSHIP_WITH_TRANSFORMATION(#7503) 
SHAPE_REPRESENTATION_RELATIONSHIP() );
#7503 = ITEM_DEFINED_TRANSFORMATION('','',#11,#315);
#7504 = PRODUCT_DEFINITION_SHAPE('Placement','Placement of an item',
  #7505);
#7505 = NEXT_ASSEMBLY_USAGE_OCCURRENCE('166','SPOT_B15','',#5,#7478,$);
#7506 = PRODUCT_RELATED_PRODUCT_CATEGORY('part',$,(#7480));
#7507 = SHAPE_DEFINITION_REPRESENTATION(#7508,#7514);
#7508 = PRODUCT_DEFINITION_SHAPE('','',#7509);
#7509 = PRODUCT_DEFINITION('design','',#7510,#7513);
#7510 = PRODUCT_DEFINITION_FORMATION('','',#7511);
#7511 = PRODUCT('SPOT_B16','SPOT_B16','',(#7512));
#7512 = PRODUCT_CONTEXT('',#2,'mechanical');
#7513 = PRODUCT_DEFINITION_CONTEXT('part definition',#2,'design');
#7514 = ADVANCED_BREP_SHAPE_REPRESENTATION('',(#11,#7515),#7527);
#7515 = MANIFOLD_SOLID_BREP('',#7516);
#7516 = CLOSED_SHELL('',(#7517));
#7517 = ADVANCED_FACE('',(#7518),#7522,.T.);
#7518 = FACE_BOUND('',#7519,.T.);
#7519 = VERTEX_LOOP('',#7520);
#7520 = VERTEX_POINT('',#7521);
#7521 = CARTESIAN_POINT('',(1.2925E+03,-61.2,1.397E+03));
#7522 = SPHERICAL_SURFACE('',#7523,3.);
#7523 = AXIS2_PLACEMENT_3D('',#7524,#7525,#7526);
#7524 = CARTESIAN_POINT('',(1.2925E+03,-61.2,1.4E+03));
#7525 = DIRECTION('',(0.,0.,1.));
#7526 = DIRECTION('',(1.,0.,0.));
#7527 = ( GEOMETRIC_REPRESENTATION_CONTEXT(3) 
GLOBAL_UNCERTAINTY_ASSIGNED_CONTEXT((#7531)) 
GLOBAL_UNIT_ASSIGNED_CONTEXT((#7528,#7529,#7530)) REPRESENTATION_CONTEXT
('Context #1','3D Context with UNIT and UNCERTAINTY') );
#7528 = ( LENGTH_UNIT() NAMED_UNIT(*) SI_UNIT(.MILLI.,.METRE.) );
#7529 = ( NAMED_UNIT(*) PLANE_ANGLE_UNIT() SI_UNIT($,.RADIAN.) );
#7530 = ( NAMED_UNIT(*) SI_UNIT($,.STERADIAN.) SOLID_ANGLE_UNIT() );
#7531 = UNCERTAINTY_MEASURE_WITH_UNIT(LENGTH_MEASURE(1.E-07),#7528,
  'distance_accuracy_value','confusion accuracy');
#7532 = CONTEXT_DEPENDENT_SHAPE_REPRESENTATION(#7533,#7535);
#7533 = ( REPRESENTATION_RELATIONSHIP('','',#7514,#10) 
REPRESENTATION_RELATIONSHIP_WITH_TRANSFORMATION(#7534) 
SHAPE_REPRESENTATION_RELATIONSHIP() );
#7534 = ITEM_DEFINED_TRANSFORMATION('','',#11,#319);
#7535 = PRODUCT_DEFINITION_SHAPE('Placement','Placement of an item',
  #7536);
#7536 = NEXT_ASSEMBLY_USAGE_OCCURRENCE('167','SPOT_B16','',#5,#7509,$);
#7537 = PRODUCT_RELATED_PRODUCT_CATEGORY('part',$,(#7511));
#7538 = SHAPE_DEFINITION_REPRESENTATION(#7539,#7545);
#7539 = PRODUCT_DEFINITION_SHAPE('','',#7540);
#7540 = PRODUCT_DEFINITION('design','',#7541,#7544);
#7541 = PRODUCT_DEFINITION_FORMATION('','',#7542);
#7542 = PRODUCT('SPOT_M00','SPOT_M00','',(#7543));
#7543 = PRODUCT_CONTEXT('',#2,'mechanical');
#7544 = PRODUCT_DEFINITION_CONTEXT('part definition',#2,'design');
#7545 = ADVANCED_BREP_SHAPE_REPRESENTATION('',(#11,#7546),#7558);
#7546 = MANIFOLD_SOLID_BREP('',#7547);
#7547 = CLOSED_SHELL('',(#7548));
#7548 = ADVANCED_FACE('',(#7549),#7553,.T.);
#7549 = FACE_BOUND('',#7550,.T.);
#7550 = VERTEX_LOOP('',#7551);
#7551 = VERTEX_POINT('',#7552);
#7552 = CARTESIAN_POINT('',(1.255E+03,150.,298.2));
#7553 = SPHERICAL_SURFACE('',#7554,3.);
#7554 = AXIS2_PLACEMENT_3D('',#7555,#7556,#7557);
#7555 = CARTESIAN_POINT('',(1.255E+03,150.,301.2));
#7556 = DIRECTION('',(0.,0.,1.));
#7557 = DIRECTION('',(1.,0.,0.));
#7558 = ( GEOMETRIC_REPRESENTATION_CONTEXT(3) 
GLOBAL_UNCERTAINTY_ASSIGNED_CONTEXT((#7562)) 
GLOBAL_UNIT_ASSIGNED_CONTEXT((#7559,#7560,#7561)) REPRESENTATION_CONTEXT
('Context #1','3D Context with UNIT and UNCERTAINTY') );
#7559 = ( LENGTH_UNIT() NAMED_UNIT(*) SI_UNIT(.MILLI.,.METRE.) );
#7560 = ( NAMED_UNIT(*) PLANE_ANGLE_UNIT() SI_UNIT($,.RADIAN.) );
#7561 = ( NAMED_UNIT(*) SI_UNIT($,.STERADIAN.) SOLID_ANGLE_UNIT() );
#7562 = UNCERTAINTY_MEASURE_WITH_UNIT(LENGTH_MEASURE(1.E-07),#7559,
  'distance_accuracy_value','confusion accuracy');
#7563 = CONTEXT_DEPENDENT_SHAPE_REPRESENTATION(#7564,#7566);
#7564 = ( REPRESENTATION_RELATIONSHIP('','',#7545,#10) 
REPRESENTATION_RELATIONSHIP_WITH_TRANSFORMATION(#7565) 
SHAPE_REPRESENTATION_RELATIONSHIP() );
#7565 = ITEM_DEFINED_TRANSFORMATION('','',#11,#323);
#7566 = PRODUCT_DEFINITION_SHAPE('Placement','Placement of an item',
  #7567);
#7567 = NEXT_ASSEMBLY_USAGE_OCCURRENCE('168','SPOT_M00','',#5,#7540,$);
#7568 = PRODUCT_RELATED_PRODUCT_CATEGORY('part',$,(#7542));
#7569 = SHAPE_DEFINITION_REPRESENTATION(#7570,#7576);
#7570 = PRODUCT_DEFINITION_SHAPE('','',#7571);
#7571 = PRODUCT_DEFINITION('design','',#7572,#7575);
#7572 = PRODUCT_DEFINITION_FORMATION('','',#7573);
#7573 = PRODUCT('SPOT_M01','SPOT_M01','',(#7574));
#7574 = PRODUCT_CONTEXT('',#2,'mechanical');
#7575 = PRODUCT_DEFINITION_CONTEXT('part definition',#2,'design');
#7576 = ADVANCED_BREP_SHAPE_REPRESENTATION('',(#11,#7577),#7589);
#7577 = MANIFOLD_SOLID_BREP('',#7578);
#7578 = CLOSED_SHELL('',(#7579));
#7579 = ADVANCED_FACE('',(#7580),#7584,.T.);
#7580 = FACE_BOUND('',#7581,.T.);
#7581 = VERTEX_LOOP('',#7582);
#7582 = VERTEX_POINT('',#7583);
#7583 = CARTESIAN_POINT('',(1.255E+03,200.,298.2));
#7584 = SPHERICAL_SURFACE('',#7585,3.);
#7585 = AXIS2_PLACEMENT_3D('',#7586,#7587,#7588);
#7586 = CARTESIAN_POINT('',(1.255E+03,200.,301.2));
#7587 = DIRECTION('',(0.,0.,1.));
#7588 = DIRECTION('',(1.,0.,0.));
#7589 = ( GEOMETRIC_REPRESENTATION_CONTEXT(3) 
GLOBAL_UNCERTAINTY_ASSIGNED_CONTEXT((#7593)) 
GLOBAL_UNIT_ASSIGNED_CONTEXT((#7590,#7591,#7592)) REPRESENTATION_CONTEXT
('Context #1','3D Context with UNIT and UNCERTAINTY') );
#7590 = ( LENGTH_UNIT() NAMED_UNIT(*) SI_UNIT(.MILLI.,.METRE.) );
#7591 = ( NAMED_UNIT(*) PLANE_ANGLE_UNIT() SI_UNIT($,.RADIAN.) );
#7592 = ( NAMED_UNIT(*) SI_UNIT($,.STERADIAN.) SOLID_ANGLE_UNIT() );
#7593 = UNCERTAINTY_MEASURE_WITH_UNIT(LENGTH_MEASURE(1.E-07),#7590,
  'distance_accuracy_value','confusion accuracy');
#7594 = CONTEXT_DEPENDENT_SHAPE_REPRESENTATION(#7595,#7597);
#7595 = ( REPRESENTATION_RELATIONSHIP('','',#7576,#10) 
REPRESENTATION_RELATIONSHIP_WITH_TRANSFORMATION(#7596) 
SHAPE_REPRESENTATION_RELATIONSHIP() );
#7596 = ITEM_DEFINED_TRANSFORMATION('','',#11,#327);
#7597 = PRODUCT_DEFINITION_SHAPE('Placement','Placement of an item',
  #7598);
#7598 = NEXT_ASSEMBLY_USAGE_OCCURRENCE('169','SPOT_M01','',#5,#7571,$);
#7599 = PRODUCT_RELATED_PRODUCT_CATEGORY('part',$,(#7573));
#7600 = SHAPE_DEFINITION_REPRESENTATION(#7601,#7607);
#7601 = PRODUCT_DEFINITION_SHAPE('','',#7602);
#7602 = PRODUCT_DEFINITION('design','',#7603,#7606);
#7603 = PRODUCT_DEFINITION_FORMATION('','',#7604);
#7604 = PRODUCT('SPOT_M02','SPOT_M02','',(#7605));
#7605 = PRODUCT_CONTEXT('',#2,'mechanical');
#7606 = PRODUCT_DEFINITION_CONTEXT('part definition',#2,'design');
#7607 = ADVANCED_BREP_SHAPE_REPRESENTATION('',(#11,#7608),#7620);
#7608 = MANIFOLD_SOLID_BREP('',#7609);
#7609 = CLOSED_SHELL('',(#7610));
#7610 = ADVANCED_FACE('',(#7611),#7615,.T.);
#7611 = FACE_BOUND('',#7612,.T.);
#7612 = VERTEX_LOOP('',#7613);
#7613 = VERTEX_POINT('',#7614);
#7614 = CARTESIAN_POINT('',(1.255E+03,250.,298.2));
#7615 = SPHERICAL_SURFACE('',#7616,3.);
#7616 = AXIS2_PLACEMENT_3D('',#7617,#7618,#7619);
#7617 = CARTESIAN_POINT('',(1.255E+03,250.,301.2));
#7618 = DIRECTION('',(0.,0.,1.));
#7619 = DIRECTION('',(1.,0.,0.));
#7620 = ( GEOMETRIC_REPRESENTATION_CONTEXT(3) 
GLOBAL_UNCERTAINTY_ASSIGNED_CONTEXT((#7624)) 
GLOBAL_UNIT_ASSIGNED_CONTEXT((#7621,#7622,#7623)) REPRESENTATION_CONTEXT
('Context #1','3D Context with UNIT and UNCERTAINTY') );
#7621 = ( LENGTH_UNIT() NAMED_UNIT(*) SI_UNIT(.MILLI.,.METRE.) );
#7622 = ( NAMED_UNIT(*) PLANE_ANGLE_UNIT() SI_UNIT($,.RADIAN.) );
#7623 = ( NAMED_UNIT(*) SI_UNIT($,.STERADIAN.) SOLID_ANGLE_UNIT() );
#7624 = UNCERTAINTY_MEASURE_WITH_UNIT(LENGTH_MEASURE(1.E-07),#7621,
  'distance_accuracy_value','confusion accuracy');
#7625 = CONTEXT_DEPENDENT_SHAPE_REPRESENTATION(#7626,#7628);
#7626 = ( REPRESENTATION_RELATIONSHIP('','',#7607,#10) 
REPRESENTATION_RELATIONSHIP_WITH_TRANSFORMATION(#7627) 
SHAPE_REPRESENTATION_RELATIONSHIP() );
#7627 = ITEM_DEFINED_TRANSFORMATION('','',#11,#331);
#7628 = PRODUCT_DEFINITION_SHAPE('Placement','Placement of an item',
  #7629);
#7629 = NEXT_ASSEMBLY_USAGE_OCCURRENCE('170','SPOT_M02','',#5,#7602,$);
#7630 = PRODUCT_RELATED_PRODUCT_CATEGORY('part',$,(#7604));
#7631 = SHAPE_DEFINITION_REPRESENTATION(#7632,#7638);
#7632 = PRODUCT_DEFINITION_SHAPE('','',#7633);
#7633 = PRODUCT_DEFINITION('design','',#7634,#7637);
#7634 = PRODUCT_DEFINITION_FORMATION('','',#7635);
#7635 = PRODUCT('SPOT_M03','SPOT_M03','',(#7636));
#7636 = PRODUCT_CONTEXT('',#2,'mechanical');
#7637 = PRODUCT_DEFINITION_CONTEXT('part definition',#2,'design');
#7638 = ADVANCED_BREP_SHAPE_REPRESENTATION('',(#11,#7639),#7651);
#7639 = MANIFOLD_SOLID_BREP('',#7640);
#7640 = CLOSED_SHELL('',(#7641));
#7641 = ADVANCED_FACE('',(#7642),#7646,.T.);
#7642 = FACE_BOUND('',#7643,.T.);
#7643 = VERTEX_LOOP('',#7644);
#7644 = VERTEX_POINT('',#7645);
#7645 = CARTESIAN_POINT('',(1.255E+03,300.,298.2));
#7646 = SPHERICAL_SURFACE('',#7647,3.);
#7647 = AXIS2_PLACEMENT_3D('',#7648,#7649,#7650);
#7648 = CARTESIAN_POINT('',(1.255E+03,300.,301.2));
#7649 = DIRECTION('',(0.,0.,1.));
#7650 = DIRECTION('',(1.,0.,0.));
#7651 = ( GEOMETRIC_REPRESENTATION_CONTEXT(3) 
GLOBAL_UNCERTAINTY_ASSIGNED_CONTEXT((#7655)) 
GLOBAL_UNIT_ASSIGNED_CONTEXT((#7652,#7653,#7654)) REPRESENTATION_CONTEXT
('Context #1','3D Context with UNIT and UNCERTAINTY') );
#7652 = ( LENGTH_UNIT() NAMED_UNIT(*) SI_UNIT(.MILLI.,.METRE.) );
#7653 = ( NAMED_UNIT(*) PLANE_ANGLE_UNIT() SI_UNIT($,.RADIAN.) );
#7654 = ( NAMED_UNIT(*) SI_UNIT($,.STERADIAN.) SOLID_ANGLE_UNIT() );
#7655 = UNCERTAINTY_MEASURE_WITH_UNIT(LENGTH_MEASURE(1.E-07),#7652,
  'distance_accuracy_value','confusion accuracy');
#7656 = CONTEXT_DEPENDENT_SHAPE_REPRESENTATION(#7657,#7659);
#7657 = ( REPRESENTATION_RELATIONSHIP('','',#7638,#10) 
REPRESENTATION_RELATIONSHIP_WITH_TRANSFORMATION(#7658) 
SHAPE_REPRESENTATION_RELATIONSHIP() );
#7658 = ITEM_DEFINED_TRANSFORMATION('','',#11,#335);
#7659 = PRODUCT_DEFINITION_SHAPE('Placement','Placement of an item',
  #7660);
#7660 = NEXT_ASSEMBLY_USAGE_OCCURRENCE('171','SPOT_M03','',#5,#7633,$);
#7661 = PRODUCT_RELATED_PRODUCT_CATEGORY('part',$,(#7635));
#7662 = SHAPE_DEFINITION_REPRESENTATION(#7663,#7669);
#7663 = PRODUCT_DEFINITION_SHAPE('','',#7664);
#7664 = PRODUCT_DEFINITION('design','',#7665,#7668);
#7665 = PRODUCT_DEFINITION_FORMATION('','',#7666);
#7666 = PRODUCT('SPOT_M04','SPOT_M04','',(#7667));
#7667 = PRODUCT_CONTEXT('',#2,'mechanical');
#7668 = PRODUCT_DEFINITION_CONTEXT('part definition',#2,'design');
#7669 = ADVANCED_BREP_SHAPE_REPRESENTATION('',(#11,#7670),#7682);
#7670 = MANIFOLD_SOLID_BREP('',#7671);
#7671 = CLOSED_SHELL('',(#7672));
#7672 = ADVANCED_FACE('',(#7673),#7677,.T.);
#7673 = FACE_BOUND('',#7674,.T.);
#7674 = VERTEX_LOOP('',#7675);
#7675 = VERTEX_POINT('',#7676);
#7676 = CARTESIAN_POINT('',(1.255E+03,350.,298.2));
#7677 = SPHERICAL_SURFACE('',#7678,3.);
#7678 = AXIS2_PLACEMENT_3D('',#7679,#7680,#7681);
#7679 = CARTESIAN_POINT('',(1.255E+03,350.,301.2));
#7680 = DIRECTION('',(0.,0.,1.));
#7681 = DIRECTION('',(1.,0.,0.));
#7682 = ( GEOMETRIC_REPRESENTATION_CONTEXT(3) 
GLOBAL_UNCERTAINTY_ASSIGNED_CONTEXT((#7686)) 
GLOBAL_UNIT_ASSIGNED_CONTEXT((#7683,#7684,#7685)) REPRESENTATION_CONTEXT
('Context #1','3D Context with UNIT and UNCERTAINTY') );
#7683 = ( LENGTH_UNIT() NAMED_UNIT(*) SI_UNIT(.MILLI.,.METRE.) );
#7684 = ( NAMED_UNIT(*) PLANE_ANGLE_UNIT() SI_UNIT($,.RADIAN.) );
#7685 = ( NAMED_UNIT(*) SI_UNIT($,.STERADIAN.) SOLID_ANGLE_UNIT() );
#7686 = UNCERTAINTY_MEASURE_WITH_UNIT(LENGTH_MEASURE(1.E-07),#7683,
  'distance_accuracy_value','confusion accuracy');
#7687 = CONTEXT_DEPENDENT_SHAPE_REPRESENTATION(#7688,#7690);
#7688 = ( REPRESENTATION_RELATIONSHIP('','',#7669,#10) 
REPRESENTATION_RELATIONSHIP_WITH_TRANSFORMATION(#7689) 
SHAPE_REPRESENTATION_RELATIONSHIP() );
#7689 = ITEM_DEFINED_TRANSFORMATION('','',#11,#339);
#7690 = PRODUCT_DEFINITION_SHAPE('Placement','Placement of an item',
  #7691);
#7691 = NEXT_ASSEMBLY_USAGE_OCCURRENCE('172','SPOT_M04','',#5,#7664,$);
#7692 = PRODUCT_RELATED_PRODUCT_CATEGORY('part',$,(#7666));
#7693 = SHAPE_DEFINITION_REPRESENTATION(#7694,#7700);
#7694 = PRODUCT_DEFINITION_SHAPE('','',#7695);
#7695 = PRODUCT_DEFINITION('design','',#7696,#7699);
#7696 = PRODUCT_DEFINITION_FORMATION('','',#7697);
#7697 = PRODUCT('SPOT_M05','SPOT_M05','',(#7698));
#7698 = PRODUCT_CONTEXT('',#2,'mechanical');
#7699 = PRODUCT_DEFINITION_CONTEXT('part definition',#2,'design');
#7700 = ADVANCED_BREP_SHAPE_REPRESENTATION('',(#11,#7701),#7713);
#7701 = MANIFOLD_SOLID_BREP('',#7702);
#7702 = CLOSED_SHELL('',(#7703));
#7703 = ADVANCED_FACE('',(#7704),#7708,.T.);
#7704 = FACE_BOUND('',#7705,.T.);
#7705 = VERTEX_LOOP('',#7706);
#7706 = VERTEX_POINT('',#7707);
#7707 = CARTESIAN_POINT('',(1.255E+03,400.,298.2));
#7708 = SPHERICAL_SURFACE('',#7709,3.);
#7709 = AXIS2_PLACEMENT_3D('',#7710,#7711,#7712);
#7710 = CARTESIAN_POINT('',(1.255E+03,400.,301.2));
#7711 = DIRECTION('',(0.,0.,1.));
#7712 = DIRECTION('',(1.,0.,0.));
#7713 = ( GEOMETRIC_REPRESENTATION_CONTEXT(3) 
GLOBAL_UNCERTAINTY_ASSIGNED_CONTEXT((#7717)) 
GLOBAL_UNIT_ASSIGNED_CONTEXT((#7714,#7715,#7716)) REPRESENTATION_CONTEXT
('Context #1','3D Context with UNIT and UNCERTAINTY') );
#7714 = ( LENGTH_UNIT() NAMED_UNIT(*) SI_UNIT(.MILLI.,.METRE.) );
#7715 = ( NAMED_UNIT(*) PLANE_ANGLE_UNIT() SI_UNIT($,.RADIAN.) );
#7716 = ( NAMED_UNIT(*) SI_UNIT($,.STERADIAN.) SOLID_ANGLE_UNIT() );
#7717 = UNCERTAINTY_MEASURE_WITH_UNIT(LENGTH_MEASURE(1.E-07),#7714,
  'distance_accuracy_value','confusion accuracy');
#7718 = CONTEXT_DEPENDENT_SHAPE_REPRESENTATION(#7719,#7721);
#7719 = ( REPRESENTATION_RELATIONSHIP('','',#7700,#10) 
REPRESENTATION_RELATIONSHIP_WITH_TRANSFORMATION(#7720) 
SHAPE_REPRESENTATION_RELATIONSHIP() );
#7720 = ITEM_DEFINED_TRANSFORMATION('','',#11,#343);
#7721 = PRODUCT_DEFINITION_SHAPE('Placement','Placement of an item',
  #7722);
#7722 = NEXT_ASSEMBLY_USAGE_OCCURRENCE('173','SPOT_M05','',#5,#7695,$);
#7723 = PRODUCT_RELATED_PRODUCT_CATEGORY('part',$,(#7697));
#7724 = SHAPE_DEFINITION_REPRESENTATION(#7725,#7731);
#7725 = PRODUCT_DEFINITION_SHAPE('','',#7726);
#7726 = PRODUCT_DEFINITION('design','',#7727,#7730);
#7727 = PRODUCT_DEFINITION_FORMATION('','',#7728);
#7728 = PRODUCT('SPOT_M06','SPOT_M06','',(#7729));
#7729 = PRODUCT_CONTEXT('',#2,'mechanical');
#7730 = PRODUCT_DEFINITION_CONTEXT('part definition',#2,'design');
#7731 = ADVANCED_BREP_SHAPE_REPRESENTATION('',(#11,#7732),#7744);
#7732 = MANIFOLD_SOLID_BREP('',#7733);
#7733 = CLOSED_SHELL('',(#7734));
#7734 = ADVANCED_FACE('',(#7735),#7739,.T.);
#7735 = FACE_BOUND('',#7736,.T.);
#7736 = VERTEX_LOOP('',#7737);
#7737 = VERTEX_POINT('',#7738);
#7738 = CARTESIAN_POINT('',(1.255E+03,450.,298.2));
#7739 = SPHERICAL_SURFACE('',#7740,3.);
#7740 = AXIS2_PLACEMENT_3D('',#7741,#7742,#7743);
#7741 = CARTESIAN_POINT('',(1.255E+03,450.,301.2));
#7742 = DIRECTION('',(0.,0.,1.));
#7743 = DIRECTION('',(1.,0.,0.));
#7744 = ( GEOMETRIC_REPRESENTATION_CONTEXT(3) 
GLOBAL_UNCERTAINTY_ASSIGNED_CONTEXT((#7748)) 
GLOBAL_UNIT_ASSIGNED_CONTEXT((#7745,#7746,#7747)) REPRESENTATION_CONTEXT
('Context #1','3D Context with UNIT and UNCERTAINTY') );
#7745 = ( LENGTH_UNIT() NAMED_UNIT(*) SI_UNIT(.MILLI.,.METRE.) );
#7746 = ( NAMED_UNIT(*) PLANE_ANGLE_UNIT() SI_UNIT($,.RADIAN.) );
#7747 = ( NAMED_UNIT(*) SI_UNIT($,.STERADIAN.) SOLID_ANGLE_UNIT() );
#7748 = UNCERTAINTY_MEASURE_WITH_UNIT(LENGTH_MEASURE(1.E-07),#7745,
  'distance_accuracy_value','confusion accuracy');
#7749 = CONTEXT_DEPENDENT_SHAPE_REPRESENTATION(#7750,#7752);
#7750 = ( REPRESENTATION_RELATIONSHIP('','',#7731,#10) 
REPRESENTATION_RELATIONSHIP_WITH_TRANSFORMATION(#7751) 
SHAPE_REPRESENTATION_RELATIONSHIP() );
#7751 = ITEM_DEFINED_TRANSFORMATION('','',#11,#347);
#7752 = PRODUCT_DEFINITION_SHAPE('Placement','Placement of an item',
  #7753);
#7753 = NEXT_ASSEMBLY_USAGE_OCCURRENCE('174','SPOT_M06','',#5,#7726,$);
#7754 = PRODUCT_RELATED_PRODUCT_CATEGORY('part',$,(#7728));
#7755 = SHAPE_DEFINITION_REPRESENTATION(#7756,#7762);
#7756 = PRODUCT_DEFINITION_SHAPE('','',#7757);
#7757 = PRODUCT_DEFINITION('design','',#7758,#7761);
#7758 = PRODUCT_DEFINITION_FORMATION('','',#7759);
#7759 = PRODUCT('SPOT_M07','SPOT_M07','',(#7760));
#7760 = PRODUCT_CONTEXT('',#2,'mechanical');
#7761 = PRODUCT_DEFINITION_CONTEXT('part definition',#2,'design');
#7762 = ADVANCED_BREP_SHAPE_REPRESENTATION('',(#11,#7763),#7775);
#7763 = MANIFOLD_SOLID_BREP('',#7764);
#7764 = CLOSED_SHELL('',(#7765));
#7765 = ADVANCED_FACE('',(#7766),#7770,.T.);
#7766 = FACE_BOUND('',#7767,.T.);
#7767 = VERTEX_LOOP('',#7768);
#7768 = VERTEX_POINT('',#7769);
#7769 = CARTESIAN_POINT('',(1.255E+03,500.,298.2));
#7770 = SPHERICAL_SURFACE('',#7771,3.);
#7771 = AXIS2_PLACEMENT_3D('',#7772,#7773,#7774);
#7772 = CARTESIAN_POINT('',(1.255E+03,500.,301.2));
#7773 = DIRECTION('',(0.,0.,1.));
#7774 = DIRECTION('',(1.,0.,0.));
#7775 = ( GEOMETRIC_REPRESENTATION_CONTEXT(3) 
GLOBAL_UNCERTAINTY_ASSIGNED_CONTEXT((#7779)) 
GLOBAL_UNIT_ASSIGNED_CONTEXT((#7776,#7777,#7778)) REPRESENTATION_CONTEXT
('Context #1','3D Context with UNIT and UNCERTAINTY') );
#7776 = ( LENGTH_UNIT() NAMED_UNIT(*) SI_UNIT(.MILLI.,.METRE.) );
#7777 = ( NAMED_UNIT(*) PLANE_ANGLE_UNIT() SI_UNIT($,.RADIAN.) );
#7778 = ( NAMED_UNIT(*) SI_UNIT($,.STERADIAN.) SOLID_ANGLE_UNIT() );
#7779 = UNCERTAINTY_MEASURE_WITH_UNIT(LENGTH_MEASURE(1.E-07),#7776,
  'distance_accuracy_value','confusion accuracy');
#7780 = CONTEXT_DEPENDENT_SHAPE_REPRESENTATION(#7781,#7783);
#7781 = ( REPRESENTATION_RELATIONSHIP('','',#7762,#10) 
REPRESENTATION_RELATIONSHIP_WITH_TRANSFORMATION(#7782) 
SHAPE_REPRESENTATION_RELATIONSHIP() );
#7782 = ITEM_DEFINED_TRANSFORMATION('','',#11,#351);
#7783 = PRODUCT_DEFINITION_SHAPE('Placement','Placement of an item',
  #7784);
#7784 = NEXT_ASSEMBLY_USAGE_OCCURRENCE('175','SPOT_M07','',#5,#7757,$);
#7785 = PRODUCT_RELATED_PRODUCT_CATEGORY('part',$,(#7759));
#7786 = SHAPE_DEFINITION_REPRESENTATION(#7787,#7793);
#7787 = PRODUCT_DEFINITION_SHAPE('','',#7788);
#7788 = PRODUCT_DEFINITION('design','',#7789,#7792);
#7789 = PRODUCT_DEFINITION_FORMATION('','',#7790);
#7790 = PRODUCT('SPOT_M08','SPOT_M08','',(#7791));
#7791 = PRODUCT_CONTEXT('',#2,'mechanical');
#7792 = PRODUCT_DEFINITION_CONTEXT('part definition',#2,'design');
#7793 = ADVANCED_BREP_SHAPE_REPRESENTATION('',(#11,#7794),#7806);
#7794 = MANIFOLD_SOLID_BREP('',#7795);
#7795 = CLOSED_SHELL('',(#7796));
#7796 = ADVANCED_FACE('',(#7797),#7801,.T.);
#7797 = FACE_BOUND('',#7798,.T.);
#7798 = VERTEX_LOOP('',#7799);
#7799 = VERTEX_POINT('',#7800);
#7800 = CARTESIAN_POINT('',(1.255E+03,550.,298.2));
#7801 = SPHERICAL_SURFACE('',#7802,3.);
#7802 = AXIS2_PLACEMENT_3D('',#7803,#7804,#7805);
#7803 = CARTESIAN_POINT('',(1.255E+03,550.,301.2));
#7804 = DIRECTION('',(0.,0.,1.));
#7805 = DIRECTION('',(1.,0.,0.));
#7806 = ( GEOMETRIC_REPRESENTATION_CONTEXT(3) 
GLOBAL_UNCERTAINTY_ASSIGNED_CONTEXT((#7810)) 
GLOBAL_UNIT_ASSIGNED_CONTEXT((#7807,#7808,#7809)) REPRESENTATION_CONTEXT
('Context #1','3D Context with UNIT and UNCERTAINTY') );
#7807 = ( LENGTH_UNIT() NAMED_UNIT(*) SI_UNIT(.MILLI.,.METRE.) );
#7808 = ( NAMED_UNIT(*) PLANE_ANGLE_UNIT() SI_UNIT($,.RADIAN.) );
#7809 = ( NAMED_UNIT(*) SI_UNIT($,.STERADIAN.) SOLID_ANGLE_UNIT() );
#7810 = UNCERTAINTY_MEASURE_WITH_UNIT(LENGTH_MEASURE(1.E-07),#7807,
  'distance_accuracy_value','confusion accuracy');
#7811 = CONTEXT_DEPENDENT_SHAPE_REPRESENTATION(#7812,#7814);
#7812 = ( REPRESENTATION_RELATIONSHIP('','',#7793,#10) 
REPRESENTATION_RELATIONSHIP_WITH_TRANSFORMATION(#7813) 
SHAPE_REPRESENTATION_RELATIONSHIP() );
#7813 = ITEM_DEFINED_TRANSFORMATION('','',#11,#355);
#7814 = PRODUCT_DEFINITION_SHAPE('Placement','Placement of an item',
  #7815);
#7815 = NEXT_ASSEMBLY_USAGE_OCCURRENCE('176','SPOT_M08','',#5,#7788,$);
#7816 = PRODUCT_RELATED_PRODUCT_CATEGORY('part',$,(#7790));
#7817 = SHAPE_DEFINITION_REPRESENTATION(#7818,#7824);
#7818 = PRODUCT_DEFINITION_SHAPE('','',#7819);
#7819 = PRODUCT_DEFINITION('design','',#7820,#7823);
#7820 = PRODUCT_DEFINITION_FORMATION('','',#7821);
#7821 = PRODUCT('SPOT_M09','SPOT_M09','',(#7822));
#7822 = PRODUCT_CONTEXT('',#2,'mechanical');
#7823 = PRODUCT_DEFINITION_CONTEXT('part definition',#2,'design');
#7824 = ADVANCED_BREP_SHAPE_REPRESENTATION('',(#11,#7825),#7837);
#7825 = MANIFOLD_SOLID_BREP('',#7826);
#7826 = CLOSED_SHELL('',(#7827));
#7827 = ADVANCED_FACE('',(#7828),#7832,.T.);
#7828 = FACE_BOUND('',#7829,.T.);
#7829 = VERTEX_LOOP('',#7830);
#7830 = VERTEX_POINT('',#7831);
#7831 = CARTESIAN_POINT('',(1.255E+03,600.,298.2));
#7832 = SPHERICAL_SURFACE('',#7833,3.);
#7833 = AXIS2_PLACEMENT_3D('',#7834,#7835,#7836);
#7834 = CARTESIAN_POINT('',(1.255E+03,600.,301.2));
#7835 = DIRECTION('',(0.,0.,1.));
#7836 = DIRECTION('',(1.,0.,0.));
#7837 = ( GEOMETRIC_REPRESENTATION_CONTEXT(3) 
GLOBAL_UNCERTAINTY_ASSIGNED_CONTEXT((#7841)) 
GLOBAL_UNIT_ASSIGNED_CONTEXT((#7838,#7839,#7840)) REPRESENTATION_CONTEXT
('Context #1','3D Context with UNIT and UNCERTAINTY') );
#7838 = ( LENGTH_UNIT() NAMED_UNIT(*) SI_UNIT(.MILLI.,.METRE.) );
#7839 = ( NAMED_UNIT(*) PLANE_ANGLE_UNIT() SI_UNIT($,.RADIAN.) );
#7840 = ( NAMED_UNIT(*) SI_UNIT($,.STERADIAN.) SOLID_ANGLE_UNIT() );
#7841 = UNCERTAINTY_MEASURE_WITH_UNIT(LENGTH_MEASURE(1.E-07),#7838,
  'distance_accuracy_value','confusion accuracy');
#7842 = CONTEXT_DEPENDENT_SHAPE_REPRESENTATION(#7843,#7845);
#7843 = ( REPRESENTATION_RELATIONSHIP('','',#7824,#10) 
REPRESENTATION_RELATIONSHIP_WITH_TRANSFORMATION(#7844) 
SHAPE_REPRESENTATION_RELATIONSHIP() );
#7844 = ITEM_DEFINED_TRANSFORMATION('','',#11,#359);
#7845 = PRODUCT_DEFINITION_SHAPE('Placement','Placement of an item',
  #7846);
#7846 = NEXT_ASSEMBLY_USAGE_OCCURRENCE('177','SPOT_M09','',#5,#7819,$);
#7847 = PRODUCT_RELATED_PRODUCT_CATEGORY('part',$,(#7821));
#7848 = SHAPE_DEFINITION_REPRESENTATION(#7849,#7855);
#7849 = PRODUCT_DEFINITION_SHAPE('','',#7850);
#7850 = PRODUCT_DEFINITION('design','',#7851,#7854);
#7851 = PRODUCT_DEFINITION_FORMATION('','',#7852);
#7852 = PRODUCT('SPOT_M10','SPOT_M10','',(#7853));
#7853 = PRODUCT_CONTEXT('',#2,'mechanical');
#7854 = PRODUCT_DEFINITION_CONTEXT('part definition',#2,'design');
#7855 = ADVANCED_BREP_SHAPE_REPRESENTATION('',(#11,#7856),#7868);
#7856 = MANIFOLD_SOLID_BREP('',#7857);
#7857 = CLOSED_SHELL('',(#7858));
#7858 = ADVANCED_FACE('',(#7859),#7863,.T.);
#7859 = FACE_BOUND('',#7860,.T.);
#7860 = VERTEX_LOOP('',#7861);
#7861 = VERTEX_POINT('',#7862);
#7862 = CARTESIAN_POINT('',(1.255E+03,650.,298.2));
#7863 = SPHERICAL_SURFACE('',#7864,3.);
#7864 = AXIS2_PLACEMENT_3D('',#7865,#7866,#7867);
#7865 = CARTESIAN_POINT('',(1.255E+03,650.,301.2));
#7866 = DIRECTION('',(0.,0.,1.));
#7867 = DIRECTION('',(1.,0.,0.));
#7868 = ( GEOMETRIC_REPRESENTATION_CONTEXT(3) 
GLOBAL_UNCERTAINTY_ASSIGNED_CONTEXT((#7872)) 
GLOBAL_UNIT_ASSIGNED_CONTEXT((#7869,#7870,#7871)) REPRESENTATION_CONTEXT
('Context #1','3D Context with UNIT and UNCERTAINTY') );
#7869 = ( LENGTH_UNIT() NAMED_UNIT(*) SI_UNIT(.MILLI.,.METRE.) );
#7870 = ( NAMED_UNIT(*) PLANE_ANGLE_UNIT() SI_UNIT($,.RADIAN.) );
#7871 = ( NAMED_UNIT(*) SI_UNIT($,.STERADIAN.) SOLID_ANGLE_UNIT() );
#7872 = UNCERTAINTY_MEASURE_WITH_UNIT(LENGTH_MEASURE(1.E-07),#7869,
  'distance_accuracy_value','confusion accuracy');
#7873 = CONTEXT_DEPENDENT_SHAPE_REPRESENTATION(#7874,#7876);
#7874 = ( REPRESENTATION_RELATIONSHIP('','',#7855,#10) 
REPRESENTATION_RELATIONSHIP_WITH_TRANSFORMATION(#7875) 
SHAPE_REPRESENTATION_RELATIONSHIP() );
#7875 = ITEM_DEFINED_TRANSFORMATION('','',#11,#363);
#7876 = PRODUCT_DEFINITION_SHAPE('Placement','Placement of an item',
  #7877);
#7877 = NEXT_ASSEMBLY_USAGE_OCCURRENCE('178','SPOT_M10','',#5,#7850,$);
#7878 = PRODUCT_RELATED_PRODUCT_CATEGORY('part',$,(#7852));
#7879 = SHAPE_DEFINITION_REPRESENTATION(#7880,#7886);
#7880 = PRODUCT_DEFINITION_SHAPE('','',#7881);
#7881 = PRODUCT_DEFINITION('design','',#7882,#7885);
#7882 = PRODUCT_DEFINITION_FORMATION('','',#7883);
#7883 = PRODUCT('SPOT_M11','SPOT_M11','',(#7884));
#7884 = PRODUCT_CONTEXT('',#2,'mechanical');
#7885 = PRODUCT_DEFINITION_CONTEXT('part definition',#2,'design');
#7886 = ADVANCED_BREP_SHAPE_REPRESENTATION('',(#11,#7887),#7899);
#7887 = MANIFOLD_SOLID_BREP('',#7888);
#7888 = CLOSED_SHELL('',(#7889));
#7889 = ADVANCED_FACE('',(#7890),#7894,.T.);
#7890 = FACE_BOUND('',#7891,.T.);
#7891 = VERTEX_LOOP('',#7892);
#7892 = VERTEX_POINT('',#7893);
#7893 = CARTESIAN_POINT('',(1.255E+03,700.,298.2));
#7894 = SPHERICAL_SURFACE('',#7895,3.);
#7895 = AXIS2_PLACEMENT_3D('',#7896,#7897,#7898);
#7896 = CARTESIAN_POINT('',(1.255E+03,700.,301.2));
#7897 = DIRECTION('',(0.,0.,1.));
#7898 = DIRECTION('',(1.,0.,0.));
#7899 = ( GEOMETRIC_REPRESENTATION_CONTEXT(3) 
GLOBAL_UNCERTAINTY_ASSIGNED_CONTEXT((#7903)) 
GLOBAL_UNIT_ASSIGNED_CONTEXT((#7900,#7901,#7902)) REPRESENTATION_CONTEXT
('Context #1','3D Context with UNIT and UNCERTAINTY') );
#7900 = ( LENGTH_UNIT() NAMED_UNIT(*) SI_UNIT(.MILLI.,.METRE.) );
#7901 = ( NAMED_UNIT(*) PLANE_ANGLE_UNIT() SI_UNIT($,.RADIAN.) );
#7902 = ( NAMED_UNIT(*) SI_UNIT($,.STERADIAN.) SOLID_ANGLE_UNIT() );
#7903 = UNCERTAINTY_MEASURE_WITH_UNIT(LENGTH_MEASURE(1.E-07),#7900,
  'distance_accuracy_value','confusion accuracy');
#7904 = CONTEXT_DEPENDENT_SHAPE_REPRESENTATION(#7905,#7907);
#7905 = ( REPRESENTATION_RELATIONSHIP('','',#7886,#10) 
REPRESENTATION_RELATIONSHIP_WITH_TRANSFORMATION(#7906) 
SHAPE_REPRESENTATION_RELATIONSHIP() );
#7906 = ITEM_DEFINED_TRANSFORMATION('','',#11,#367);
#7907 = PRODUCT_DEFINITION_SHAPE('Placement','Placement of an item',
  #7908);
#7908 = NEXT_ASSEMBLY_USAGE_OCCURRENCE('179','SPOT_M11','',#5,#7881,$);
#7909 = PRODUCT_RELATED_PRODUCT_CATEGORY('part',$,(#7883));
#7910 = SHAPE_DEFINITION_REPRESENTATION(#7911,#7917);
#7911 = PRODUCT_DEFINITION_SHAPE('','',#7912);
#7912 = PRODUCT_DEFINITION('design','',#7913,#7916);
#7913 = PRODUCT_DEFINITION_FORMATION('','',#7914);
#7914 = PRODUCT('SPOT_M12','SPOT_M12','',(#7915));
#7915 = PRODUCT_CONTEXT('',#2,'mechanical');
#7916 = PRODUCT_DEFINITION_CONTEXT('part definition',#2,'design');
#7917 = ADVANCED_BREP_SHAPE_REPRESENTATION('',(#11,#7918),#7930);
#7918 = MANIFOLD_SOLID_BREP('',#7919);
#7919 = CLOSED_SHELL('',(#7920));
#7920 = ADVANCED_FACE('',(#7921),#7925,.T.);
#7921 = FACE_BOUND('',#7922,.T.);
#7922 = VERTEX_LOOP('',#7923);
#7923 = VERTEX_POINT('',#7924);
#7924 = CARTESIAN_POINT('',(1.255E+03,750.,298.2));
#7925 = SPHERICAL_SURFACE('',#7926,3.);
#7926 = AXIS2_PLACEMENT_3D('',#7927,#7928,#7929);
#7927 = CARTESIAN_POINT('',(1.255E+03,750.,301.2));
#7928 = DIRECTION('',(0.,0.,1.));
#7929 = DIRECTION('',(1.,0.,0.));
#7930 = ( GEOMETRIC_REPRESENTATION_CONTEXT(3) 
GLOBAL_UNCERTAINTY_ASSIGNED_CONTEXT((#7934)) 
GLOBAL_UNIT_ASSIGNED_CONTEXT((#7931,#7932,#7933)) REPRESENTATION_CONTEXT
('Context #1','3D Context with UNIT and UNCERTAINTY') );
#7931 = ( LENGTH_UNIT() NAMED_UNIT(*) SI_UNIT(.MILLI.,.METRE.) );
#7932 = ( NAMED_UNIT(*) PLANE_ANGLE_UNIT() SI_UNIT($,.RADIAN.) );
#7933 = ( NAMED_UNIT(*) SI_UNIT($,.STERADIAN.) SOLID_ANGLE_UNIT() );
#7934 = UNCERTAINTY_MEASURE_WITH_UNIT(LENGTH_MEASURE(1.E-07),#7931,
  'distance_accuracy_value','confusion accuracy');
#7935 = CONTEXT_DEPENDENT_SHAPE_REPRESENTATION(#7936,#7938);
#7936 = ( REPRESENTATION_RELATIONSHIP('','',#7917,#10) 
REPRESENTATION_RELATIONSHIP_WITH_TRANSFORMATION(#7937) 
SHAPE_REPRESENTATION_RELATIONSHIP() );
#7937 = ITEM_DEFINED_TRANSFORMATION('','',#11,#371);
#7938 = PRODUCT_DEFINITION_SHAPE('Placement','Placement of an item',
  #7939);
#7939 = NEXT_ASSEMBLY_USAGE_OCCURRENCE('180','SPOT_M12','',#5,#7912,$);
#7940 = PRODUCT_RELATED_PRODUCT_CATEGORY('part',$,(#7914));
#7941 = MECHANICAL_DESIGN_GEOMETRIC_PRESENTATION_REPRESENTATION('',(
    #7942),#5256);
#7942 = STYLED_ITEM('color',(#7943),#4926);
#7943 = PRESENTATION_STYLE_ASSIGNMENT((#7944));
#7944 = SURFACE_STYLE_USAGE(.BOTH.,#7945);
#7945 = SURFACE_SIDE_STYLE('',(#7946));
#7946 = SURFACE_STYLE_FILL_AREA(#7947);
#7947 = FILL_AREA_STYLE('',(#7948));
#7948 = FILL_AREA_STYLE_COLOUR('',#7949);
#7949 = COLOUR_RGB('',0.700000005816,0.659999992303,0.580000000354);
#7950 = MECHANICAL_DESIGN_GEOMETRIC_PRESENTATION_REPRESENTATION('',(
    #7951),#6008);
#7951 = STYLED_ITEM('color',(#7952),#5996);
#7952 = PRESENTATION_STYLE_ASSIGNMENT((#7953));
#7953 = SURFACE_STYLE_USAGE(.BOTH.,#7954);
#7954 = SURFACE_SIDE_STYLE('',(#7955));
#7955 = SURFACE_STYLE_FILL_AREA(#7956);
#7956 = FILL_AREA_STYLE('',(#7957));
#7957 = FILL_AREA_STYLE_COLOUR('',#7958);
#7958 = COLOUR_RGB('',0.199999998682,0.500000003429,0.850000012718);
#7959 = MECHANICAL_DESIGN_GEOMETRIC_PRESENTATION_REPRESENTATION('',(
    #7960),#4209);
#7960 = STYLED_ITEM('color',(#7961),#3879);
#7961 = PRESENTATION_STYLE_ASSIGNMENT((#7962));
#7962 = SURFACE_STYLE_USAGE(.BOTH.,#7963);
#7963 = SURFACE_SIDE_STYLE('',(#7964));
#7964 = SURFACE_STYLE_FILL_AREA(#7965);
#7965 = FILL_AREA_STYLE('',(#7966));
#7966 = FILL_AREA_STYLE_COLOUR('',#7949);
#7967 = MECHANICAL_DESIGN_GEOMETRIC_PRESENTATION_REPRESENTATION('',(
    #7968),#6969);
#7968 = STYLED_ITEM('color',(#7969),#6957);
#7969 = PRESENTATION_STYLE_ASSIGNMENT((#7970));
#7970 = SURFACE_STYLE_USAGE(.BOTH.,#7971);
#7971 = SURFACE_SIDE_STYLE('',(#7972));
#7972 = SURFACE_STYLE_FILL_AREA(#7973);
#7973 = FILL_AREA_STYLE('',(#7974));
#7974 = FILL_AREA_STYLE_COLOUR('',#7958);
#7975 = MECHANICAL_DESIGN_GEOMETRIC_PRESENTATION_REPRESENTATION('',(
    #7976),#6411);
#7976 = STYLED_ITEM('color',(#7977),#6399);
#7977 = PRESENTATION_STYLE_ASSIGNMENT((#7978));
#7978 = SURFACE_STYLE_USAGE(.BOTH.,#7979);
#7979 = SURFACE_SIDE_STYLE('',(#7980));
#7980 = SURFACE_STYLE_FILL_AREA(#7981);
#7981 = FILL_AREA_STYLE('',(#7982));
#7982 = FILL_AREA_STYLE_COLOUR('',#7958);
#7983 = MECHANICAL_DESIGN_GEOMETRIC_PRESENTATION_REPRESENTATION('',(
    #7984),#1766);
#7984 = STYLED_ITEM('color',(#7985),#1436);
#7985 = PRESENTATION_STYLE_ASSIGNMENT((#7986));
#7986 = SURFACE_STYLE_USAGE(.BOTH.,#7987);
#7987 = SURFACE_SIDE_STYLE('',(#7988));
#7988 = SURFACE_STYLE_FILL_AREA(#7989);
#7989 = FILL_AREA_STYLE('',(#7990));
#7990 = FILL_AREA_STYLE_COLOUR('',#7991);
#7991 = COLOUR_RGB('',0.620000000292,0.640000008347,0.679999990811);
#7992 = MECHANICAL_DESIGN_GEOMETRIC_PRESENTATION_REPRESENTATION('',(
    #7993),#7310);
#7993 = STYLED_ITEM('color',(#7994),#7298);
#7994 = PRESENTATION_STYLE_ASSIGNMENT((#7995));
#7995 = SURFACE_STYLE_USAGE(.BOTH.,#7996);
#7996 = SURFACE_SIDE_STYLE('',(#7997));
#7997 = SURFACE_STYLE_FILL_AREA(#7998);
#7998 = FILL_AREA_STYLE('',(#7999));
#7999 = FILL_AREA_STYLE_COLOUR('',#7958);
#8000 = MECHANICAL_DESIGN_GEOMETRIC_PRESENTATION_REPRESENTATION('',(
    #8001),#7775);
#8001 = STYLED_ITEM('color',(#8002),#7763);
#8002 = PRESENTATION_STYLE_ASSIGNMENT((#8003));
#8003 = SURFACE_STYLE_USAGE(.BOTH.,#8004);
#8004 = SURFACE_SIDE_STYLE('',(#8005));
#8005 = SURFACE_STYLE_FILL_AREA(#8006);
#8006 = FILL_AREA_STYLE('',(#8007));
#8007 = FILL_AREA_STYLE_COLOUR('',#7958);
#8008 = MECHANICAL_DESIGN_GEOMETRIC_PRESENTATION_REPRESENTATION('',(
    #8009),#6504);
#8009 = STYLED_ITEM('color',(#8010),#6492);
#8010 = PRESENTATION_STYLE_ASSIGNMENT((#8011));
#8011 = SURFACE_STYLE_USAGE(.BOTH.,#8012);
#8012 = SURFACE_SIDE_STYLE('',(#8013));
#8013 = SURFACE_STYLE_FILL_AREA(#8014);
#8014 = FILL_AREA_STYLE('',(#8015));
#8015 = FILL_AREA_STYLE_COLOUR('',#7958);
#8016 = MECHANICAL_DESIGN_GEOMETRIC_PRESENTATION_REPRESENTATION('',(
    #8017),#5977);
#8017 = STYLED_ITEM('color',(#8018),#5965);
#8018 = PRESENTATION_STYLE_ASSIGNMENT((#8019));
#8019 = SURFACE_STYLE_USAGE(.BOTH.,#8020);
#8020 = SURFACE_SIDE_STYLE('',(#8021));
#8021 = SURFACE_STYLE_FILL_AREA(#8022);
#8022 = FILL_AREA_STYLE('',(#8023));
#8023 = FILL_AREA_STYLE_COLOUR('',#7958);
#8024 = MECHANICAL_DESIGN_GEOMETRIC_PRESENTATION_REPRESENTATION('',(
    #8025),#7186);
#8025 = STYLED_ITEM('color',(#8026),#7174);
#8026 = PRESENTATION_STYLE_ASSIGNMENT((#8027));
#8027 = SURFACE_STYLE_USAGE(.BOTH.,#8028);
#8028 = SURFACE_SIDE_STYLE('',(#8029));
#8029 = SURFACE_STYLE_FILL_AREA(#8030);
#8030 = FILL_AREA_STYLE('',(#8031));
#8031 = FILL_AREA_STYLE_COLOUR('',#7958);
#8032 = MECHANICAL_DESIGN_GEOMETRIC_PRESENTATION_REPRESENTATION('',(
    #8033),#6876);
#8033 = STYLED_ITEM('color',(#8034),#6864);
#8034 = PRESENTATION_STYLE_ASSIGNMENT((#8035));
#8035 = SURFACE_STYLE_USAGE(.BOTH.,#8036);
#8036 = SURFACE_SIDE_STYLE('',(#8037));
#8037 = SURFACE_STYLE_FILL_AREA(#8038);
#8038 = FILL_AREA_STYLE('',(#8039));
#8039 = FILL_AREA_STYLE_COLOUR('',#7958);
#8040 = MECHANICAL_DESIGN_GEOMETRIC_PRESENTATION_REPRESENTATION('',(
    #8041),#1068);
#8041 = STYLED_ITEM('color',(#8042),#738);
#8042 = PRESENTATION_STYLE_ASSIGNMENT((#8043));
#8043 = SURFACE_STYLE_USAGE(.BOTH.,#8044);
#8044 = SURFACE_SIDE_STYLE('',(#8045));
#8045 = SURFACE_STYLE_FILL_AREA(#8046);
#8046 = FILL_AREA_STYLE('',(#8047));
#8047 = FILL_AREA_STYLE_COLOUR('',#7991);
#8048 = MECHANICAL_DESIGN_GEOMETRIC_PRESENTATION_REPRESENTATION('',(
    #8049),#7155);
#8049 = STYLED_ITEM('color',(#8050),#7143);
#8050 = PRESENTATION_STYLE_ASSIGNMENT((#8051));
#8051 = SURFACE_STYLE_USAGE(.BOTH.,#8052);
#8052 = SURFACE_SIDE_STYLE('',(#8053));
#8053 = SURFACE_STYLE_FILL_AREA(#8054);
#8054 = FILL_AREA_STYLE('',(#8055));
#8055 = FILL_AREA_STYLE_COLOUR('',#7958);
#8056 = MECHANICAL_DESIGN_GEOMETRIC_PRESENTATION_REPRESENTATION('',(
    #8057),#7868);
#8057 = STYLED_ITEM('color',(#8058),#7856);
#8058 = PRESENTATION_STYLE_ASSIGNMENT((#8059));
#8059 = SURFACE_STYLE_USAGE(.BOTH.,#8060);
#8060 = SURFACE_SIDE_STYLE('',(#8061));
#8061 = SURFACE_STYLE_FILL_AREA(#8062);
#8062 = FILL_AREA_STYLE('',(#8063));
#8063 = FILL_AREA_STYLE_COLOUR('',#7958);
#8064 = MECHANICAL_DESIGN_GEOMETRIC_PRESENTATION_REPRESENTATION('',(
    #8065),#7465);
#8065 = STYLED_ITEM('color',(#8066),#7453);
#8066 = PRESENTATION_STYLE_ASSIGNMENT((#8067));
#8067 = SURFACE_STYLE_USAGE(.BOTH.,#8068);
#8068 = SURFACE_SIDE_STYLE('',(#8069));
#8069 = SURFACE_STYLE_FILL_AREA(#8070);
#8070 = FILL_AREA_STYLE('',(#8071));
#8071 = FILL_AREA_STYLE_COLOUR('',#7958);
#8072 = MECHANICAL_DESIGN_GEOMETRIC_PRESENTATION_REPRESENTATION('',(
    #8073),#6907);
#8073 = STYLED_ITEM('color',(#8074),#6895);
#8074 = PRESENTATION_STYLE_ASSIGNMENT((#8075));
#8075 = SURFACE_STYLE_USAGE(.BOTH.,#8076);
#8076 = SURFACE_SIDE_STYLE('',(#8077));
#8077 = SURFACE_STYLE_FILL_AREA(#8078);
#8078 = FILL_AREA_STYLE('',(#8079));
#8079 = FILL_AREA_STYLE_COLOUR('',#7958);
#8080 = MECHANICAL_DESIGN_GEOMETRIC_PRESENTATION_REPRESENTATION('',(
    #8081),#2464);
#8081 = STYLED_ITEM('color',(#8082),#2134);
#8082 = PRESENTATION_STYLE_ASSIGNMENT((#8083));
#8083 = SURFACE_STYLE_USAGE(.BOTH.,#8084);
#8084 = SURFACE_SIDE_STYLE('',(#8085));
#8085 = SURFACE_STYLE_FILL_AREA(#8086);
#8086 = FILL_AREA_STYLE('',(#8087));
#8087 = FILL_AREA_STYLE_COLOUR('',#8088);
#8088 = COLOUR_RGB('',0.55000000909,0.580000000354,0.630000008194);
#8089 = MECHANICAL_DESIGN_GEOMETRIC_PRESENTATION_REPRESENTATION('',(
    #8090),#7899);
#8090 = STYLED_ITEM('color',(#8091),#7887);
#8091 = PRESENTATION_STYLE_ASSIGNMENT((#8092));
#8092 = SURFACE_STYLE_USAGE(.BOTH.,#8093);
#8093 = SURFACE_SIDE_STYLE('',(#8094));
#8094 = SURFACE_STYLE_FILL_AREA(#8095);
#8095 = FILL_AREA_STYLE('',(#8096));
#8096 = FILL_AREA_STYLE_COLOUR('',#7958);
#8097 = MECHANICAL_DESIGN_GEOMETRIC_PRESENTATION_REPRESENTATION('',(
    #8098),#7434);
#8098 = STYLED_ITEM('color',(#8099),#7422);
#8099 = PRESENTATION_STYLE_ASSIGNMENT((#8100));
#8100 = SURFACE_STYLE_USAGE(.BOTH.,#8101);
#8101 = SURFACE_SIDE_STYLE('',(#8102));
#8102 = SURFACE_STYLE_FILL_AREA(#8103);
#8103 = FILL_AREA_STYLE('',(#8104));
#8104 = FILL_AREA_STYLE_COLOUR('',#7958);
#8105 = MECHANICAL_DESIGN_GEOMETRIC_PRESENTATION_REPRESENTATION('',(
    #8106),#719);
#8106 = STYLED_ITEM('color',(#8107),#389);
#8107 = PRESENTATION_STYLE_ASSIGNMENT((#8108));
#8108 = SURFACE_STYLE_USAGE(.BOTH.,#8109);
#8109 = SURFACE_SIDE_STYLE('',(#8110));
#8110 = SURFACE_STYLE_FILL_AREA(#8111);
#8111 = FILL_AREA_STYLE('',(#8112));
#8112 = FILL_AREA_STYLE_COLOUR('',#7991);
#8113 = MECHANICAL_DESIGN_GEOMETRIC_PRESENTATION_REPRESENTATION('',(
    #8114),#7682);
#8114 = STYLED_ITEM('color',(#8115),#7670);
#8115 = PRESENTATION_STYLE_ASSIGNMENT((#8116));
#8116 = SURFACE_STYLE_USAGE(.BOTH.,#8117);
#8117 = SURFACE_SIDE_STYLE('',(#8118));
#8118 = SURFACE_STYLE_FILL_AREA(#8119);
#8119 = FILL_AREA_STYLE('',(#8120));
#8120 = FILL_AREA_STYLE_COLOUR('',#7958);
#8121 = MECHANICAL_DESIGN_GEOMETRIC_PRESENTATION_REPRESENTATION('',(
    #8122),#7403);
#8122 = STYLED_ITEM('color',(#8123),#7391);
#8123 = PRESENTATION_STYLE_ASSIGNMENT((#8124));
#8124 = SURFACE_STYLE_USAGE(.BOTH.,#8125);
#8125 = SURFACE_SIDE_STYLE('',(#8126));
#8126 = SURFACE_STYLE_FILL_AREA(#8127);
#8127 = FILL_AREA_STYLE('',(#8128));
#8128 = FILL_AREA_STYLE_COLOUR('',#7958);
#8129 = MECHANICAL_DESIGN_GEOMETRIC_PRESENTATION_REPRESENTATION('',(
    #8130),#7496);
#8130 = STYLED_ITEM('color',(#8131),#7484);
#8131 = PRESENTATION_STYLE_ASSIGNMENT((#8132));
#8132 = SURFACE_STYLE_USAGE(.BOTH.,#8133);
#8133 = SURFACE_SIDE_STYLE('',(#8134));
#8134 = SURFACE_STYLE_FILL_AREA(#8135);
#8135 = FILL_AREA_STYLE('',(#8136));
#8136 = FILL_AREA_STYLE_COLOUR('',#7958);
#8137 = MECHANICAL_DESIGN_GEOMETRIC_PRESENTATION_REPRESENTATION('',(
    #8138),#5853);
#8138 = STYLED_ITEM('color',(#8139),#5841);
#8139 = PRESENTATION_STYLE_ASSIGNMENT((#8140));
#8140 = SURFACE_STYLE_USAGE(.BOTH.,#8141);
#8141 = SURFACE_SIDE_STYLE('',(#8142));
#8142 = SURFACE_STYLE_FILL_AREA(#8143);
#8143 = FILL_AREA_STYLE('',(#8144));
#8144 = FILL_AREA_STYLE_COLOUR('',#7958);
#8145 = MECHANICAL_DESIGN_GEOMETRIC_PRESENTATION_REPRESENTATION('',(
    #8146),#7651);
#8146 = STYLED_ITEM('color',(#8147),#7639);
#8147 = PRESENTATION_STYLE_ASSIGNMENT((#8148));
#8148 = SURFACE_STYLE_USAGE(.BOTH.,#8149);
#8149 = SURFACE_SIDE_STYLE('',(#8150));
#8150 = SURFACE_STYLE_FILL_AREA(#8151);
#8151 = FILL_AREA_STYLE('',(#8152));
#8152 = FILL_AREA_STYLE_COLOUR('',#7958);
#8153 = MECHANICAL_DESIGN_GEOMETRIC_PRESENTATION_REPRESENTATION('',(
    #8154),#6938);
#8154 = STYLED_ITEM('color',(#8155),#6926);
#8155 = PRESENTATION_STYLE_ASSIGNMENT((#8156));
#8156 = SURFACE_STYLE_USAGE(.BOTH.,#8157);
#8157 = SURFACE_SIDE_STYLE('',(#8158));
#8158 = SURFACE_STYLE_FILL_AREA(#8159);
#8159 = FILL_AREA_STYLE('',(#8160));
#8160 = FILL_AREA_STYLE_COLOUR('',#7958);
#8161 = MECHANICAL_DESIGN_GEOMETRIC_PRESENTATION_REPRESENTATION('',(
    #8162),#7124);
#8162 = STYLED_ITEM('color',(#8163),#7112);
#8163 = PRESENTATION_STYLE_ASSIGNMENT((#8164));
#8164 = SURFACE_STYLE_USAGE(.BOTH.,#8165);
#8165 = SURFACE_SIDE_STYLE('',(#8166));
#8166 = SURFACE_STYLE_FILL_AREA(#8167);
#8167 = FILL_AREA_STYLE('',(#8168));
#8168 = FILL_AREA_STYLE_COLOUR('',#7958);
#8169 = MECHANICAL_DESIGN_GEOMETRIC_PRESENTATION_REPRESENTATION('',(
    #8170),#6225);
#8170 = STYLED_ITEM('color',(#8171),#6213);
#8171 = PRESENTATION_STYLE_ASSIGNMENT((#8172));
#8172 = SURFACE_STYLE_USAGE(.BOTH.,#8173);
#8173 = SURFACE_SIDE_STYLE('',(#8174));
#8174 = SURFACE_STYLE_FILL_AREA(#8175);
#8175 = FILL_AREA_STYLE('',(#8176));
#8176 = FILL_AREA_STYLE_COLOUR('',#7958);
#8177 = MECHANICAL_DESIGN_GEOMETRIC_PRESENTATION_REPRESENTATION('',(
    #8178),#6349);
#8178 = STYLED_ITEM('color',(#8179),#6337);
#8179 = PRESENTATION_STYLE_ASSIGNMENT((#8180));
#8180 = SURFACE_STYLE_USAGE(.BOTH.,#8181);
#8181 = SURFACE_SIDE_STYLE('',(#8182));
#8182 = SURFACE_STYLE_FILL_AREA(#8183);
#8183 = FILL_AREA_STYLE('',(#8184));
#8184 = FILL_AREA_STYLE_COLOUR('',#8185);
#8185 = COLOUR_RGB('',0.920000012397,0.350000000377,0.199999998682);
#8186 = MECHANICAL_DESIGN_GEOMETRIC_PRESENTATION_REPRESENTATION('',(
    #8187),#7930);
#8187 = STYLED_ITEM('color',(#8188),#7918);
#8188 = PRESENTATION_STYLE_ASSIGNMENT((#8189));
#8189 = SURFACE_STYLE_USAGE(.BOTH.,#8190);
#8190 = SURFACE_SIDE_STYLE('',(#8191));
#8191 = SURFACE_STYLE_FILL_AREA(#8192);
#8192 = FILL_AREA_STYLE('',(#8193));
#8193 = FILL_AREA_STYLE_COLOUR('',#7958);
#8194 = MECHANICAL_DESIGN_GEOMETRIC_PRESENTATION_REPRESENTATION('',(
    #8195),#7279);
#8195 = STYLED_ITEM('color',(#8196),#7267);
#8196 = PRESENTATION_STYLE_ASSIGNMENT((#8197));
#8197 = SURFACE_STYLE_USAGE(.BOTH.,#8198);
#8198 = SURFACE_SIDE_STYLE('',(#8199));
#8199 = SURFACE_STYLE_FILL_AREA(#8200);
#8200 = FILL_AREA_STYLE('',(#8201));
#8201 = FILL_AREA_STYLE_COLOUR('',#7958);
#8202 = MECHANICAL_DESIGN_GEOMETRIC_PRESENTATION_REPRESENTATION('',(
    #8203),#5729);
#8203 = STYLED_ITEM('color',(#8204),#5717);
#8204 = PRESENTATION_STYLE_ASSIGNMENT((#8205));
#8205 = SURFACE_STYLE_USAGE(.BOTH.,#8206);
#8206 = SURFACE_SIDE_STYLE('',(#8207));
#8207 = SURFACE_STYLE_FILL_AREA(#8208);
#8208 = FILL_AREA_STYLE('',(#8209));
#8209 = FILL_AREA_STYLE_COLOUR('',#7958);
#8210 = MECHANICAL_DESIGN_GEOMETRIC_PRESENTATION_REPRESENTATION('',(
    #8211),#3162);
#8211 = STYLED_ITEM('color',(#8212),#2832);
#8212 = PRESENTATION_STYLE_ASSIGNMENT((#8213));
#8213 = SURFACE_STYLE_USAGE(.BOTH.,#8214);
#8214 = SURFACE_SIDE_STYLE('',(#8215));
#8215 = SURFACE_STYLE_FILL_AREA(#8216);
#8216 = FILL_AREA_STYLE('',(#8217));
#8217 = FILL_AREA_STYLE_COLOUR('',#8088);
#8218 = MECHANICAL_DESIGN_GEOMETRIC_PRESENTATION_REPRESENTATION('',(
    #8219),#7527);
#8219 = STYLED_ITEM('color',(#8220),#7515);
#8220 = PRESENTATION_STYLE_ASSIGNMENT((#8221));
#8221 = SURFACE_STYLE_USAGE(.BOTH.,#8222);
#8222 = SURFACE_SIDE_STYLE('',(#8223));
#8223 = SURFACE_STYLE_FILL_AREA(#8224);
#8224 = FILL_AREA_STYLE('',(#8225));
#8225 = FILL_AREA_STYLE_COLOUR('',#7958);
#8226 = MECHANICAL_DESIGN_GEOMETRIC_PRESENTATION_REPRESENTATION('',(
    #8227),#2115);
#8227 = STYLED_ITEM('color',(#8228),#1785);
#8228 = PRESENTATION_STYLE_ASSIGNMENT((#8229));
#8229 = SURFACE_STYLE_USAGE(.BOTH.,#8230);
#8230 = SURFACE_SIDE_STYLE('',(#8231));
#8231 = SURFACE_STYLE_FILL_AREA(#8232);
#8232 = FILL_AREA_STYLE('',(#8233));
#8233 = FILL_AREA_STYLE_COLOUR('',#7991);
#8234 = MECHANICAL_DESIGN_GEOMETRIC_PRESENTATION_REPRESENTATION('',(
    #8235),#6845);
#8235 = STYLED_ITEM('color',(#8236),#6833);
#8236 = PRESENTATION_STYLE_ASSIGNMENT((#8237));
#8237 = SURFACE_STYLE_USAGE(.BOTH.,#8238);
#8238 = SURFACE_SIDE_STYLE('',(#8239));
#8239 = SURFACE_STYLE_FILL_AREA(#8240);
#8240 = FILL_AREA_STYLE('',(#8241));
#8241 = FILL_AREA_STYLE_COLOUR('',#7958);
#8242 = MECHANICAL_DESIGN_GEOMETRIC_PRESENTATION_REPRESENTATION('',(
    #8243),#6566);
#8243 = STYLED_ITEM('color',(#8244),#6554);
#8244 = PRESENTATION_STYLE_ASSIGNMENT((#8245));
#8245 = SURFACE_STYLE_USAGE(.BOTH.,#8246);
#8246 = SURFACE_SIDE_STYLE('',(#8247));
#8247 = SURFACE_STYLE_FILL_AREA(#8248);
#8248 = FILL_AREA_STYLE('',(#8249));
#8249 = FILL_AREA_STYLE_COLOUR('',#7958);
#8250 = MECHANICAL_DESIGN_GEOMETRIC_PRESENTATION_REPRESENTATION('',(
    #8251),#2813);
#8251 = STYLED_ITEM('color',(#8252),#2483);
#8252 = PRESENTATION_STYLE_ASSIGNMENT((#8253));
#8253 = SURFACE_STYLE_USAGE(.BOTH.,#8254);
#8254 = SURFACE_SIDE_STYLE('',(#8255));
#8255 = SURFACE_STYLE_FILL_AREA(#8256);
#8256 = FILL_AREA_STYLE('',(#8257));
#8257 = FILL_AREA_STYLE_COLOUR('',#8088);
#8258 = MECHANICAL_DESIGN_GEOMETRIC_PRESENTATION_REPRESENTATION('',(
    #8259),#6101);
#8259 = STYLED_ITEM('color',(#8260),#6089);
#8260 = PRESENTATION_STYLE_ASSIGNMENT((#8261));
#8261 = SURFACE_STYLE_USAGE(.BOTH.,#8262);
#8262 = SURFACE_SIDE_STYLE('',(#8263));
#8263 = SURFACE_STYLE_FILL_AREA(#8264);
#8264 = FILL_AREA_STYLE('',(#8265));
#8265 = FILL_AREA_STYLE_COLOUR('',#7958);
#8266 = MECHANICAL_DESIGN_GEOMETRIC_PRESENTATION_REPRESENTATION('',(
    #8267),#5884);
#8267 = STYLED_ITEM('color',(#8268),#5872);
#8268 = PRESENTATION_STYLE_ASSIGNMENT((#8269));
#8269 = SURFACE_STYLE_USAGE(.BOTH.,#8270);
#8270 = SURFACE_SIDE_STYLE('',(#8271));
#8271 = SURFACE_STYLE_FILL_AREA(#8272);
#8272 = FILL_AREA_STYLE('',(#8273));
#8273 = FILL_AREA_STYLE_COLOUR('',#7958);
#8274 = MECHANICAL_DESIGN_GEOMETRIC_PRESENTATION_REPRESENTATION('',(
    #8275),#6039);
#8275 = STYLED_ITEM('color',(#8276),#6027);
#8276 = PRESENTATION_STYLE_ASSIGNMENT((#8277));
#8277 = SURFACE_STYLE_USAGE(.BOTH.,#8278);
#8278 = SURFACE_SIDE_STYLE('',(#8279));
#8279 = SURFACE_STYLE_FILL_AREA(#8280);
#8280 = FILL_AREA_STYLE('',(#8281));
#8281 = FILL_AREA_STYLE_COLOUR('',#7958);
#8282 = MECHANICAL_DESIGN_GEOMETRIC_PRESENTATION_REPRESENTATION('',(
    #8283),#6535);
#8283 = STYLED_ITEM('color',(#8284),#6523);
#8284 = PRESENTATION_STYLE_ASSIGNMENT((#8285));
#8285 = SURFACE_STYLE_USAGE(.BOTH.,#8286);
#8286 = SURFACE_SIDE_STYLE('',(#8287));
#8287 = SURFACE_STYLE_FILL_AREA(#8288);
#8288 = FILL_AREA_STYLE('',(#8289));
#8289 = FILL_AREA_STYLE_COLOUR('',#7958);
#8290 = MECHANICAL_DESIGN_GEOMETRIC_PRESENTATION_REPRESENTATION('',(
    #8291),#5915);
#8291 = STYLED_ITEM('color',(#8292),#5903);
#8292 = PRESENTATION_STYLE_ASSIGNMENT((#8293));
#8293 = SURFACE_STYLE_USAGE(.BOTH.,#8294);
#8294 = SURFACE_SIDE_STYLE('',(#8295));
#8295 = SURFACE_STYLE_FILL_AREA(#8296);
#8296 = FILL_AREA_STYLE('',(#8297));
#8297 = FILL_AREA_STYLE_COLOUR('',#7958);
#8298 = MECHANICAL_DESIGN_GEOMETRIC_PRESENTATION_REPRESENTATION('',(
    #8299),#5760);
#8299 = STYLED_ITEM('color',(#8300),#5748);
#8300 = PRESENTATION_STYLE_ASSIGNMENT((#8301));
#8301 = SURFACE_STYLE_USAGE(.BOTH.,#8302);
#8302 = SURFACE_SIDE_STYLE('',(#8303));
#8303 = SURFACE_STYLE_FILL_AREA(#8304);
#8304 = FILL_AREA_STYLE('',(#8305));
#8305 = FILL_AREA_STYLE_COLOUR('',#7958);
#8306 = MECHANICAL_DESIGN_GEOMETRIC_PRESENTATION_REPRESENTATION('',(
    #8307),#7062);
#8307 = STYLED_ITEM('color',(#8308),#7050);
#8308 = PRESENTATION_STYLE_ASSIGNMENT((#8309));
#8309 = SURFACE_STYLE_USAGE(.BOTH.,#8310);
#8310 = SURFACE_SIDE_STYLE('',(#8311));
#8311 = SURFACE_STYLE_FILL_AREA(#8312);
#8312 = FILL_AREA_STYLE('',(#8313));
#8313 = FILL_AREA_STYLE_COLOUR('',#7958);
#8314 = MECHANICAL_DESIGN_GEOMETRIC_PRESENTATION_REPRESENTATION('',(
    #8315),#4907);
#8315 = STYLED_ITEM('color',(#8316),#4577);
#8316 = PRESENTATION_STYLE_ASSIGNMENT((#8317));
#8317 = SURFACE_STYLE_USAGE(.BOTH.,#8318);
#8318 = SURFACE_SIDE_STYLE('',(#8319));
#8319 = SURFACE_STYLE_FILL_AREA(#8320);
#8320 = FILL_AREA_STYLE('',(#8321));
#8321 = FILL_AREA_STYLE_COLOUR('',#7949);
#8322 = MECHANICAL_DESIGN_GEOMETRIC_PRESENTATION_REPRESENTATION('',(
    #8323),#7837);
#8323 = STYLED_ITEM('color',(#8324),#7825);
#8324 = PRESENTATION_STYLE_ASSIGNMENT((#8325));
#8325 = SURFACE_STYLE_USAGE(.BOTH.,#8326);
#8326 = SURFACE_SIDE_STYLE('',(#8327));
#8327 = SURFACE_STYLE_FILL_AREA(#8328);
#8328 = FILL_AREA_STYLE('',(#8329));
#8329 = FILL_AREA_STYLE_COLOUR('',#7958);
#8330 = MECHANICAL_DESIGN_GEOMETRIC_PRESENTATION_REPRESENTATION('',(
    #8331),#6752);
#8331 = STYLED_ITEM('color',(#8332),#6740);
#8332 = PRESENTATION_STYLE_ASSIGNMENT((#8333));
#8333 = SURFACE_STYLE_USAGE(.BOTH.,#8334);
#8334 = SURFACE_SIDE_STYLE('',(#8335));
#8335 = SURFACE_STYLE_FILL_AREA(#8336);
#8336 = FILL_AREA_STYLE('',(#8337));
#8337 = FILL_AREA_STYLE_COLOUR('',#7958);
#8338 = MECHANICAL_DESIGN_GEOMETRIC_PRESENTATION_REPRESENTATION('',(
    #8339),#6318);
#8339 = STYLED_ITEM('color',(#8340),#6306);
#8340 = PRESENTATION_STYLE_ASSIGNMENT((#8341));
#8341 = SURFACE_STYLE_USAGE(.BOTH.,#8342);
#8342 = SURFACE_SIDE_STYLE('',(#8343));
#8343 = SURFACE_STYLE_FILL_AREA(#8344);
#8344 = FILL_AREA_STYLE('',(#8345));
#8345 = FILL_AREA_STYLE_COLOUR('',#7958);
#8346 = MECHANICAL_DESIGN_GEOMETRIC_PRESENTATION_REPRESENTATION('',(
    #8347),#6163);
#8347 = STYLED_ITEM('color',(#8348),#6151);
#8348 = PRESENTATION_STYLE_ASSIGNMENT((#8349));
#8349 = SURFACE_STYLE_USAGE(.BOTH.,#8350);
#8350 = SURFACE_SIDE_STYLE('',(#8351));
#8351 = SURFACE_STYLE_FILL_AREA(#8352);
#8352 = FILL_AREA_STYLE('',(#8353));
#8353 = FILL_AREA_STYLE_COLOUR('',#7958);
#8354 = MECHANICAL_DESIGN_GEOMETRIC_PRESENTATION_REPRESENTATION('',(
    #8355),#6070);
#8355 = STYLED_ITEM('color',(#8356),#6058);
#8356 = PRESENTATION_STYLE_ASSIGNMENT((#8357));
#8357 = SURFACE_STYLE_USAGE(.BOTH.,#8358);
#8358 = SURFACE_SIDE_STYLE('',(#8359));
#8359 = SURFACE_STYLE_FILL_AREA(#8360);
#8360 = FILL_AREA_STYLE('',(#8361));
#8361 = FILL_AREA_STYLE_COLOUR('',#7958);
#8362 = MECHANICAL_DESIGN_GEOMETRIC_PRESENTATION_REPRESENTATION('',(
    #8363),#7093);
#8363 = STYLED_ITEM('color',(#8364),#7081);
#8364 = PRESENTATION_STYLE_ASSIGNMENT((#8365));
#8365 = SURFACE_STYLE_USAGE(.BOTH.,#8366);
#8366 = SURFACE_SIDE_STYLE('',(#8367));
#8367 = SURFACE_STYLE_FILL_AREA(#8368);
#8368 = FILL_AREA_STYLE('',(#8369));
#8369 = FILL_AREA_STYLE_COLOUR('',#7958);
#8370 = MECHANICAL_DESIGN_GEOMETRIC_PRESENTATION_REPRESENTATION('',(
    #8371),#5822);
#8371 = STYLED_ITEM('color',(#8372),#5810);
#8372 = PRESENTATION_STYLE_ASSIGNMENT((#8373));
#8373 = SURFACE_STYLE_USAGE(.BOTH.,#8374);
#8374 = SURFACE_SIDE_STYLE('',(#8375));
#8375 = SURFACE_STYLE_FILL_AREA(#8376);
#8376 = FILL_AREA_STYLE('',(#8377));
#8377 = FILL_AREA_STYLE_COLOUR('',#7958);
#8378 = MECHANICAL_DESIGN_GEOMETRIC_PRESENTATION_REPRESENTATION('',(
    #8379),#7744);
#8379 = STYLED_ITEM('color',(#8380),#7732);
#8380 = PRESENTATION_STYLE_ASSIGNMENT((#8381));
#8381 = SURFACE_STYLE_USAGE(.BOTH.,#8382);
#8382 = SURFACE_SIDE_STYLE('',(#8383));
#8383 = SURFACE_STYLE_FILL_AREA(#8384);
#8384 = FILL_AREA_STYLE('',(#8385));
#8385 = FILL_AREA_STYLE_COLOUR('',#7958);
#8386 = MECHANICAL_DESIGN_GEOMETRIC_PRESENTATION_REPRESENTATION('',(
    #8387),#5605);
#8387 = STYLED_ITEM('color',(#8388),#5275);
#8388 = PRESENTATION_STYLE_ASSIGNMENT((#8389));
#8389 = SURFACE_STYLE_USAGE(.BOTH.,#8390);
#8390 = SURFACE_SIDE_STYLE('',(#8391));
#8391 = SURFACE_STYLE_FILL_AREA(#8392);
#8392 = FILL_AREA_STYLE('',(#8393));
#8393 = FILL_AREA_STYLE_COLOUR('',#8394);
#8394 = COLOUR_RGB('',0.45000000386,0.47000000295,0.500000003429);
#8395 = MECHANICAL_DESIGN_GEOMETRIC_PRESENTATION_REPRESENTATION('',(
    #8396),#7620);
#8396 = STYLED_ITEM('color',(#8397),#7608);
#8397 = PRESENTATION_STYLE_ASSIGNMENT((#8398));
#8398 = SURFACE_STYLE_USAGE(.BOTH.,#8399);
#8399 = SURFACE_SIDE_STYLE('',(#8400));
#8400 = SURFACE_STYLE_FILL_AREA(#8401);
#8401 = FILL_AREA_STYLE('',(#8402));
#8402 = FILL_AREA_STYLE_COLOUR('',#7958);
#8403 = MECHANICAL_DESIGN_GEOMETRIC_PRESENTATION_REPRESENTATION('',(
    #8404),#6256);
#8404 = STYLED_ITEM('color',(#8405),#6244);
#8405 = PRESENTATION_STYLE_ASSIGNMENT((#8406));
#8406 = SURFACE_STYLE_USAGE(.BOTH.,#8407);
#8407 = SURFACE_SIDE_STYLE('',(#8408));
#8408 = SURFACE_STYLE_FILL_AREA(#8409);
#8409 = FILL_AREA_STYLE('',(#8410));
#8410 = FILL_AREA_STYLE_COLOUR('',#7958);
#8411 = MECHANICAL_DESIGN_GEOMETRIC_PRESENTATION_REPRESENTATION('',(
    #8412),#4558);
#8412 = STYLED_ITEM('color',(#8413),#4228);
#8413 = PRESENTATION_STYLE_ASSIGNMENT((#8414));
#8414 = SURFACE_STYLE_USAGE(.BOTH.,#8415);
#8415 = SURFACE_SIDE_STYLE('',(#8416));
#8416 = SURFACE_STYLE_FILL_AREA(#8417);
#8417 = FILL_AREA_STYLE('',(#8418));
#8418 = FILL_AREA_STYLE_COLOUR('',#7949);
#8419 = MECHANICAL_DESIGN_GEOMETRIC_PRESENTATION_REPRESENTATION('',(
    #8420),#7806);
#8420 = STYLED_ITEM('color',(#8421),#7794);
#8421 = PRESENTATION_STYLE_ASSIGNMENT((#8422));
#8422 = SURFACE_STYLE_USAGE(.BOTH.,#8423);
#8423 = SURFACE_SIDE_STYLE('',(#8424));
#8424 = SURFACE_STYLE_FILL_AREA(#8425);
#8425 = FILL_AREA_STYLE('',(#8426));
#8426 = FILL_AREA_STYLE_COLOUR('',#7958);
#8427 = MECHANICAL_DESIGN_GEOMETRIC_PRESENTATION_REPRESENTATION('',(
    #8428),#6287);
#8428 = STYLED_ITEM('color',(#8429),#6275);
#8429 = PRESENTATION_STYLE_ASSIGNMENT((#8430));
#8430 = SURFACE_STYLE_USAGE(.BOTH.,#8431);
#8431 = SURFACE_SIDE_STYLE('',(#8432));
#8432 = SURFACE_STYLE_FILL_AREA(#8433);
#8433 = FILL_AREA_STYLE('',(#8434));
#8434 = FILL_AREA_STYLE_COLOUR('',#7958);
#8435 = MECHANICAL_DESIGN_GEOMETRIC_PRESENTATION_REPRESENTATION('',(
    #8436),#7341);
#8436 = STYLED_ITEM('color',(#8437),#7329);
#8437 = PRESENTATION_STYLE_ASSIGNMENT((#8438));
#8438 = SURFACE_STYLE_USAGE(.BOTH.,#8439);
#8439 = SURFACE_SIDE_STYLE('',(#8440));
#8440 = SURFACE_STYLE_FILL_AREA(#8441);
#8441 = FILL_AREA_STYLE('',(#8442));
#8442 = FILL_AREA_STYLE_COLOUR('',#7958);
#8443 = MECHANICAL_DESIGN_GEOMETRIC_PRESENTATION_REPRESENTATION('',(
    #8444),#6380);
#8444 = STYLED_ITEM('color',(#8445),#6368);
#8445 = PRESENTATION_STYLE_ASSIGNMENT((#8446));
#8446 = SURFACE_STYLE_USAGE(.BOTH.,#8447);
#8447 = SURFACE_SIDE_STYLE('',(#8448));
#8448 = SURFACE_STYLE_FILL_AREA(#8449);
#8449 = FILL_AREA_STYLE('',(#8450));
#8450 = FILL_AREA_STYLE_COLOUR('',#7958);
#8451 = MECHANICAL_DESIGN_GEOMETRIC_PRESENTATION_REPRESENTATION('',(
    #8452),#6132);
#8452 = STYLED_ITEM('color',(#8453),#6120);
#8453 = PRESENTATION_STYLE_ASSIGNMENT((#8454));
#8454 = SURFACE_STYLE_USAGE(.BOTH.,#8455);
#8455 = SURFACE_SIDE_STYLE('',(#8456));
#8456 = SURFACE_STYLE_FILL_AREA(#8457);
#8457 = FILL_AREA_STYLE('',(#8458));
#8458 = FILL_AREA_STYLE_COLOUR('',#7958);
#8459 = MECHANICAL_DESIGN_GEOMETRIC_PRESENTATION_REPRESENTATION('',(
    #8460),#5636);
#8460 = STYLED_ITEM('color',(#8461),#5624);
#8461 = PRESENTATION_STYLE_ASSIGNMENT((#8462));
#8462 = SURFACE_STYLE_USAGE(.BOTH.,#8463);
#8463 = SURFACE_SIDE_STYLE('',(#8464));
#8464 = SURFACE_STYLE_FILL_AREA(#8465);
#8465 = FILL_AREA_STYLE('',(#8466));
#8466 = FILL_AREA_STYLE_COLOUR('',#7958);
#8467 = MECHANICAL_DESIGN_GEOMETRIC_PRESENTATION_REPRESENTATION('',(
    #8468),#7217);
#8468 = STYLED_ITEM('color',(#8469),#7205);
#8469 = PRESENTATION_STYLE_ASSIGNMENT((#8470));
#8470 = SURFACE_STYLE_USAGE(.BOTH.,#8471);
#8471 = SURFACE_SIDE_STYLE('',(#8472));
#8472 = SURFACE_STYLE_FILL_AREA(#8473);
#8473 = FILL_AREA_STYLE('',(#8474));
#8474 = FILL_AREA_STYLE_COLOUR('',#7958);
#8475 = MECHANICAL_DESIGN_GEOMETRIC_PRESENTATION_REPRESENTATION('',(
    #8476),#6690);
#8476 = STYLED_ITEM('color',(#8477),#6678);
#8477 = PRESENTATION_STYLE_ASSIGNMENT((#8478));
#8478 = SURFACE_STYLE_USAGE(.BOTH.,#8479);
#8479 = SURFACE_SIDE_STYLE('',(#8480));
#8480 = SURFACE_STYLE_FILL_AREA(#8481);
#8481 = FILL_AREA_STYLE('',(#8482));
#8482 = FILL_AREA_STYLE_COLOUR('',#7958);
#8483 = MECHANICAL_DESIGN_GEOMETRIC_PRESENTATION_REPRESENTATION('',(
    #8484),#7000);
#8484 = STYLED_ITEM('color',(#8485),#6988);
#8485 = PRESENTATION_STYLE_ASSIGNMENT((#8486));
#8486 = SURFACE_STYLE_USAGE(.BOTH.,#8487);
#8487 = SURFACE_SIDE_STYLE('',(#8488));
#8488 = SURFACE_STYLE_FILL_AREA(#8489);
#8489 = FILL_AREA_STYLE('',(#8490));
#8490 = FILL_AREA_STYLE_COLOUR('',#7958);
#8491 = MECHANICAL_DESIGN_GEOMETRIC_PRESENTATION_REPRESENTATION('',(
    #8492),#6783);
#8492 = STYLED_ITEM('color',(#8493),#6771);
#8493 = PRESENTATION_STYLE_ASSIGNMENT((#8494));
#8494 = SURFACE_STYLE_USAGE(.BOTH.,#8495);
#8495 = SURFACE_SIDE_STYLE('',(#8496));
#8496 = SURFACE_STYLE_FILL_AREA(#8497);
#8497 = FILL_AREA_STYLE('',(#8498));
#8498 = FILL_AREA_STYLE_COLOUR('',#7958);
#8499 = MECHANICAL_DESIGN_GEOMETRIC_PRESENTATION_REPRESENTATION('',(
    #8500),#6473);
#8500 = STYLED_ITEM('color',(#8501),#6461);
#8501 = PRESENTATION_STYLE_ASSIGNMENT((#8502));
#8502 = SURFACE_STYLE_USAGE(.BOTH.,#8503);
#8503 = SURFACE_SIDE_STYLE('',(#8504));
#8504 = SURFACE_STYLE_FILL_AREA(#8505);
#8505 = FILL_AREA_STYLE('',(#8506));
#8506 = FILL_AREA_STYLE_COLOUR('',#7958);
#8507 = MECHANICAL_DESIGN_GEOMETRIC_PRESENTATION_REPRESENTATION('',(
    #8508),#7248);
#8508 = STYLED_ITEM('color',(#8509),#7236);
#8509 = PRESENTATION_STYLE_ASSIGNMENT((#8510));
#8510 = SURFACE_STYLE_USAGE(.BOTH.,#8511);
#8511 = SURFACE_SIDE_STYLE('',(#8512));
#8512 = SURFACE_STYLE_FILL_AREA(#8513);
#8513 = FILL_AREA_STYLE('',(#8514));
#8514 = FILL_AREA_STYLE_COLOUR('',#7958);
#8515 = MECHANICAL_DESIGN_GEOMETRIC_PRESENTATION_REPRESENTATION('',(
    #8516),#6597);
#8516 = STYLED_ITEM('color',(#8517),#6585);
#8517 = PRESENTATION_STYLE_ASSIGNMENT((#8518));
#8518 = SURFACE_STYLE_USAGE(.BOTH.,#8519);
#8519 = SURFACE_SIDE_STYLE('',(#8520));
#8520 = SURFACE_STYLE_FILL_AREA(#8521);
#8521 = FILL_AREA_STYLE('',(#8522));
#8522 = FILL_AREA_STYLE_COLOUR('',#7958);
#8523 = MECHANICAL_DESIGN_GEOMETRIC_PRESENTATION_REPRESENTATION('',(
    #8524),#5791);
#8524 = STYLED_ITEM('color',(#8525),#5779);
#8525 = PRESENTATION_STYLE_ASSIGNMENT((#8526));
#8526 = SURFACE_STYLE_USAGE(.BOTH.,#8527);
#8527 = SURFACE_SIDE_STYLE('',(#8528));
#8528 = SURFACE_STYLE_FILL_AREA(#8529);
#8529 = FILL_AREA_STYLE('',(#8530));
#8530 = FILL_AREA_STYLE_COLOUR('',#7958);
#8531 = MECHANICAL_DESIGN_GEOMETRIC_PRESENTATION_REPRESENTATION('',(
    #8532),#7589);
#8532 = STYLED_ITEM('color',(#8533),#7577);
#8533 = PRESENTATION_STYLE_ASSIGNMENT((#8534));
#8534 = SURFACE_STYLE_USAGE(.BOTH.,#8535);
#8535 = SURFACE_SIDE_STYLE('',(#8536));
#8536 = SURFACE_STYLE_FILL_AREA(#8537);
#8537 = FILL_AREA_STYLE('',(#8538));
#8538 = FILL_AREA_STYLE_COLOUR('',#7958);
#8539 = MECHANICAL_DESIGN_GEOMETRIC_PRESENTATION_REPRESENTATION('',(
    #8540),#6659);
#8540 = STYLED_ITEM('color',(#8541),#6647);
#8541 = PRESENTATION_STYLE_ASSIGNMENT((#8542));
#8542 = SURFACE_STYLE_USAGE(.BOTH.,#8543);
#8543 = SURFACE_SIDE_STYLE('',(#8544));
#8544 = SURFACE_STYLE_FILL_AREA(#8545);
#8545 = FILL_AREA_STYLE('',(#8546));
#8546 = FILL_AREA_STYLE_COLOUR('',#7958);
#8547 = MECHANICAL_DESIGN_GEOMETRIC_PRESENTATION_REPRESENTATION('',(
    #8548),#6628);
#8548 = STYLED_ITEM('color',(#8549),#6616);
#8549 = PRESENTATION_STYLE_ASSIGNMENT((#8550));
#8550 = SURFACE_STYLE_USAGE(.BOTH.,#8551);
#8551 = SURFACE_SIDE_STYLE('',(#8552));
#8552 = SURFACE_STYLE_FILL_AREA(#8553);
#8553 = FILL_AREA_STYLE('',(#8554));
#8554 = FILL_AREA_STYLE_COLOUR('',#7958);
#8555 = MECHANICAL_DESIGN_GEOMETRIC_PRESENTATION_REPRESENTATION('',(
    #8556),#5698);
#8556 = STYLED_ITEM('color',(#8557),#5686);
#8557 = PRESENTATION_STYLE_ASSIGNMENT((#8558));
#8558 = SURFACE_STYLE_USAGE(.BOTH.,#8559);
#8559 = SURFACE_SIDE_STYLE('',(#8560));
#8560 = SURFACE_STYLE_FILL_AREA(#8561);
#8561 = FILL_AREA_STYLE('',(#8562));
#8562 = FILL_AREA_STYLE_COLOUR('',#7958);
#8563 = MECHANICAL_DESIGN_GEOMETRIC_PRESENTATION_REPRESENTATION('',(
    #8564),#5667);
#8564 = STYLED_ITEM('color',(#8565),#5655);
#8565 = PRESENTATION_STYLE_ASSIGNMENT((#8566));
#8566 = SURFACE_STYLE_USAGE(.BOTH.,#8567);
#8567 = SURFACE_SIDE_STYLE('',(#8568));
#8568 = SURFACE_STYLE_FILL_AREA(#8569);
#8569 = FILL_AREA_STYLE('',(#8570));
#8570 = FILL_AREA_STYLE_COLOUR('',#7958);
#8571 = MECHANICAL_DESIGN_GEOMETRIC_PRESENTATION_REPRESENTATION('',(
    #8572),#7031);
#8572 = STYLED_ITEM('color',(#8573),#7019);
#8573 = PRESENTATION_STYLE_ASSIGNMENT((#8574));
#8574 = SURFACE_STYLE_USAGE(.BOTH.,#8575);
#8575 = SURFACE_SIDE_STYLE('',(#8576));
#8576 = SURFACE_STYLE_FILL_AREA(#8577);
#8577 = FILL_AREA_STYLE('',(#8578));
#8578 = FILL_AREA_STYLE_COLOUR('',#7958);
#8579 = MECHANICAL_DESIGN_GEOMETRIC_PRESENTATION_REPRESENTATION('',(
    #8580),#1417);
#8580 = STYLED_ITEM('color',(#8581),#1087);
#8581 = PRESENTATION_STYLE_ASSIGNMENT((#8582));
#8582 = SURFACE_STYLE_USAGE(.BOTH.,#8583);
#8583 = SURFACE_SIDE_STYLE('',(#8584));
#8584 = SURFACE_STYLE_FILL_AREA(#8585);
#8585 = FILL_AREA_STYLE('',(#8586));
#8586 = FILL_AREA_STYLE_COLOUR('',#7991);
#8587 = MECHANICAL_DESIGN_GEOMETRIC_PRESENTATION_REPRESENTATION('',(
    #8588),#7558);
#8588 = STYLED_ITEM('color',(#8589),#7546);
#8589 = PRESENTATION_STYLE_ASSIGNMENT((#8590));
#8590 = SURFACE_STYLE_USAGE(.BOTH.,#8591);
#8591 = SURFACE_SIDE_STYLE('',(#8592));
#8592 = SURFACE_STYLE_FILL_AREA(#8593);
#8593 = FILL_AREA_STYLE('',(#8594));
#8594 = FILL_AREA_STYLE_COLOUR('',#8185);
#8595 = MECHANICAL_DESIGN_GEOMETRIC_PRESENTATION_REPRESENTATION('',(
    #8596),#6814);
#8596 = STYLED_ITEM('color',(#8597),#6802);
#8597 = PRESENTATION_STYLE_ASSIGNMENT((#8598));
#8598 = SURFACE_STYLE_USAGE(.BOTH.,#8599);
#8599 = SURFACE_SIDE_STYLE('',(#8600));
#8600 = SURFACE_STYLE_FILL_AREA(#8601);
#8601 = FILL_AREA_STYLE('',(#8602));
#8602 = FILL_AREA_STYLE_COLOUR('',#7958);
#8603 = MECHANICAL_DESIGN_GEOMETRIC_PRESENTATION_REPRESENTATION('',(
    #8604),#6442);
#8604 = STYLED_ITEM('color',(#8605),#6430);
#8605 = PRESENTATION_STYLE_ASSIGNMENT((#8606));
#8606 = SURFACE_STYLE_USAGE(.BOTH.,#8607);
#8607 = SURFACE_SIDE_STYLE('',(#8608));
#8608 = SURFACE_STYLE_FILL_AREA(#8609);
#8609 = FILL_AREA_STYLE('',(#8610));
#8610 = FILL_AREA_STYLE_COLOUR('',#7958);
#8611 = MECHANICAL_DESIGN_GEOMETRIC_PRESENTATION_REPRESENTATION('',(
    #8612),#3860);
#8612 = STYLED_ITEM('color',(#8613),#3530);
#8613 = PRESENTATION_STYLE_ASSIGNMENT((#8614));
#8614 = SURFACE_STYLE_USAGE(.BOTH.,#8615);
#8615 = SURFACE_SIDE_STYLE('',(#8616));
#8616 = SURFACE_STYLE_FILL_AREA(#8617);
#8617 = FILL_AREA_STYLE('',(#8618));
#8618 = FILL_AREA_STYLE_COLOUR('',#7949);
#8619 = MECHANICAL_DESIGN_GEOMETRIC_PRESENTATION_REPRESENTATION('',(
    #8620),#7713);
#8620 = STYLED_ITEM('color',(#8621),#7701);
#8621 = PRESENTATION_STYLE_ASSIGNMENT((#8622));
#8622 = SURFACE_STYLE_USAGE(.BOTH.,#8623);
#8623 = SURFACE_SIDE_STYLE('',(#8624));
#8624 = SURFACE_STYLE_FILL_AREA(#8625);
#8625 = FILL_AREA_STYLE('',(#8626));
#8626 = FILL_AREA_STYLE_COLOUR('',#7958);
#8627 = MECHANICAL_DESIGN_GEOMETRIC_PRESENTATION_REPRESENTATION('',(
    #8628),#7372);
#8628 = STYLED_ITEM('color',(#8629),#7360);
#8629 = PRESENTATION_STYLE_ASSIGNMENT((#8630));
#8630 = SURFACE_STYLE_USAGE(.BOTH.,#8631);
#8631 = SURFACE_SIDE_STYLE('',(#8632));
#8632 = SURFACE_STYLE_FILL_AREA(#8633);
#8633 = FILL_AREA_STYLE('',(#8634));
#8634 = FILL_AREA_STYLE_COLOUR('',#7958);
#8635 = MECHANICAL_DESIGN_GEOMETRIC_PRESENTATION_REPRESENTATION('',(
    #8636),#6194);
#8636 = STYLED_ITEM('color',(#8637),#6182);
#8637 = PRESENTATION_STYLE_ASSIGNMENT((#8638));
#8638 = SURFACE_STYLE_USAGE(.BOTH.,#8639);
#8639 = SURFACE_SIDE_STYLE('',(#8640));
#8640 = SURFACE_STYLE_FILL_AREA(#8641);
#8641 = FILL_AREA_STYLE('',(#8642));
#8642 = FILL_AREA_STYLE_COLOUR('',#7958);
#8643 = MECHANICAL_DESIGN_GEOMETRIC_PRESENTATION_REPRESENTATION('',(
    #8644),#3511);
#8644 = STYLED_ITEM('color',(#8645),#3181);
#8645 = PRESENTATION_STYLE_ASSIGNMENT((#8646));
#8646 = SURFACE_STYLE_USAGE(.BOTH.,#8647);
#8647 = SURFACE_SIDE_STYLE('',(#8648));
#8648 = SURFACE_STYLE_FILL_AREA(#8649);
#8649 = FILL_AREA_STYLE('',(#8650));
#8650 = FILL_AREA_STYLE_COLOUR('',#8088);
#8651 = MECHANICAL_DESIGN_GEOMETRIC_PRESENTATION_REPRESENTATION('',(
    #8652),#6721);
#8652 = STYLED_ITEM('color',(#8653),#6709);
#8653 = PRESENTATION_STYLE_ASSIGNMENT((#8654));
#8654 = SURFACE_STYLE_USAGE(.BOTH.,#8655);
#8655 = SURFACE_SIDE_STYLE('',(#8656));
#8656 = SURFACE_STYLE_FILL_AREA(#8657);
#8657 = FILL_AREA_STYLE('',(#8658));
#8658 = FILL_AREA_STYLE_COLOUR('',#7958);
#8659 = MECHANICAL_DESIGN_GEOMETRIC_PRESENTATION_REPRESENTATION('',(
    #8660),#5946);
#8660 = STYLED_ITEM('color',(#8661),#5934);
#8661 = PRESENTATION_STYLE_ASSIGNMENT((#8662));
#8662 = SURFACE_STYLE_USAGE(.BOTH.,#8663);
#8663 = SURFACE_SIDE_STYLE('',(#8664));
#8664 = SURFACE_STYLE_FILL_AREA(#8665);
#8665 = FILL_AREA_STYLE('',(#8666));
#8666 = FILL_AREA_STYLE_COLOUR('',#7958);
ENDSEC;
END-ISO-10303-21;
